-- MySQL dump 10.11
--
-- Host: localhost    Database: caribe
-- ------------------------------------------------------
-- Server version	5.0.91-log

/*!40101 SET @OLD_CHARACTER_SET_CLIENT=@@CHARACTER_SET_CLIENT */;
/*!40101 SET @OLD_CHARACTER_SET_RESULTS=@@CHARACTER_SET_RESULTS */;
/*!40101 SET @OLD_COLLATION_CONNECTION=@@COLLATION_CONNECTION */;
/*!40101 SET NAMES utf8 */;
/*!40103 SET @OLD_TIME_ZONE=@@TIME_ZONE */;
/*!40103 SET TIME_ZONE='+00:00' */;
/*!40014 SET @OLD_UNIQUE_CHECKS=@@UNIQUE_CHECKS, UNIQUE_CHECKS=0 */;
/*!40014 SET @OLD_FOREIGN_KEY_CHECKS=@@FOREIGN_KEY_CHECKS, FOREIGN_KEY_CHECKS=0 */;
/*!40101 SET @OLD_SQL_MODE=@@SQL_MODE, SQL_MODE='NO_AUTO_VALUE_ON_ZERO' */;
/*!40111 SET @OLD_SQL_NOTES=@@SQL_NOTES, SQL_NOTES=0 */;

--
-- Table structure for table `app_plugins_plugin`
--

DROP TABLE IF EXISTS `app_plugins_plugin`;
/*!40101 SET @saved_cs_client     = @@character_set_client */;
/*!40101 SET character_set_client = utf8 */;
CREATE TABLE `app_plugins_plugin` (
  `id` int(11) NOT NULL auto_increment,
  `point_id` int(11) NOT NULL,
  `label` varchar(255) NOT NULL,
  `index` int(11) NOT NULL,
  `registered` tinyint(1) NOT NULL,
  `status` smallint(6) NOT NULL,
  `required` tinyint(1) NOT NULL,
  `template` longtext NOT NULL,
  `_order` int(11) NOT NULL,
  PRIMARY KEY  (`id`),
  UNIQUE KEY `label` (`label`),
  KEY `app_plugins_plugin_61a58e2f` (`point_id`)
) ENGINE=MyISAM DEFAULT CHARSET=utf8;
/*!40101 SET character_set_client = @saved_cs_client */;

--
-- Dumping data for table `app_plugins_plugin`
--

LOCK TABLES `app_plugins_plugin` WRITE;
/*!40000 ALTER TABLE `app_plugins_plugin` DISABLE KEYS */;
/*!40000 ALTER TABLE `app_plugins_plugin` ENABLE KEYS */;
UNLOCK TABLES;

--
-- Table structure for table `app_plugins_pluginpoint`
--

DROP TABLE IF EXISTS `app_plugins_pluginpoint`;
/*!40101 SET @saved_cs_client     = @@character_set_client */;
/*!40101 SET character_set_client = utf8 */;
CREATE TABLE `app_plugins_pluginpoint` (
  `id` int(11) NOT NULL auto_increment,
  `label` varchar(255) NOT NULL,
  `index` int(11) NOT NULL,
  `registered` tinyint(1) NOT NULL,
  `status` smallint(6) NOT NULL,
  PRIMARY KEY  (`id`),
  UNIQUE KEY `label` (`label`)
) ENGINE=MyISAM DEFAULT CHARSET=utf8;
/*!40101 SET character_set_client = @saved_cs_client */;

--
-- Dumping data for table `app_plugins_pluginpoint`
--

LOCK TABLES `app_plugins_pluginpoint` WRITE;
/*!40000 ALTER TABLE `app_plugins_pluginpoint` DISABLE KEYS */;
/*!40000 ALTER TABLE `app_plugins_pluginpoint` ENABLE KEYS */;
UNLOCK TABLES;

--
-- Table structure for table `app_plugins_userpluginpreference`
--

DROP TABLE IF EXISTS `app_plugins_userpluginpreference`;
/*!40101 SET @saved_cs_client     = @@character_set_client */;
/*!40101 SET character_set_client = utf8 */;
CREATE TABLE `app_plugins_userpluginpreference` (
  `id` int(11) NOT NULL auto_increment,
  `user_id` int(11) NOT NULL,
  `plugin_id` int(11) NOT NULL,
  `visible` tinyint(1) NOT NULL,
  `index` int(11) NOT NULL,
  `_order` int(11) NOT NULL,
  PRIMARY KEY  (`id`),
  UNIQUE KEY `user_id` (`user_id`,`plugin_id`),
  KEY `app_plugins_userpluginpreference_403f60f` (`user_id`),
  KEY `app_plugins_userpluginpreference_2857ccbf` (`plugin_id`)
) ENGINE=MyISAM DEFAULT CHARSET=utf8;
/*!40101 SET character_set_client = @saved_cs_client */;

--
-- Dumping data for table `app_plugins_userpluginpreference`
--

LOCK TABLES `app_plugins_userpluginpreference` WRITE;
/*!40000 ALTER TABLE `app_plugins_userpluginpreference` DISABLE KEYS */;
/*!40000 ALTER TABLE `app_plugins_userpluginpreference` ENABLE KEYS */;
UNLOCK TABLES;

--
-- Table structure for table `area_taxrate`
--

DROP TABLE IF EXISTS `area_taxrate`;
/*!40101 SET @saved_cs_client     = @@character_set_client */;
/*!40101 SET character_set_client = utf8 */;
CREATE TABLE `area_taxrate` (
  `id` int(11) NOT NULL auto_increment,
  `taxClass_id` int(11) NOT NULL,
  `taxZone_id` int(11) default NULL,
  `taxCountry_id` int(11) default NULL,
  `percentage` decimal(7,6) NOT NULL,
  PRIMARY KEY  (`id`),
  KEY `area_taxrate_21ec4f69` (`taxClass_id`),
  KEY `area_taxrate_1a7b2a7e` (`taxZone_id`),
  KEY `area_taxrate_15e55885` (`taxCountry_id`)
) ENGINE=MyISAM DEFAULT CHARSET=utf8;
/*!40101 SET character_set_client = @saved_cs_client */;

--
-- Dumping data for table `area_taxrate`
--

LOCK TABLES `area_taxrate` WRITE;
/*!40000 ALTER TABLE `area_taxrate` DISABLE KEYS */;
/*!40000 ALTER TABLE `area_taxrate` ENABLE KEYS */;
UNLOCK TABLES;

--
-- Table structure for table `auth_group`
--

DROP TABLE IF EXISTS `auth_group`;
/*!40101 SET @saved_cs_client     = @@character_set_client */;
/*!40101 SET character_set_client = utf8 */;
CREATE TABLE `auth_group` (
  `id` int(11) NOT NULL auto_increment,
  `name` varchar(80) NOT NULL,
  PRIMARY KEY  (`id`),
  UNIQUE KEY `name` (`name`)
) ENGINE=MyISAM DEFAULT CHARSET=utf8;
/*!40101 SET character_set_client = @saved_cs_client */;

--
-- Dumping data for table `auth_group`
--

LOCK TABLES `auth_group` WRITE;
/*!40000 ALTER TABLE `auth_group` DISABLE KEYS */;
/*!40000 ALTER TABLE `auth_group` ENABLE KEYS */;
UNLOCK TABLES;

--
-- Table structure for table `auth_group_permissions`
--

DROP TABLE IF EXISTS `auth_group_permissions`;
/*!40101 SET @saved_cs_client     = @@character_set_client */;
/*!40101 SET character_set_client = utf8 */;
CREATE TABLE `auth_group_permissions` (
  `id` int(11) NOT NULL auto_increment,
  `group_id` int(11) NOT NULL,
  `permission_id` int(11) NOT NULL,
  PRIMARY KEY  (`id`),
  UNIQUE KEY `group_id` (`group_id`,`permission_id`),
  KEY `auth_group_permissions_425ae3c4` (`group_id`),
  KEY `auth_group_permissions_1e014c8f` (`permission_id`)
) ENGINE=MyISAM DEFAULT CHARSET=utf8;
/*!40101 SET character_set_client = @saved_cs_client */;

--
-- Dumping data for table `auth_group_permissions`
--

LOCK TABLES `auth_group_permissions` WRITE;
/*!40000 ALTER TABLE `auth_group_permissions` DISABLE KEYS */;
/*!40000 ALTER TABLE `auth_group_permissions` ENABLE KEYS */;
UNLOCK TABLES;

--
-- Table structure for table `auth_message`
--

DROP TABLE IF EXISTS `auth_message`;
/*!40101 SET @saved_cs_client     = @@character_set_client */;
/*!40101 SET character_set_client = utf8 */;
CREATE TABLE `auth_message` (
  `id` int(11) NOT NULL auto_increment,
  `user_id` int(11) NOT NULL,
  `message` longtext NOT NULL,
  PRIMARY KEY  (`id`),
  KEY `auth_message_403f60f` (`user_id`)
) ENGINE=MyISAM AUTO_INCREMENT=40 DEFAULT CHARSET=utf8;
/*!40101 SET character_set_client = @saved_cs_client */;

--
-- Dumping data for table `auth_message`
--

LOCK TABLES `auth_message` WRITE;
/*!40000 ALTER TABLE `auth_message` DISABLE KEYS */;
/*!40000 ALTER TABLE `auth_message` ENABLE KEYS */;
UNLOCK TABLES;

--
-- Table structure for table `auth_permission`
--

DROP TABLE IF EXISTS `auth_permission`;
/*!40101 SET @saved_cs_client     = @@character_set_client */;
/*!40101 SET character_set_client = utf8 */;
CREATE TABLE `auth_permission` (
  `id` int(11) NOT NULL auto_increment,
  `name` varchar(50) NOT NULL,
  `content_type_id` int(11) NOT NULL,
  `codename` varchar(100) NOT NULL,
  PRIMARY KEY  (`id`),
  UNIQUE KEY `content_type_id` (`content_type_id`,`codename`),
  KEY `auth_permission_1bb8f392` (`content_type_id`)
) ENGINE=MyISAM AUTO_INCREMENT=260 DEFAULT CHARSET=utf8;
/*!40101 SET character_set_client = @saved_cs_client */;

--
-- Dumping data for table `auth_permission`
--

LOCK TABLES `auth_permission` WRITE;
/*!40000 ALTER TABLE `auth_permission` DISABLE KEYS */;
INSERT INTO `auth_permission` VALUES (1,'Can add site',1,'add_site'),(2,'Can change site',1,'change_site'),(3,'Can delete site',1,'delete_site'),(4,'Can add Store Configuration',2,'add_config'),(5,'Can change Store Configuration',2,'change_config'),(6,'Can delete Store Configuration',2,'delete_config'),(7,'Can add Shopping Cart',3,'add_cart'),(8,'Can change Shopping Cart',3,'change_cart'),(9,'Can delete Shopping Cart',3,'delete_cart'),(10,'Can add Cart Item',4,'add_cartitem'),(11,'Can change Cart Item',4,'change_cartitem'),(12,'Can delete Cart Item',4,'delete_cartitem'),(13,'Can add Cart Item Detail',5,'add_cartitemdetails'),(14,'Can change Cart Item Detail',5,'change_cartitemdetails'),(15,'Can delete Cart Item Detail',5,'delete_cartitemdetails'),(16,'Can add Order variable',6,'add_ordervariable'),(17,'Can change Order variable',6,'change_ordervariable'),(18,'Can delete Order variable',6,'delete_ordervariable'),(19,'Can add Product Order',7,'add_order'),(20,'Can change Product Order',7,'change_order'),(21,'Can delete Product Order',7,'delete_order'),(22,'Can add Order Line Item',8,'add_orderitem'),(23,'Can change Order Line Item',8,'change_orderitem'),(24,'Can delete Order Line Item',8,'delete_orderitem'),(25,'Can add Order Item Detail',9,'add_orderitemdetail'),(26,'Can change Order Item Detail',9,'change_orderitemdetail'),(27,'Can delete Order Item Detail',9,'delete_orderitemdetail'),(28,'Can add Order Status',10,'add_orderstatus'),(29,'Can change Order Status',10,'change_orderstatus'),(30,'Can delete Order Status',10,'delete_orderstatus'),(31,'Can add Order Payment Authorization',11,'add_orderauthorization'),(32,'Can change Order Payment Authorization',11,'change_orderauthorization'),(33,'Can delete Order Payment Authorization',11,'delete_orderauthorization'),(34,'Can add Order Payment',12,'add_orderpayment'),(35,'Can change Order Payment',12,'change_orderpayment'),(36,'Can delete Order Payment',12,'delete_orderpayment'),(37,'Can add Order Pending Payment',13,'add_orderpendingpayment'),(38,'Can change Order Pending Payment',13,'change_orderpendingpayment'),(39,'Can delete Order Pending Payment',13,'delete_orderpendingpayment'),(40,'Can add order payment failure',14,'add_orderpaymentfailure'),(41,'Can change order payment failure',14,'change_orderpaymentfailure'),(42,'Can delete order payment failure',14,'delete_orderpaymentfailure'),(43,'Can add Order tax detail',15,'add_ordertaxdetail'),(44,'Can change Order tax detail',15,'change_ordertaxdetail'),(45,'Can delete Order tax detail',15,'delete_ordertaxdetail'),(46,'Can add log entry',16,'add_logentry'),(47,'Can change log entry',16,'change_logentry'),(48,'Can delete log entry',16,'delete_logentry'),(49,'Can add permission',17,'add_permission'),(50,'Can change permission',17,'change_permission'),(51,'Can delete permission',17,'delete_permission'),(52,'Can add group',18,'add_group'),(53,'Can change group',18,'change_group'),(54,'Can delete group',18,'delete_group'),(55,'Can add user',19,'add_user'),(56,'Can change user',19,'change_user'),(57,'Can delete user',19,'delete_user'),(58,'Can add message',20,'add_message'),(59,'Can change message',20,'change_message'),(60,'Can delete message',20,'delete_message'),(61,'Can add content type',21,'add_contenttype'),(62,'Can change content type',21,'change_contenttype'),(63,'Can delete content type',21,'delete_contenttype'),(64,'Can add comment',22,'add_comment'),(65,'Can change comment',22,'change_comment'),(66,'Can delete comment',22,'delete_comment'),(67,'Can moderate comments',22,'can_moderate'),(68,'Can add comment flag',23,'add_commentflag'),(69,'Can change comment flag',23,'change_commentflag'),(70,'Can delete comment flag',23,'delete_commentflag'),(71,'Can add session',24,'add_session'),(72,'Can change session',24,'change_session'),(73,'Can delete session',24,'delete_session'),(74,'Can add registration profile',25,'add_registrationprofile'),(75,'Can change registration profile',25,'change_registrationprofile'),(76,'Can delete registration profile',25,'delete_registrationprofile'),(77,'Can add setting',26,'add_setting'),(78,'Can change setting',26,'change_setting'),(79,'Can delete setting',26,'delete_setting'),(80,'Can add long setting',27,'add_longsetting'),(81,'Can change long setting',27,'change_longsetting'),(82,'Can delete long setting',27,'delete_longsetting'),(83,'Can add Country',28,'add_country'),(84,'Can change Country',28,'change_country'),(85,'Can delete Country',28,'delete_country'),(86,'Can add Administrative Area',29,'add_adminarea'),(87,'Can change Administrative Area',29,'change_adminarea'),(88,'Can delete Administrative Area',29,'delete_adminarea'),(89,'Can add contact role',30,'add_contactrole'),(90,'Can change contact role',30,'change_contactrole'),(91,'Can delete contact role',30,'delete_contactrole'),(92,'Can add Contact organization type',31,'add_contactorganization'),(93,'Can change Contact organization type',31,'change_contactorganization'),(94,'Can delete Contact organization type',31,'delete_contactorganization'),(95,'Can add contact organization role',32,'add_contactorganizationrole'),(96,'Can change contact organization role',32,'change_contactorganizationrole'),(97,'Can delete contact organization role',32,'delete_contactorganizationrole'),(98,'Can add contact interaction type',33,'add_contactinteractiontype'),(99,'Can change contact interaction type',33,'change_contactinteractiontype'),(100,'Can delete contact interaction type',33,'delete_contactinteractiontype'),(101,'Can add Organization',34,'add_organization'),(102,'Can change Organization',34,'change_organization'),(103,'Can delete Organization',34,'delete_organization'),(104,'Can add Contact',35,'add_contact'),(105,'Can change Contact',35,'change_contact'),(106,'Can delete Contact',35,'delete_contact'),(107,'Can add Interaction',36,'add_interaction'),(108,'Can change Interaction',36,'change_interaction'),(109,'Can delete Interaction',36,'delete_interaction'),(110,'Can add Phone Number',37,'add_phonenumber'),(111,'Can change Phone Number',37,'change_phonenumber'),(112,'Can delete Phone Number',37,'delete_phonenumber'),(113,'Can add Address Book',38,'add_addressbook'),(114,'Can change Address Book',38,'change_addressbook'),(115,'Can delete Address Book',38,'delete_addressbook'),(116,'Can add Tax Rate',39,'add_taxrate'),(117,'Can change Tax Rate',39,'change_taxrate'),(118,'Can delete Tax Rate',39,'delete_taxrate'),(119,'Can add Category',40,'add_category'),(120,'Can change Category',40,'change_category'),(121,'Can delete Category',40,'delete_category'),(122,'Can add Category Translation',41,'add_categorytranslation'),(123,'Can change Category Translation',41,'change_categorytranslation'),(124,'Can delete Category Translation',41,'delete_categorytranslation'),(125,'Can add Category Image',42,'add_categoryimage'),(126,'Can change Category Image',42,'change_categoryimage'),(127,'Can delete Category Image',42,'delete_categoryimage'),(128,'Can add Category Image Translation',43,'add_categoryimagetranslation'),(129,'Can change Category Image Translation',43,'change_categoryimagetranslation'),(130,'Can delete Category Image Translation',43,'delete_categoryimagetranslation'),(131,'Can add Discount',44,'add_discount'),(132,'Can change Discount',44,'change_discount'),(133,'Can delete Discount',44,'delete_discount'),(134,'Can add Option Group',45,'add_optiongroup'),(135,'Can change Option Group',45,'change_optiongroup'),(136,'Can delete Option Group',45,'delete_optiongroup'),(137,'Can add Option Group Translation',46,'add_optiongrouptranslation'),(138,'Can change Option Group Translation',46,'change_optiongrouptranslation'),(139,'Can delete Option Group Translation',46,'delete_optiongrouptranslation'),(140,'Can add Option Item',47,'add_option'),(141,'Can change Option Item',47,'change_option'),(142,'Can delete Option Item',47,'delete_option'),(143,'Can add Option Translation',48,'add_optiontranslation'),(144,'Can change Option Translation',48,'change_optiontranslation'),(145,'Can delete Option Translation',48,'delete_optiontranslation'),(146,'Can add Product',49,'add_product'),(147,'Can change Product',49,'change_product'),(148,'Can delete Product',49,'delete_product'),(149,'Can add Product Translation',50,'add_producttranslation'),(150,'Can change Product Translation',50,'change_producttranslation'),(151,'Can delete Product Translation',50,'delete_producttranslation'),(152,'Can add product price lookup',51,'add_productpricelookup'),(153,'Can change product price lookup',51,'change_productpricelookup'),(154,'Can delete product price lookup',51,'delete_productpricelookup'),(155,'Can add attribute option',52,'add_attributeoption'),(156,'Can change attribute option',52,'change_attributeoption'),(157,'Can delete attribute option',52,'delete_attributeoption'),(158,'Can add Product Attribute',53,'add_productattribute'),(159,'Can change Product Attribute',53,'change_productattribute'),(160,'Can delete Product Attribute',53,'delete_productattribute'),(161,'Can add Category Attribute',54,'add_categoryattribute'),(162,'Can change Category Attribute',54,'change_categoryattribute'),(163,'Can delete Category Attribute',54,'delete_categoryattribute'),(164,'Can add Price',55,'add_price'),(165,'Can change Price',55,'change_price'),(166,'Can delete Price',55,'delete_price'),(167,'Can add Product Image',56,'add_productimage'),(168,'Can change Product Image',56,'change_productimage'),(169,'Can delete Product Image',56,'delete_productimage'),(170,'Can add Product Image Translation',57,'add_productimagetranslation'),(171,'Can change Product Image Translation',57,'change_productimagetranslation'),(172,'Can delete Product Image Translation',57,'delete_productimagetranslation'),(173,'Can add Tax Class',58,'add_taxclass'),(174,'Can change Tax Class',58,'change_taxclass'),(175,'Can delete Tax Class',58,'delete_taxclass'),(176,'Can add Configurable Product',59,'add_configurableproduct'),(177,'Can change Configurable Product',59,'change_configurableproduct'),(178,'Can delete Configurable Product',59,'delete_configurableproduct'),(179,'Can add Product variation',60,'add_productvariation'),(180,'Can change Product variation',60,'change_productvariation'),(181,'Can delete Product variation',60,'delete_productvariation'),(182,'Can add Custom Product',61,'add_customproduct'),(183,'Can change Custom Product',61,'change_customproduct'),(184,'Can delete Custom Product',61,'delete_customproduct'),(185,'Can add custom text field',62,'add_customtextfield'),(186,'Can change custom text field',62,'change_customtextfield'),(187,'Can delete custom text field',62,'delete_customtextfield'),(188,'Can add CustomTextField Translation',63,'add_customtextfieldtranslation'),(189,'Can change CustomTextField Translation',63,'change_customtextfieldtranslation'),(190,'Can delete CustomTextField Translation',63,'delete_customtextfieldtranslation'),(191,'Can add Payment Option',64,'add_paymentoption'),(192,'Can change Payment Option',64,'change_paymentoption'),(193,'Can delete Payment Option',64,'delete_paymentoption'),(194,'Can add Credit Card',65,'add_creditcarddetail'),(195,'Can change Credit Card',65,'change_creditcarddetail'),(196,'Can delete Credit Card',65,'delete_creditcarddetail'),(197,'Can add plugin point',66,'add_pluginpoint'),(198,'Can change plugin point',66,'change_pluginpoint'),(199,'Can delete plugin point',66,'delete_pluginpoint'),(200,'Can add plugin',67,'add_plugin'),(201,'Can change plugin',67,'change_plugin'),(202,'Can delete plugin',67,'delete_plugin'),(203,'Can add user plugin preference',68,'add_userpluginpreference'),(204,'Can change user plugin preference',68,'change_userpluginpreference'),(205,'Can delete user plugin preference',68,'delete_userpluginpreference'),(206,'Can add kv store',69,'add_kvstore'),(207,'Can change kv store',69,'change_kvstore'),(208,'Can delete kv store',69,'delete_kvstore'),(209,'Can add migration history',70,'add_migrationhistory'),(210,'Can change migration history',70,'change_migrationhistory'),(211,'Can delete migration history',70,'delete_migrationhistory'),(212,'Can add subscription',71,'add_subscription'),(213,'Can change subscription',71,'change_subscription'),(214,'Can delete subscription',71,'delete_subscription'),(215,'Can add Subscription Attribute',72,'add_subscriptionattribute'),(216,'Can change Subscription Attribute',72,'change_subscriptionattribute'),(217,'Can delete Subscription Attribute',72,'delete_subscriptionattribute'),(218,'Can add news author',73,'add_newsauthor'),(219,'Can change news author',73,'change_newsauthor'),(220,'Can delete news author',73,'delete_newsauthor'),(221,'Can add news category',74,'add_newscategory'),(222,'Can change news category',74,'change_newscategory'),(223,'Can delete news category',74,'delete_newscategory'),(224,'Can add news item',75,'add_newsitem'),(225,'Can change news item',75,'change_newsitem'),(226,'Can delete news item',75,'delete_newsitem'),(227,'Can add article',76,'add_article'),(228,'Can change article',76,'change_article'),(229,'Can delete article',76,'delete_article'),(230,'Can add document',77,'add_document'),(231,'Can change document',77,'change_document'),(232,'Can delete document',77,'delete_document'),(233,'Can add section',78,'add_section'),(234,'Can change section',78,'change_section'),(235,'Can delete section',78,'delete_section'),(236,'Can add gallery',79,'add_gallery'),(237,'Can change gallery',79,'change_gallery'),(238,'Can delete gallery',79,'delete_gallery'),(239,'Can add gallery upload',80,'add_galleryupload'),(240,'Can change gallery upload',80,'change_galleryupload'),(241,'Can delete gallery upload',80,'delete_galleryupload'),(242,'Can add photo',81,'add_photo'),(243,'Can change photo',81,'change_photo'),(244,'Can delete photo',81,'delete_photo'),(245,'Can add photo effect',82,'add_photoeffect'),(246,'Can change photo effect',82,'change_photoeffect'),(247,'Can delete photo effect',82,'delete_photoeffect'),(248,'Can add watermark',83,'add_watermark'),(249,'Can change watermark',83,'change_watermark'),(250,'Can delete watermark',83,'delete_watermark'),(251,'Can add photo size',84,'add_photosize'),(252,'Can change photo size',84,'change_photosize'),(253,'Can delete photo size',84,'delete_photosize'),(254,'Can add tag',85,'add_tag'),(255,'Can change tag',85,'change_tag'),(256,'Can delete tag',85,'delete_tag'),(257,'Can add tagged item',86,'add_taggeditem'),(258,'Can change tagged item',86,'change_taggeditem'),(259,'Can delete tagged item',86,'delete_taggeditem');
/*!40000 ALTER TABLE `auth_permission` ENABLE KEYS */;
UNLOCK TABLES;

--
-- Table structure for table `auth_user`
--

DROP TABLE IF EXISTS `auth_user`;
/*!40101 SET @saved_cs_client     = @@character_set_client */;
/*!40101 SET character_set_client = utf8 */;
CREATE TABLE `auth_user` (
  `id` int(11) NOT NULL auto_increment,
  `username` varchar(30) NOT NULL,
  `first_name` varchar(30) NOT NULL,
  `last_name` varchar(30) NOT NULL,
  `email` varchar(75) NOT NULL,
  `password` varchar(128) NOT NULL,
  `is_staff` tinyint(1) NOT NULL,
  `is_active` tinyint(1) NOT NULL,
  `is_superuser` tinyint(1) NOT NULL,
  `last_login` datetime NOT NULL,
  `date_joined` datetime NOT NULL,
  PRIMARY KEY  (`id`),
  UNIQUE KEY `username` (`username`)
) ENGINE=MyISAM AUTO_INCREMENT=7 DEFAULT CHARSET=utf8;
/*!40101 SET character_set_client = @saved_cs_client */;

--
-- Dumping data for table `auth_user`
--

LOCK TABLES `auth_user` WRITE;
/*!40000 ALTER TABLE `auth_user` DISABLE KEYS */;
INSERT INTO `auth_user` VALUES (1,'admin','Кирил','Владимиров','kiril@magicbg.com','sha1$13fe6$045fc3c1d02ae3d97bff48db219b331e01b55564',1,1,1,'2011-12-07 13:38:39','2011-11-14 16:49:52'),(2,'csmith','Chris','Smith','chris@aol.com','sha1$c735d$d4c7cfe9e609e20207221aca6036c08137518c4d',0,1,0,'2011-10-28 01:01:32','2011-10-28 01:01:32'),(3,'petar','Петър','Петков','petar@magicbg.com','sha1$d4723$525afeafd6712d21e92ee09c98b16e2ce9e312d6',0,1,0,'2011-12-05 09:46:04','2011-12-02 16:01:18'),(4,'kiril','Кирил','Владимиров','k.iril@magicbg.com','sha1$170b0$5454d9f88f3a569fc6c93847015b523c04ca1873',0,1,0,'2011-12-02 17:05:04','2011-12-02 17:05:04'),(5,'petar_magicsolutions_bg','Петър','Петков','petar@magicsolutions.bg','sha1$0b8b0$1da0a75f649a784ef3f4ae2f26c6d54c2f59958c',0,1,0,'2011-12-06 17:21:59','2011-12-06 17:21:59'),(6,'d_slavov','Danail','Slavov','d_slavov@kaliman.bg','sha1$22e89$4de6e19730f33508c8f9b9269dc6ce396458d973',0,1,0,'2011-12-07 10:26:06','2011-12-07 10:26:06');
/*!40000 ALTER TABLE `auth_user` ENABLE KEYS */;
UNLOCK TABLES;

--
-- Table structure for table `auth_user_groups`
--

DROP TABLE IF EXISTS `auth_user_groups`;
/*!40101 SET @saved_cs_client     = @@character_set_client */;
/*!40101 SET character_set_client = utf8 */;
CREATE TABLE `auth_user_groups` (
  `id` int(11) NOT NULL auto_increment,
  `user_id` int(11) NOT NULL,
  `group_id` int(11) NOT NULL,
  PRIMARY KEY  (`id`),
  UNIQUE KEY `user_id` (`user_id`,`group_id`),
  KEY `auth_user_groups_403f60f` (`user_id`),
  KEY `auth_user_groups_425ae3c4` (`group_id`)
) ENGINE=MyISAM DEFAULT CHARSET=utf8;
/*!40101 SET character_set_client = @saved_cs_client */;

--
-- Dumping data for table `auth_user_groups`
--

LOCK TABLES `auth_user_groups` WRITE;
/*!40000 ALTER TABLE `auth_user_groups` DISABLE KEYS */;
/*!40000 ALTER TABLE `auth_user_groups` ENABLE KEYS */;
UNLOCK TABLES;

--
-- Table structure for table `auth_user_user_permissions`
--

DROP TABLE IF EXISTS `auth_user_user_permissions`;
/*!40101 SET @saved_cs_client     = @@character_set_client */;
/*!40101 SET character_set_client = utf8 */;
CREATE TABLE `auth_user_user_permissions` (
  `id` int(11) NOT NULL auto_increment,
  `user_id` int(11) NOT NULL,
  `permission_id` int(11) NOT NULL,
  PRIMARY KEY  (`id`),
  UNIQUE KEY `user_id` (`user_id`,`permission_id`),
  KEY `auth_user_user_permissions_403f60f` (`user_id`),
  KEY `auth_user_user_permissions_1e014c8f` (`permission_id`)
) ENGINE=MyISAM DEFAULT CHARSET=utf8;
/*!40101 SET character_set_client = @saved_cs_client */;

--
-- Dumping data for table `auth_user_user_permissions`
--

LOCK TABLES `auth_user_user_permissions` WRITE;
/*!40000 ALTER TABLE `auth_user_user_permissions` DISABLE KEYS */;
/*!40000 ALTER TABLE `auth_user_user_permissions` ENABLE KEYS */;
UNLOCK TABLES;

--
-- Table structure for table `configurable_configurableproduct`
--

DROP TABLE IF EXISTS `configurable_configurableproduct`;
/*!40101 SET @saved_cs_client     = @@character_set_client */;
/*!40101 SET character_set_client = utf8 */;
CREATE TABLE `configurable_configurableproduct` (
  `product_id` int(11) NOT NULL,
  `create_subs` tinyint(1) NOT NULL,
  PRIMARY KEY  (`product_id`)
) ENGINE=MyISAM DEFAULT CHARSET=utf8;
/*!40101 SET character_set_client = @saved_cs_client */;

--
-- Dumping data for table `configurable_configurableproduct`
--

LOCK TABLES `configurable_configurableproduct` WRITE;
/*!40000 ALTER TABLE `configurable_configurableproduct` DISABLE KEYS */;
INSERT INTO `configurable_configurableproduct` VALUES (19,1),(5,1),(6,1),(7,1),(8,1),(29,1),(28,1),(26,1),(27,1),(24,0),(25,1),(20,1),(21,1),(22,1),(23,1),(30,1),(38,1),(39,1),(32,1),(34,1),(33,1),(44,1),(43,1),(40,1),(42,1),(47,1),(48,1),(49,1),(54,1),(58,1),(60,1),(61,1),(59,1),(67,1),(71,1),(93,1),(95,1),(236,1),(10,1);
/*!40000 ALTER TABLE `configurable_configurableproduct` ENABLE KEYS */;
UNLOCK TABLES;

--
-- Table structure for table `configurable_configurableproduct_option_group`
--

DROP TABLE IF EXISTS `configurable_configurableproduct_option_group`;
/*!40101 SET @saved_cs_client     = @@character_set_client */;
/*!40101 SET character_set_client = utf8 */;
CREATE TABLE `configurable_configurableproduct_option_group` (
  `id` int(11) NOT NULL auto_increment,
  `configurableproduct_id` int(11) NOT NULL,
  `optiongroup_id` int(11) NOT NULL,
  PRIMARY KEY  (`id`),
  UNIQUE KEY `configurableproduct_id` (`configurableproduct_id`,`optiongroup_id`),
  KEY `configurable_configurableproduct_option_group_21c384bb` (`configurableproduct_id`),
  KEY `configurable_configurableproduct_option_group_2d4ce28b` (`optiongroup_id`)
) ENGINE=MyISAM AUTO_INCREMENT=62 DEFAULT CHARSET=utf8;
/*!40101 SET character_set_client = @saved_cs_client */;

--
-- Dumping data for table `configurable_configurableproduct_option_group`
--

LOCK TABLES `configurable_configurableproduct_option_group` WRITE;
/*!40000 ALTER TABLE `configurable_configurableproduct_option_group` DISABLE KEYS */;
INSERT INTO `configurable_configurableproduct_option_group` VALUES (23,5,1),(24,19,1),(25,6,1),(26,7,1),(27,8,1),(28,29,1),(29,28,1),(30,26,1),(31,27,1),(33,24,1),(34,25,1),(35,20,1),(36,21,1),(37,22,1),(38,23,1),(39,30,1),(40,38,1),(41,39,1),(42,32,1),(43,34,1),(44,33,1),(45,44,1),(46,43,1),(47,40,1),(48,42,1),(49,47,1),(50,48,1),(51,49,1),(52,54,1),(53,58,1),(54,60,1),(55,61,1),(56,59,1),(57,67,1),(58,71,1),(59,93,1),(60,95,1),(61,10,1);
/*!40000 ALTER TABLE `configurable_configurableproduct_option_group` ENABLE KEYS */;
UNLOCK TABLES;

--
-- Table structure for table `configurable_productvariation`
--

DROP TABLE IF EXISTS `configurable_productvariation`;
/*!40101 SET @saved_cs_client     = @@character_set_client */;
/*!40101 SET character_set_client = utf8 */;
CREATE TABLE `configurable_productvariation` (
  `product_id` int(11) NOT NULL,
  `parent_id` int(11) NOT NULL,
  PRIMARY KEY  (`product_id`),
  KEY `configurable_productvariation_63f17a16` (`parent_id`)
) ENGINE=MyISAM DEFAULT CHARSET=utf8;
/*!40101 SET character_set_client = @saved_cs_client */;

--
-- Dumping data for table `configurable_productvariation`
--

LOCK TABLES `configurable_productvariation` WRITE;
/*!40000 ALTER TABLE `configurable_productvariation` DISABLE KEYS */;
INSERT INTO `configurable_productvariation` VALUES (231,6),(230,19),(228,5),(229,19),(227,5),(226,5),(232,6),(233,7),(234,7),(235,7),(236,8),(237,8),(238,8),(239,29),(240,29),(241,28),(242,28),(243,26),(244,26),(245,27),(246,27),(257,20),(256,20),(255,25),(250,24),(254,25),(252,24),(253,24),(258,21),(259,21),(260,21),(261,22),(262,22),(263,22),(264,23),(265,23),(266,30),(267,30),(268,30),(269,38),(270,38),(271,39),(272,39),(273,39),(274,32),(275,32),(276,34),(277,34),(278,34),(279,33),(280,33),(281,33),(282,44),(283,44),(284,43),(285,43),(286,43),(287,40),(288,40),(289,42),(290,42),(291,47),(292,47),(293,48),(294,48),(295,49),(296,49),(297,54),(298,54),(299,58),(300,58),(301,60),(302,60),(303,61),(304,61),(305,59),(306,59),(307,67),(308,67),(309,71),(310,71),(311,93),(312,93),(313,93),(314,95),(315,95),(316,10);
/*!40000 ALTER TABLE `configurable_productvariation` ENABLE KEYS */;
UNLOCK TABLES;

--
-- Table structure for table `configurable_productvariation_options`
--

DROP TABLE IF EXISTS `configurable_productvariation_options`;
/*!40101 SET @saved_cs_client     = @@character_set_client */;
/*!40101 SET character_set_client = utf8 */;
CREATE TABLE `configurable_productvariation_options` (
  `id` int(11) NOT NULL auto_increment,
  `productvariation_id` int(11) NOT NULL,
  `option_id` int(11) NOT NULL,
  PRIMARY KEY  (`id`),
  UNIQUE KEY `productvariation_id` (`productvariation_id`,`option_id`),
  KEY `configurable_productvariation_options_7a469d48` (`productvariation_id`),
  KEY `configurable_productvariation_options_2f3b0dc9` (`option_id`)
) ENGINE=MyISAM AUTO_INCREMENT=167 DEFAULT CHARSET=utf8;
/*!40101 SET character_set_client = @saved_cs_client */;

--
-- Dumping data for table `configurable_productvariation_options`
--

LOCK TABLES `configurable_productvariation_options` WRITE;
/*!40000 ALTER TABLE `configurable_productvariation_options` DISABLE KEYS */;
INSERT INTO `configurable_productvariation_options` VALUES (66,227,1),(63,226,12),(16,1,2),(15,1,1),(62,5,12),(61,5,2),(80,233,16),(79,7,12),(78,7,1),(77,7,16),(73,6,15),(72,230,2),(75,232,2),(74,231,1),(71,229,15),(69,19,2),(70,19,15),(65,228,2),(60,5,1),(81,234,12),(82,235,1),(83,8,1),(84,8,2),(85,8,12),(86,236,12),(87,237,1),(88,238,2),(89,239,17),(90,240,1),(91,241,17),(92,242,1),(93,243,17),(94,244,1),(95,245,17),(96,246,1),(107,257,15),(106,256,18),(105,255,1),(100,250,15),(104,254,18),(102,252,1),(103,253,2),(108,258,18),(109,259,15),(110,260,12),(111,261,18),(112,262,15),(113,263,12),(114,264,12),(115,265,2),(116,266,18),(117,267,15),(118,268,2),(119,269,18),(120,270,2),(121,271,18),(122,272,15),(123,273,2),(124,274,18),(125,275,15),(126,276,18),(127,277,15),(128,278,2),(129,279,15),(130,280,12),(131,281,2),(132,282,18),(133,283,1),(134,284,18),(135,285,15),(136,286,1),(137,287,19),(138,288,1),(139,289,18),(140,290,2),(141,291,18),(142,292,1),(143,293,15),(144,294,2),(145,295,15),(146,296,2),(147,297,18),(148,298,1),(149,299,20),(150,300,21),(151,301,20),(152,302,15),(153,303,20),(154,304,21),(155,305,20),(156,306,12),(157,307,12),(158,308,2),(159,309,12),(160,310,2),(161,311,22),(162,312,12),(163,313,2),(164,314,17),(165,315,12),(166,316,15);
/*!40000 ALTER TABLE `configurable_productvariation_options` ENABLE KEYS */;
UNLOCK TABLES;

--
-- Table structure for table `contact_addressbook`
--

DROP TABLE IF EXISTS `contact_addressbook`;
/*!40101 SET @saved_cs_client     = @@character_set_client */;
/*!40101 SET character_set_client = utf8 */;
CREATE TABLE `contact_addressbook` (
  `id` int(11) NOT NULL auto_increment,
  `contact_id` int(11) NOT NULL,
  `description` varchar(20) NOT NULL,
  `addressee` varchar(80) NOT NULL,
  `street1` varchar(80) NOT NULL,
  `street2` varchar(80) NOT NULL,
  `state` varchar(50) NOT NULL,
  `city` varchar(50) NOT NULL,
  `postal_code` varchar(30) NOT NULL,
  `country_id` int(11) NOT NULL,
  `is_default_shipping` tinyint(1) NOT NULL,
  `is_default_billing` tinyint(1) NOT NULL,
  PRIMARY KEY  (`id`),
  KEY `contact_addressbook_170b8823` (`contact_id`),
  KEY `contact_addressbook_534dd89` (`country_id`)
) ENGINE=MyISAM AUTO_INCREMENT=11 DEFAULT CHARSET=utf8;
/*!40101 SET character_set_client = @saved_cs_client */;

--
-- Dumping data for table `contact_addressbook`
--

LOCK TABLES `contact_addressbook` WRITE;
/*!40000 ALTER TABLE `contact_addressbook` DISABLE KEYS */;
INSERT INTO `contact_addressbook` VALUES (1,1,'Home','','8235 Pike Street','','TN','Anywhere Town','38138',231,1,1),(2,2,'Work','','1245 Main Street','','MN','Stillwater','55082',231,1,1),(3,3,'Mailing address','','Receiving Dept','918 Funky Town St','NJ','Fishkill','19010',231,1,1),(4,4,'','Petar  Petkov','4, Trapezitsa st','','София','Sofia','1000',34,1,1),(5,5,'','Петър Петков','Трапезица 4','','','София','1000',34,0,1),(6,5,'','Петър Петков','Трапезица 4','','','София','1000',34,1,0),(7,7,'','Кирил Владимиров','Трапезица 4','','','София','1000',34,0,1),(8,7,'','Кирил Владимиров','','','','','',34,1,0),(9,9,'','dfs sfsf','dfs','','','sf','dsf',34,0,1),(10,9,'','dfs sfsf','','','','','',34,1,0);
/*!40000 ALTER TABLE `contact_addressbook` ENABLE KEYS */;
UNLOCK TABLES;

--
-- Table structure for table `contact_contact`
--

DROP TABLE IF EXISTS `contact_contact`;
/*!40101 SET @saved_cs_client     = @@character_set_client */;
/*!40101 SET character_set_client = utf8 */;
CREATE TABLE `contact_contact` (
  `id` int(11) NOT NULL auto_increment,
  `title` varchar(30) default NULL,
  `first_name` varchar(30) NOT NULL,
  `last_name` varchar(30) NOT NULL,
  `user_id` int(11) default NULL,
  `role_id` varchar(30) default NULL,
  `organization_id` int(11) default NULL,
  `dob` date default NULL,
  `email` varchar(75) NOT NULL,
  `notes` longtext NOT NULL,
  `create_date` date NOT NULL,
  PRIMARY KEY  (`id`),
  UNIQUE KEY `user_id` (`user_id`),
  KEY `contact_contact_40f80fc0` (`role_id`),
  KEY `contact_contact_68283273` (`organization_id`)
) ENGINE=MyISAM AUTO_INCREMENT=11 DEFAULT CHARSET=utf8;
/*!40101 SET character_set_client = @saved_cs_client */;

--
-- Dumping data for table `contact_contact`
--

LOCK TABLES `contact_contact` WRITE;
/*!40000 ALTER TABLE `contact_contact` DISABLE KEYS */;
INSERT INTO `contact_contact` VALUES (1,NULL,'Chris','Smith',2,'Customer',NULL,NULL,'chris@aol.com','Really cool stuff','2011-10-28'),(2,NULL,'John','Smith',NULL,'Customer',NULL,NULL,'abc@comcast.com','Second user','2011-10-28'),(3,NULL,'Fred','Jones',NULL,'Supplier',1,NULL,'fj@rr.com','','2011-10-28'),(4,'','Petar ','Petkov',NULL,'Customer',NULL,NULL,'petar@magicbg.com','','2011-10-31'),(5,'','Петър','Петков',3,'Customer',NULL,NULL,'petar@magicbg.com','','2011-12-02'),(6,'','Кирил','Владимиров',4,'Customer',NULL,NULL,'k.iril@magicbg.com','','2011-12-02'),(7,'','Кирил','Владимиров',1,'Customer',NULL,NULL,'kiril@magicbg.com','','2011-12-05'),(8,'','Петър','Петков',5,'Customer',NULL,NULL,'petar@magicsolutions.bg','','2011-12-06'),(9,'','dfs','sfsf',NULL,'Customer',NULL,NULL,'dfsf@gmail.com','','2011-12-06'),(10,'','Danail','Slavov',6,'Customer',NULL,NULL,'d_slavov@kaliman.bg','','2011-12-07');
/*!40000 ALTER TABLE `contact_contact` ENABLE KEYS */;
UNLOCK TABLES;

--
-- Table structure for table `contact_contactinteractiontype`
--

DROP TABLE IF EXISTS `contact_contactinteractiontype`;
/*!40101 SET @saved_cs_client     = @@character_set_client */;
/*!40101 SET character_set_client = utf8 */;
CREATE TABLE `contact_contactinteractiontype` (
  `key` varchar(30) NOT NULL,
  `name` varchar(40) NOT NULL,
  PRIMARY KEY  (`key`)
) ENGINE=MyISAM DEFAULT CHARSET=utf8;
/*!40101 SET character_set_client = @saved_cs_client */;

--
-- Dumping data for table `contact_contactinteractiontype`
--

LOCK TABLES `contact_contactinteractiontype` WRITE;
/*!40000 ALTER TABLE `contact_contactinteractiontype` DISABLE KEYS */;
INSERT INTO `contact_contactinteractiontype` VALUES ('Email','Email'),('Phone','Phone'),('In Person','In Person');
/*!40000 ALTER TABLE `contact_contactinteractiontype` ENABLE KEYS */;
UNLOCK TABLES;

--
-- Table structure for table `contact_contactorganization`
--

DROP TABLE IF EXISTS `contact_contactorganization`;
/*!40101 SET @saved_cs_client     = @@character_set_client */;
/*!40101 SET character_set_client = utf8 */;
CREATE TABLE `contact_contactorganization` (
  `key` varchar(30) NOT NULL,
  `name` varchar(40) NOT NULL,
  PRIMARY KEY  (`key`)
) ENGINE=MyISAM DEFAULT CHARSET=utf8;
/*!40101 SET character_set_client = @saved_cs_client */;

--
-- Dumping data for table `contact_contactorganization`
--

LOCK TABLES `contact_contactorganization` WRITE;
/*!40000 ALTER TABLE `contact_contactorganization` DISABLE KEYS */;
INSERT INTO `contact_contactorganization` VALUES ('Company','Company'),('Government','Government'),('Non-profit','Non-profit');
/*!40000 ALTER TABLE `contact_contactorganization` ENABLE KEYS */;
UNLOCK TABLES;

--
-- Table structure for table `contact_contactorganizationrole`
--

DROP TABLE IF EXISTS `contact_contactorganizationrole`;
/*!40101 SET @saved_cs_client     = @@character_set_client */;
/*!40101 SET character_set_client = utf8 */;
CREATE TABLE `contact_contactorganizationrole` (
  `key` varchar(30) NOT NULL,
  `name` varchar(40) NOT NULL,
  PRIMARY KEY  (`key`)
) ENGINE=MyISAM DEFAULT CHARSET=utf8;
/*!40101 SET character_set_client = @saved_cs_client */;

--
-- Dumping data for table `contact_contactorganizationrole`
--

LOCK TABLES `contact_contactorganizationrole` WRITE;
/*!40000 ALTER TABLE `contact_contactorganizationrole` DISABLE KEYS */;
INSERT INTO `contact_contactorganizationrole` VALUES ('Supplier','Supplier'),('Distributor','Distributor'),('Manufacturer','Manufacturer'),('Customer','Customer');
/*!40000 ALTER TABLE `contact_contactorganizationrole` ENABLE KEYS */;
UNLOCK TABLES;

--
-- Table structure for table `contact_contactrole`
--

DROP TABLE IF EXISTS `contact_contactrole`;
/*!40101 SET @saved_cs_client     = @@character_set_client */;
/*!40101 SET character_set_client = utf8 */;
CREATE TABLE `contact_contactrole` (
  `key` varchar(30) NOT NULL,
  `name` varchar(40) NOT NULL,
  PRIMARY KEY  (`key`)
) ENGINE=MyISAM DEFAULT CHARSET=utf8;
/*!40101 SET character_set_client = @saved_cs_client */;

--
-- Dumping data for table `contact_contactrole`
--

LOCK TABLES `contact_contactrole` WRITE;
/*!40000 ALTER TABLE `contact_contactrole` DISABLE KEYS */;
INSERT INTO `contact_contactrole` VALUES ('Customer','Customer'),('Supplier','Supplier'),('Distributor','Distributor');
/*!40000 ALTER TABLE `contact_contactrole` ENABLE KEYS */;
UNLOCK TABLES;

--
-- Table structure for table `contact_interaction`
--

DROP TABLE IF EXISTS `contact_interaction`;
/*!40101 SET @saved_cs_client     = @@character_set_client */;
/*!40101 SET character_set_client = utf8 */;
CREATE TABLE `contact_interaction` (
  `id` int(11) NOT NULL auto_increment,
  `contact_id` int(11) NOT NULL,
  `type_id` varchar(30) NOT NULL,
  `date_time` datetime NOT NULL,
  `description` longtext NOT NULL,
  PRIMARY KEY  (`id`),
  KEY `contact_interaction_170b8823` (`contact_id`),
  KEY `contact_interaction_777d41c8` (`type_id`)
) ENGINE=MyISAM DEFAULT CHARSET=utf8;
/*!40101 SET character_set_client = @saved_cs_client */;

--
-- Dumping data for table `contact_interaction`
--

LOCK TABLES `contact_interaction` WRITE;
/*!40000 ALTER TABLE `contact_interaction` DISABLE KEYS */;
/*!40000 ALTER TABLE `contact_interaction` ENABLE KEYS */;
UNLOCK TABLES;

--
-- Table structure for table `contact_organization`
--

DROP TABLE IF EXISTS `contact_organization`;
/*!40101 SET @saved_cs_client     = @@character_set_client */;
/*!40101 SET character_set_client = utf8 */;
CREATE TABLE `contact_organization` (
  `id` int(11) NOT NULL auto_increment,
  `name` varchar(50) NOT NULL,
  `type_id` varchar(30) default NULL,
  `role_id` varchar(30) default NULL,
  `create_date` date NOT NULL,
  `notes` longtext,
  PRIMARY KEY  (`id`),
  KEY `contact_organization_777d41c8` (`type_id`),
  KEY `contact_organization_40f80fc0` (`role_id`)
) ENGINE=MyISAM AUTO_INCREMENT=2 DEFAULT CHARSET=utf8;
/*!40101 SET character_set_client = @saved_cs_client */;

--
-- Dumping data for table `contact_organization`
--

LOCK TABLES `contact_organization` WRITE;
/*!40000 ALTER TABLE `contact_organization` DISABLE KEYS */;
INSERT INTO `contact_organization` VALUES (1,'Rhinestone Ronny','Company','Supplier','2011-10-28',NULL);
/*!40000 ALTER TABLE `contact_organization` ENABLE KEYS */;
UNLOCK TABLES;

--
-- Table structure for table `contact_phonenumber`
--

DROP TABLE IF EXISTS `contact_phonenumber`;
/*!40101 SET @saved_cs_client     = @@character_set_client */;
/*!40101 SET character_set_client = utf8 */;
CREATE TABLE `contact_phonenumber` (
  `id` int(11) NOT NULL auto_increment,
  `contact_id` int(11) NOT NULL,
  `type` varchar(20) NOT NULL,
  `phone` varchar(30) NOT NULL,
  `primary` tinyint(1) NOT NULL,
  PRIMARY KEY  (`id`),
  KEY `contact_phonenumber_170b8823` (`contact_id`)
) ENGINE=MyISAM AUTO_INCREMENT=9 DEFAULT CHARSET=utf8;
/*!40101 SET character_set_client = @saved_cs_client */;

--
-- Dumping data for table `contact_phonenumber`
--

LOCK TABLES `contact_phonenumber` WRITE;
/*!40000 ALTER TABLE `contact_phonenumber` DISABLE KEYS */;
INSERT INTO `contact_phonenumber` VALUES (1,1,'Home','601-555-5511',1),(2,2,'Work','999-555-5111',1),(3,3,'Work','800-188-7611',1),(4,3,'Fax','755-555-1111',0),(5,4,'','+35929880730',1),(6,5,'','+35929880730',1),(7,7,'','0883407054',1),(8,9,'','sfsfs',1);
/*!40000 ALTER TABLE `contact_phonenumber` ENABLE KEYS */;
UNLOCK TABLES;

--
-- Table structure for table `custom_customproduct`
--

DROP TABLE IF EXISTS `custom_customproduct`;
/*!40101 SET @saved_cs_client     = @@character_set_client */;
/*!40101 SET character_set_client = utf8 */;
CREATE TABLE `custom_customproduct` (
  `product_id` int(11) NOT NULL,
  `downpayment` int(11) NOT NULL,
  `deferred_shipping` tinyint(1) NOT NULL,
  PRIMARY KEY  (`product_id`)
) ENGINE=MyISAM DEFAULT CHARSET=utf8;
/*!40101 SET character_set_client = @saved_cs_client */;

--
-- Dumping data for table `custom_customproduct`
--

LOCK TABLES `custom_customproduct` WRITE;
/*!40000 ALTER TABLE `custom_customproduct` DISABLE KEYS */;
/*!40000 ALTER TABLE `custom_customproduct` ENABLE KEYS */;
UNLOCK TABLES;

--
-- Table structure for table `custom_customproduct_option_group`
--

DROP TABLE IF EXISTS `custom_customproduct_option_group`;
/*!40101 SET @saved_cs_client     = @@character_set_client */;
/*!40101 SET character_set_client = utf8 */;
CREATE TABLE `custom_customproduct_option_group` (
  `id` int(11) NOT NULL auto_increment,
  `customproduct_id` int(11) NOT NULL,
  `optiongroup_id` int(11) NOT NULL,
  PRIMARY KEY  (`id`),
  UNIQUE KEY `customproduct_id` (`customproduct_id`,`optiongroup_id`),
  KEY `custom_customproduct_option_group_1603c4dd` (`customproduct_id`),
  KEY `custom_customproduct_option_group_2d4ce28b` (`optiongroup_id`)
) ENGINE=MyISAM AUTO_INCREMENT=7 DEFAULT CHARSET=utf8;
/*!40101 SET character_set_client = @saved_cs_client */;

--
-- Dumping data for table `custom_customproduct_option_group`
--

LOCK TABLES `custom_customproduct_option_group` WRITE;
/*!40000 ALTER TABLE `custom_customproduct_option_group` DISABLE KEYS */;
/*!40000 ALTER TABLE `custom_customproduct_option_group` ENABLE KEYS */;
UNLOCK TABLES;

--
-- Table structure for table `custom_customtextfield`
--

DROP TABLE IF EXISTS `custom_customtextfield`;
/*!40101 SET @saved_cs_client     = @@character_set_client */;
/*!40101 SET character_set_client = utf8 */;
CREATE TABLE `custom_customtextfield` (
  `id` int(11) NOT NULL auto_increment,
  `name` varchar(40) NOT NULL,
  `slug` varchar(50) NOT NULL,
  `products_id` int(11) NOT NULL,
  `sort_order` int(11) NOT NULL,
  `price_change` decimal(14,6) default NULL,
  PRIMARY KEY  (`id`),
  UNIQUE KEY `slug` (`slug`,`products_id`),
  KEY `custom_customtextfield_56ae2a2a` (`slug`),
  KEY `custom_customtextfield_4594d88` (`products_id`)
) ENGINE=MyISAM AUTO_INCREMENT=3 DEFAULT CHARSET=utf8;
/*!40101 SET character_set_client = @saved_cs_client */;

--
-- Dumping data for table `custom_customtextfield`
--

LOCK TABLES `custom_customtextfield` WRITE;
/*!40000 ALTER TABLE `custom_customtextfield` DISABLE KEYS */;
/*!40000 ALTER TABLE `custom_customtextfield` ENABLE KEYS */;
UNLOCK TABLES;

--
-- Table structure for table `custom_customtextfieldtranslation`
--

DROP TABLE IF EXISTS `custom_customtextfieldtranslation`;
/*!40101 SET @saved_cs_client     = @@character_set_client */;
/*!40101 SET character_set_client = utf8 */;
CREATE TABLE `custom_customtextfieldtranslation` (
  `id` int(11) NOT NULL auto_increment,
  `customtextfield_id` int(11) NOT NULL,
  `languagecode` varchar(10) NOT NULL,
  `name` varchar(255) NOT NULL,
  `version` int(11) NOT NULL,
  `active` tinyint(1) NOT NULL,
  PRIMARY KEY  (`id`),
  UNIQUE KEY `customtextfield_id` (`customtextfield_id`,`languagecode`,`version`),
  KEY `custom_customtextfieldtranslation_6fda757f` (`customtextfield_id`)
) ENGINE=MyISAM DEFAULT CHARSET=utf8;
/*!40101 SET character_set_client = @saved_cs_client */;

--
-- Dumping data for table `custom_customtextfieldtranslation`
--

LOCK TABLES `custom_customtextfieldtranslation` WRITE;
/*!40000 ALTER TABLE `custom_customtextfieldtranslation` DISABLE KEYS */;
/*!40000 ALTER TABLE `custom_customtextfieldtranslation` ENABLE KEYS */;
UNLOCK TABLES;

--
-- Table structure for table `django_admin_log`
--

DROP TABLE IF EXISTS `django_admin_log`;
/*!40101 SET @saved_cs_client     = @@character_set_client */;
/*!40101 SET character_set_client = utf8 */;
CREATE TABLE `django_admin_log` (
  `id` int(11) NOT NULL auto_increment,
  `action_time` datetime NOT NULL,
  `user_id` int(11) NOT NULL,
  `content_type_id` int(11) default NULL,
  `object_id` longtext,
  `object_repr` varchar(200) NOT NULL,
  `action_flag` smallint(5) unsigned NOT NULL,
  `change_message` longtext NOT NULL,
  PRIMARY KEY  (`id`),
  KEY `django_admin_log_403f60f` (`user_id`),
  KEY `django_admin_log_1bb8f392` (`content_type_id`)
) ENGINE=MyISAM AUTO_INCREMENT=1833 DEFAULT CHARSET=utf8;
/*!40101 SET character_set_client = @saved_cs_client */;

--
-- Dumping data for table `django_admin_log`
--

LOCK TABLES `django_admin_log` WRITE;
/*!40000 ALTER TABLE `django_admin_log` DISABLE KEYS */;
INSERT INTO `django_admin_log` VALUES (1,'2011-10-31 13:47:38',1,40,'1','Habanos Ръчни пури',2,'Changed name and slug.'),(2,'2011-10-31 13:59:20',1,40,'1','Habanos Premium',2,'Changed name and slug.'),(3,'2011-10-31 14:00:05',1,40,'3','Habanos Пури',2,'Changed name and slug.'),(4,'2011-10-31 14:00:16',1,40,'1','Habanos Пури :: Habanos Premium',2,'Changed parent.'),(5,'2011-10-31 14:00:45',1,40,'2','Habanos Пури :: Habanos Premium :: Cohiba',2,'Changed name and slug.'),(6,'2011-10-31 14:01:16',1,40,'2','Habanos Пури :: Habanos Premium :: Cohiba',2,'Changed description.'),(7,'2011-10-31 14:02:39',1,40,'4','Habanos Пури :: Habanos Specialties',2,'Changed name, slug and description.'),(8,'2011-10-31 14:03:20',1,40,'5','Habanos Пури :: Habanos Specialties :: Only La Casa del Habano',2,'Changed name, slug and description.'),(9,'2011-10-31 14:04:13',1,40,'6','Habanos Пури :: Cuban Machine Made Cigars',2,'Changed name, slug and description.'),(10,'2011-10-31 14:04:28',1,40,'7','Software',3,''),(11,'2011-10-31 14:07:34',1,40,'7','Habanos Пури :: Habanos Premium :: Montecristo',1,''),(12,'2011-10-31 14:08:40',1,40,'8','Habanos Пури :: Habanos Premium :: Romeo y Julieta',1,''),(13,'2011-10-31 14:09:05',1,40,'9','Habanos Пури :: Habanos Premium :: Partagas',1,''),(14,'2011-10-31 14:19:47',1,40,'3','Habanos Пури',2,'Changed ordering.'),(15,'2011-10-31 14:19:59',1,40,'1','Habanos Пури :: Habanos Premium',2,'Changed ordering.'),(16,'2011-10-31 14:20:57',1,40,'4','Habanos Пури :: Habanos Specialties',2,'Changed ordering.'),(17,'2011-10-31 14:21:13',1,40,'6','Habanos Пури :: Cuban Machine Made Cigars',2,'Changed ordering.'),(18,'2011-10-31 14:28:57',1,40,'2','Habanos Пури :: Habanos Premium :: Cohiba',2,'Added Category Image `Image of Category cohiba`.'),(19,'2011-10-31 14:29:23',1,40,'2','Habanos Пури :: Habanos Premium :: Cohiba',2,'Changed description.'),(20,'2011-10-31 14:29:33',1,40,'3','Habanos Пури',2,'Changed description.'),(21,'2011-10-31 14:29:47',1,40,'1','Habanos Пури :: Habanos Premium',2,'Changed description.'),(22,'2011-10-31 14:30:01',1,40,'4','Habanos Пури :: Habanos Specialties',2,'Changed description.'),(23,'2011-10-31 14:30:10',1,40,'5','Habanos Пури :: Habanos Specialties :: Only La Casa del Habano',2,'Changed description.'),(24,'2011-10-31 14:30:22',1,40,'6','Habanos Пури :: Cuban Machine Made Cigars',2,'Changed description.'),(25,'2011-10-31 14:32:42',1,49,'1','Django Rocks shirt',2,'Changed category and taxable. Changed price for Price `20.00`.'),(26,'2011-10-31 14:33:45',1,40,'10','Habanos Пури :: Habanos Premium :: Cohiba :: Cohiba Behike',1,''),(27,'2011-10-31 14:34:53',1,49,'1','Django Rocks shirt',2,'Changed category and taxable. Changed price for Price `20.00`.'),(28,'2011-10-31 14:38:29',1,2,'1','Kaliman Caribe',2,'Changed store_name, country, sales_country and shipping_countries.'),(29,'2011-10-31 14:45:05',1,49,'1','Cohiba Behike BHK 52',2,'Changed name, slug, sku, description and taxable. Changed price for Price `20.00`.'),(30,'2011-10-31 14:48:53',1,49,'1','Cohiba Behike BHK 52',2,'Changed length and taxable. Changed price for Price `20.00`.'),(31,'2011-10-31 14:49:34',1,49,'1','Cohiba Behike BHK 52',2,'Changed description and taxable. Changed price for Price `20.00`.'),(32,'2011-10-31 14:50:54',1,49,'1','Cohiba Behike BHK 52',2,'Changed description and taxable. Changed price for Price `20.00`.'),(33,'2011-10-31 14:51:34',1,59,'1','bhk-52',2,'Changed option_group.'),(34,'2011-10-31 14:52:08',1,49,'1','Cohiba Behike BHK 52',2,'Changed items_in_stock and taxable. Changed price for Price `20.00`.'),(35,'2011-10-31 14:53:41',1,59,'1','bhk-52',3,''),(36,'2011-10-31 14:54:27',1,49,'1','Cohiba Behike BHK 52',2,'Changed description and taxable. Changed price for Price `20.00`.'),(37,'2011-10-31 14:55:07',1,49,'1','Cohiba Behike BHK 52',2,'Changed description and taxable. Changed price for Price `20.00`.'),(38,'2011-10-31 14:56:55',1,40,'11','Habanos Пури :: Habanos Premium :: Hoyo de Monterrey',1,''),(39,'2011-10-31 14:57:24',1,40,'12','Habanos Пури :: Habanos Premium :: H. Upmann',1,''),(40,'2011-10-31 14:57:39',1,40,'13','Habanos Пури :: Habanos Premium :: Trinidad',1,''),(41,'2011-10-31 14:58:00',1,40,'14','Habanos Пури :: Habanos Premium :: San Cristobal',1,''),(42,'2011-10-31 14:58:13',1,40,'15','Habanos Пури :: Habanos Premium :: Bolivar',1,''),(43,'2011-10-31 14:58:30',1,40,'16','Habanos Пури :: Habanos Premium :: Vegas Robaina',1,''),(44,'2011-10-31 14:58:44',1,40,'17','Habanos Пури :: Habanos Premium :: Ramon Allones',1,''),(45,'2011-10-31 14:58:56',1,40,'18','Habanos Пури :: Habanos Premium :: Punch',1,''),(46,'2011-10-31 14:59:10',1,40,'19','Habanos Пури :: Habanos Premium :: Cuaba',1,''),(47,'2011-10-31 14:59:28',1,40,'20','Habanos Пури :: Habanos Premium :: Por Larranaga',1,''),(48,'2011-10-31 14:59:47',1,40,'21','Habanos Пури :: Habanos Premium :: Rafael Gonzalez',1,''),(49,'2011-10-31 15:00:18',1,40,'22','Habanos Пури :: Habanos Premium :: Jose L. Piedra',1,''),(50,'2011-10-31 15:00:43',1,40,'23','Habanos Пури :: Habanos Specialties :: Ediciones Limitadas',1,''),(51,'2011-10-31 15:01:02',1,40,'24','Habanos Пури :: Habanos Specialties :: Travel Retail',1,''),(52,'2011-10-31 15:01:21',1,40,'25','Habanos Пури :: Habanos Specialties :: Coleccion Habanos - The Books',1,''),(53,'2011-10-31 15:01:56',1,40,'26','Habanos Пури :: Habanos Specialties :: Replicas',1,''),(54,'2011-10-31 15:02:08',1,40,'27','Habanos Пури :: Habanos Specialties :: Selecciones',1,''),(55,'2011-10-31 15:02:42',1,40,'28','Habanos Пури :: Cuban Machine Made Cigars :: Guantanamera',1,''),(56,'2011-10-31 15:03:02',1,40,'29','Habanos Пури :: Cuban Machine Made Cigars :: Belinda',1,''),(57,'2011-10-31 15:04:32',1,40,'30','Habanos Пури :: Minis Cubanos',1,''),(58,'2011-10-31 15:05:11',1,40,'31','Habanos Пури :: Minis Cubanos :: Cohiba',1,''),(59,'2011-10-31 15:05:33',1,40,'31','Habanos Пури :: Minis Cubanos :: Cohiba',2,'Changed slug.'),(60,'2011-10-31 15:05:52',1,40,'32','Habanos Пури :: Minis Cubanos :: Montecristo',1,''),(61,'2011-10-31 15:06:12',1,40,'33','Habanos Пури :: Minis Cubanos :: Romeo y Julieta',1,''),(62,'2011-10-31 15:06:26',1,40,'34','Habanos Пури :: Minis Cubanos :: Partagas',1,''),(63,'2011-10-31 15:06:40',1,40,'35','Habanos Пури :: Minis Cubanos :: Punch',1,''),(64,'2011-10-31 15:13:04',1,49,'2','Python Rocks shirt',3,''),(65,'2011-10-31 15:13:04',1,49,'3','A really neat book',3,''),(66,'2011-10-31 15:13:04',1,49,'4','Robots Attack!',3,''),(67,'2011-10-31 15:13:04',1,49,'5','Django Rocks shirt (Small/Black)',3,''),(68,'2011-10-31 15:13:04',1,49,'6','Django Rocks shirt (Small/White)',3,''),(69,'2011-10-31 15:13:04',1,49,'7','Django Rocks shirt (Small/Blue)',3,''),(70,'2011-10-31 15:13:04',1,49,'8','Django Rocks shirt (Medium/Black)',3,''),(71,'2011-10-31 15:13:04',1,49,'9','Django Rocks shirt (Medium/White)',3,''),(72,'2011-10-31 15:13:04',1,49,'10','Django Rocks shirt (Medium/Blue)',3,''),(73,'2011-10-31 15:13:04',1,49,'11','Django Rocks shirt (Large/Black)',3,''),(74,'2011-10-31 15:13:04',1,49,'12','Django Rocks shirt (Large/White)',3,''),(75,'2011-10-31 15:13:04',1,49,'13','Django Rocks shirt (Large/Blue)',3,''),(76,'2011-10-31 15:13:04',1,49,'14','A really neat book (Hard cover)',3,''),(77,'2011-10-31 15:13:04',1,49,'15','A really neat book (Soft cover)',3,''),(78,'2011-10-31 15:13:04',1,49,'16','A really neat book (On tape)',3,''),(79,'2011-10-31 15:13:04',1,49,'17','Robots Attack! (Hard cover)',3,''),(80,'2011-10-31 15:13:04',1,49,'18','Robots Attack! (Soft cover)',3,''),(81,'2011-10-31 15:13:04',1,49,'19','Robots Attack! (On tape)',3,''),(82,'2011-10-31 15:15:34',1,49,'2','Cohiba Behike BHK 54',1,''),(83,'2011-10-31 15:16:33',1,49,'2','Cohiba Behike BHK 54',2,'Changed category and taxable. Changed price for Price `23.00`.'),(84,'2011-10-31 15:16:55',1,49,'2','Cohiba Behike BHK 54',2,'Changed category and taxable. Changed price for Price `23.00`.'),(85,'2011-10-31 15:18:20',1,40,'30','Habanos Пури :: Minis Cubanos',2,'Changed ordering.'),(86,'2011-10-31 15:19:08',1,40,'31','Habanos Пури :: Minis Cubanos :: Cohiba',2,'Changed ordering.'),(87,'2011-10-31 15:19:19',1,40,'32','Habanos Пури :: Minis Cubanos :: Montecristo',2,'Changed ordering.'),(88,'2011-10-31 15:19:33',1,40,'33','Habanos Пури :: Minis Cubanos :: Romeo y Julieta',2,'Changed ordering.'),(89,'2011-10-31 15:19:46',1,40,'34','Habanos Пури :: Minis Cubanos :: Partagas',2,'Changed ordering.'),(90,'2011-10-31 15:19:54',1,40,'35','Habanos Пури :: Minis Cubanos :: Punch',2,'Changed ordering.'),(91,'2011-10-31 15:20:15',1,40,'28','Habanos Пури :: Cuban Machine Made Cigars :: Guantanamera',2,'Changed ordering.'),(92,'2011-10-31 15:20:24',1,40,'29','Habanos Пури :: Cuban Machine Made Cigars :: Belinda',2,'Changed ordering.'),(93,'2011-10-31 15:20:41',1,40,'5','Habanos Пури :: Habanos Specialties :: Only La Casa del Habano',2,'Changed ordering.'),(94,'2011-10-31 15:20:55',1,40,'23','Habanos Пури :: Habanos Specialties :: Ediciones Limitadas',2,'Changed ordering.'),(95,'2011-10-31 15:21:08',1,40,'24','Habanos Пури :: Habanos Specialties :: Travel Retail',2,'Changed ordering.'),(96,'2011-10-31 15:21:18',1,40,'25','Habanos Пури :: Habanos Specialties :: Coleccion Habanos - The Books',2,'Changed ordering.'),(97,'2011-10-31 15:21:52',1,40,'26','Habanos Пури :: Habanos Specialties :: Replicas',2,'Changed ordering.'),(98,'2011-10-31 15:22:04',1,40,'27','Habanos Пури :: Habanos Specialties :: Selecciones',2,'Changed ordering.'),(99,'2011-10-31 15:22:29',1,40,'2','Habanos Пури :: Habanos Premium :: Cohiba',2,'Changed ordering.'),(100,'2011-10-31 15:22:41',1,40,'7','Habanos Пури :: Habanos Premium :: Montecristo',2,'Changed ordering.'),(101,'2011-10-31 15:22:55',1,40,'8','Habanos Пури :: Habanos Premium :: Romeo y Julieta',2,'Changed ordering.'),(102,'2011-10-31 15:23:08',1,40,'9','Habanos Пури :: Habanos Premium :: Partagas',2,'Changed ordering.'),(103,'2011-10-31 15:23:20',1,40,'11','Habanos Пури :: Habanos Premium :: Hoyo de Monterrey',2,'Changed ordering.'),(104,'2011-10-31 15:23:35',1,40,'12','Habanos Пури :: Habanos Premium :: H. Upmann',2,'Changed ordering.'),(105,'2011-10-31 15:23:46',1,40,'13','Habanos Пури :: Habanos Premium :: Trinidad',2,'Changed ordering.'),(106,'2011-10-31 15:23:54',1,40,'14','Habanos Пури :: Habanos Premium :: San Cristobal',2,'Changed ordering.'),(107,'2011-10-31 15:24:05',1,40,'15','Habanos Пури :: Habanos Premium :: Bolivar',2,'Changed ordering.'),(108,'2011-10-31 15:24:19',1,40,'16','Habanos Пури :: Habanos Premium :: Vegas Robaina',2,'Changed ordering.'),(109,'2011-10-31 15:24:32',1,40,'17','Habanos Пури :: Habanos Premium :: Ramon Allones',2,'Changed ordering.'),(110,'2011-10-31 15:24:40',1,40,'18','Habanos Пури :: Habanos Premium :: Punch',2,'Changed ordering.'),(111,'2011-10-31 15:24:49',1,40,'19','Habanos Пури :: Habanos Premium :: Cuaba',2,'Changed ordering.'),(112,'2011-10-31 15:24:58',1,40,'20','Habanos Пури :: Habanos Premium :: Por Larranaga',2,'Changed ordering.'),(113,'2011-10-31 15:25:09',1,40,'21','Habanos Пури :: Habanos Premium :: Rafael Gonzalez',2,'Changed ordering.'),(114,'2011-10-31 15:25:21',1,40,'22','Habanos Пури :: Habanos Premium :: Jose L. Piedra',2,'Changed ordering.'),(115,'2011-10-31 15:25:31',1,40,'5','Habanos Пури :: Habanos Specialties :: Only La Casa del Habano',2,'No fields changed.'),(116,'2011-10-31 15:27:58',1,52,'1','Дължина',1,''),(117,'2011-10-31 15:30:11',1,49,'1','Cohiba Behike BHK 52',2,'Changed taxable, related_items and also_purchased. Changed price for Price `20.00`.'),(118,'2011-10-31 15:49:57',1,28,'34','Bulgaria',2,'Changed name for Administrative Area `Благоевград`. Changed name for Administrative Area `Бургас`. Changed active for Administrative Area `Chattagram`. Changed active for Administrative Area `Chuadanga`. Changed active for Administrative Area `Cox’s Bazar`. Changed active for Administrative Area `Dhaka`. Changed active for Administrative Area `Dinajpur`. Changed name for Administrative Area `Добрич`. Changed active for Administrative Area `Feni`. Changed name for Administrative Area `Габрово`. Changed active for Administrative Area `Gaibandha`. Changed active for Administrative Area `Gazipur`. Changed name for Administrative Area `Хасково`. Changed name for Administrative Area `Кюстендил`. Changed name for Administrative Area `Кърджали`. Changed name for Administrative Area `Ловеч`. Changed name for Administrative Area `Монтана`. Changed active for Administrative Area `Montana`. Changed name for Administrative Area `Пазарджик`. Changed name for Administrative Area `Перник`. Changed name for Administrative Area `Плевен`. Changed name for Administrative Area `Пловдив`. Changed name for Administrative Area `Разград`. Changed name for Administrative Area `Русе`. Changed name for Administrative Area `Шумен`. Changed name for Administrative Area `Силистра`. Changed name for Administrative Area `Сливен`. Changed name for Administrative Area `Смолян`. Changed name for Administrative Area `София`. Changed active for Administrative Area `Sofiya-Grad`. Changed name for Administrative Area `Стара Загора`. Changed name for Administrative Area `Търговище`. Changed name for Administrative Area `Варна`. Changed name for Administrative Area `Велико Търново`. Changed name for Administrative Area `Видин`. Changed name for Administrative Area `Враца`. Changed name for Administrative Area `Ямбол`.'),(119,'2011-10-31 16:03:11',1,49,'2','Cohiba Behike BHK 54',2,'Changed featured and taxable. Changed price for Price `23.00`.'),(120,'2011-10-31 16:03:35',1,49,'3','Cohiba Behike BHK 56',1,''),(121,'2011-10-31 16:03:55',1,49,'2','Cohiba Behike BHK 54',2,'Changed slug, sku and taxable. Changed price for Price `23.00`.'),(122,'2011-10-31 16:04:10',1,49,'1','Cohiba Behike BHK 52',2,'Changed slug, sku and taxable. Changed price for Price `20.00`.'),(123,'2011-10-31 16:05:42',1,49,'1','Cohiba Behike BHK 52',2,'Changed taxable. Added Product Attribute `dlzhina`. Changed price for Price `20.00`.'),(124,'2011-10-31 16:07:43',1,52,'2','Ринг',1,''),(125,'2011-10-31 16:08:04',1,52,'3','Калибър',1,''),(126,'2011-10-31 16:08:33',1,52,'4','Сила',1,''),(127,'2011-10-31 16:08:41',1,52,'3','Калибър',2,'Changed sort_order.'),(128,'2011-10-31 16:08:47',1,52,'2','Ринг',2,'Changed sort_order.'),(129,'2011-10-31 16:09:40',1,49,'1','Cohiba Behike BHK 52',2,'Changed taxable. Added Product Attribute `ring`. Added Product Attribute `kalibr`. Added Product Attribute `sila`. Changed price for Price `20.00`.'),(130,'2011-10-31 16:10:53',1,49,'2','Cohiba Behike BHK 54',2,'Changed taxable. Added Product Attribute `dlzhina`. Added Product Attribute `ring`. Added Product Attribute `kalibr`. Added Product Attribute `sila`. Changed price for Price `23.00`.'),(131,'2011-10-31 16:11:53',1,49,'3','Cohiba Behike BHK 56',2,'Changed taxable. Changed price for Price `10.00`.'),(132,'2011-10-31 16:12:15',1,49,'3','Cohiba Behike BHK 56',2,'Changed category and taxable. Changed price for Price `10.00`.'),(133,'2011-10-31 16:32:50',1,49,'1','Cohiba Behike BHK 52',2,'Changed taxable. Changed price for Price `20.00`. Added Product Image `Image of Product cohiba-behike-bhk-52`.'),(134,'2011-10-31 16:52:50',1,49,'4','Siglo I',1,''),(135,'2011-10-31 16:53:19',1,49,'4','Siglo I',2,'Changed category and taxable.'),(136,'2011-10-31 16:58:06',1,49,'3','Cohiba Behike BHK 56',2,'Changed items_in_stock and taxable. Changed price for Price `10.00`.'),(137,'2011-10-31 16:58:17',1,49,'3','Cohiba Behike BHK 56',2,'Changed items_in_stock and taxable. Changed price for Price `10.00`.'),(138,'2011-10-31 16:58:37',1,49,'4','Siglo I',2,'Changed items_in_stock and taxable.'),(139,'2011-10-31 16:58:49',1,49,'3','Cohiba Behike BHK 56',2,'Changed items_in_stock and taxable. Changed price for Price `10.00`.'),(140,'2011-10-31 16:59:01',1,49,'2','Cohiba Behike BHK 54',2,'Changed items_in_stock and taxable. Changed price for Price `23.00`.'),(141,'2011-10-31 16:59:14',1,49,'2','Cohiba Behike BHK 54',2,'Changed items_in_stock and taxable. Changed price for Price `23.00`.'),(142,'2011-10-31 16:59:25',1,49,'2','Cohiba Behike BHK 54',2,'Changed items_in_stock and taxable. Changed price for Price `23.00`.'),(143,'2011-10-31 17:00:43',1,52,'5','Галерия',1,''),(144,'2011-10-31 17:00:55',1,52,'1','Дължина',2,'Changed sort_order.'),(145,'2011-10-31 17:01:01',1,52,'2','Ринг',2,'Changed sort_order.'),(146,'2011-10-31 17:01:06',1,52,'3','Калибър',2,'Changed sort_order.'),(147,'2011-10-31 17:01:12',1,52,'4','Сила',2,'Changed sort_order.'),(148,'2011-10-31 17:01:34',1,52,'5','Име на галерията',2,'Changed description.'),(149,'2011-10-31 17:02:20',1,49,'1','Cohiba Behike BHK 52',2,'Changed taxable. Added Product Attribute `galeriya`. Changed price for Price `20.00`.'),(150,'2011-10-31 17:02:52',1,49,'1','Cohiba Behike BHK 52',2,'Changed description and taxable. Changed price for Price `20.00`.'),(151,'2011-11-01 15:53:25',1,49,'5','Cohiba Siglo I ',1,''),(152,'2011-11-01 15:54:34',1,49,'4','Siglo I',3,''),(153,'2011-11-01 15:58:19',1,49,'6','Cohiba Siglo II',1,''),(154,'2011-11-01 16:06:36',1,49,'7','Cohiba Siglo III',1,''),(155,'2011-11-01 16:08:56',1,49,'8','Cohiba Siglo IV',1,''),(156,'2011-11-01 16:11:13',1,49,'9','Cohiba Siglo V',1,''),(157,'2011-11-01 16:13:39',1,49,'10','Cohiba Siglo VI',1,''),(158,'2011-11-02 09:32:49',1,49,'3','Cohiba Behike BHK 56',2,'Changed description and taxable. Added Product Attribute `galeriya`. Added Product Attribute `dlzhina`. Added Product Attribute `ring`. Added Product Attribute `kalibr`. Added Product Attribute `sila`. Changed price for Price `10.00`.'),(159,'2011-11-02 09:36:40',1,49,'11','Cohiba Maduro Secretos',1,''),(160,'2011-11-02 09:39:15',1,49,'12','Cohiba Maduro Magicos',1,''),(161,'2011-11-02 09:41:05',1,49,'13','Cohiba Maduro Genios',1,''),(162,'2011-11-02 09:45:17',1,49,'14','Cohiba Corona Especial',1,''),(163,'2011-11-02 09:47:29',1,49,'15','Cohiba Esplendidos',1,''),(164,'2011-11-02 09:49:28',1,49,'16','Cohiba Exquisitos',1,''),(165,'2011-11-02 09:51:18',1,49,'17','Cohiba Lanceros',1,''),(166,'2011-11-02 09:53:44',1,49,'18','Cohiba Panetelas',1,''),(167,'2011-11-02 09:55:34',1,49,'19','Cohiba Robustos',1,''),(168,'2011-11-02 10:03:25',1,49,'20','Montecristo N2',1,''),(169,'2011-11-02 10:05:09',1,49,'21','Montecristo N3',1,''),(170,'2011-11-02 10:06:50',1,49,'22','Montecristo N4',1,''),(171,'2011-11-02 10:08:17',1,49,'23','Montecristo N5',1,''),(172,'2011-11-02 10:11:26',1,49,'24','Montecristo Edmundo',1,''),(173,'2011-11-02 10:14:04',1,49,'25','Montecristo Petit Edmundo',1,''),(174,'2011-11-02 12:30:17',1,49,'26','Montecristo Open Junior',1,''),(175,'2011-11-02 12:31:57',1,49,'27','Montecristo Open Regata',1,''),(176,'2011-11-02 12:33:36',1,49,'28','Montecristo Open Master',1,''),(177,'2011-11-02 12:35:24',1,49,'29','Montecristo Open Eagle',1,''),(178,'2011-11-02 12:50:20',1,49,'30','Romeo y Julieta Churchills',1,''),(179,'2011-11-02 12:52:36',1,49,'31','Romeo y Julieta Coronitas en Cedro',1,''),(180,'2011-11-02 12:54:12',1,49,'32','Romeo y Julieta Romeo N1',1,''),(181,'2011-11-02 12:55:34',1,49,'33','Romeo y Julieta Romeo N2',1,''),(182,'2011-11-02 12:57:17',1,49,'34','Romeo y Julieta Romeo N3',1,''),(183,'2011-11-02 12:59:08',1,49,'35','Romeo y Julieta Sport Largos',1,''),(184,'2011-11-02 13:02:07',1,49,'36','Romeo y Julieta Belicosos',1,''),(185,'2011-11-02 13:04:39',1,49,'37','Romeo y Julieta Exhibicion N4',1,''),(186,'2011-11-02 13:06:13',1,49,'38','Romeo y Julieta Wide Churchills',1,''),(187,'2011-11-02 13:07:46',1,49,'39','Romeo y Julieta Short Churchills',1,''),(188,'2011-11-02 13:10:32',1,49,'40','Partagas de Luxe',1,''),(189,'2011-11-02 13:12:50',1,49,'41','Partagas Lusitanias',1,''),(190,'2011-11-02 13:14:49',1,49,'42','Partagas Mille Fleur',1,''),(191,'2011-11-02 13:19:28',1,49,'43','Partagas Serie D N4',1,''),(192,'2011-11-02 13:21:21',1,49,'44','Partagas Serie P N2',1,''),(193,'2011-11-02 13:23:01',1,49,'45','Partagas 8.9.8',1,''),(194,'2011-11-02 13:24:11',1,49,'46','Partagas Aristocrat',1,''),(195,'2011-11-02 13:28:38',1,49,'47','Hoyo de Monterrey Epicure Especial',1,''),(196,'2011-11-02 13:30:34',1,49,'48','Hoyo de Monterrey Epicure N1',1,''),(197,'2011-11-02 13:32:11',1,49,'49','Hoyo de Monterrey Epicure N2',1,''),(198,'2011-11-02 13:33:52',1,49,'50','Hoyo de Monterrey Epicure Palma Extra',1,''),(199,'2011-11-02 13:35:18',1,49,'51','Hoyo de Monterrey Petit Robustos',1,''),(200,'2011-11-02 13:40:14',1,49,'52','H.Upmann Coronas Major',1,''),(201,'2011-11-02 13:41:41',1,49,'53','H.Upmann Magnum 46',1,''),(202,'2011-11-02 13:42:08',1,49,'53','H.Upmann Magnum 46',2,'Changed category and taxable.'),(203,'2011-11-02 13:43:42',1,49,'54','H.Upmann Magnum 50',1,''),(204,'2011-11-02 13:45:08',1,49,'55','H.Upmann Majestic',1,''),(205,'2011-11-02 13:52:59',1,49,'56','H.Upmann Sir Winston',1,''),(206,'2011-11-02 13:56:44',1,49,'57','Trinidad Coloniales',1,''),(207,'2011-11-02 13:59:05',1,49,'58','Trinidad Fundadores',1,''),(208,'2011-11-02 14:06:28',1,49,'59','Trinidad Reyes',1,''),(209,'2011-11-02 14:07:50',1,49,'60','Trinidad Robusto Extra',1,''),(210,'2011-11-02 14:09:29',1,49,'61','Trinidad Robusto T',1,''),(211,'2011-11-02 14:12:38',1,49,'62','San Cristobal La Punta',1,''),(212,'2011-11-02 14:14:50',1,49,'63','San Cristobal El Principe',1,''),(213,'2011-11-02 14:16:38',1,49,'64','San Cristobal La Fuerza',1,''),(214,'2011-11-02 14:20:55',1,49,'65','Vegas Robaina Clasicos',1,''),(215,'2011-11-02 14:25:35',1,49,'66','Vegas Robaina Don Alejandro',1,''),(216,'2011-11-02 14:27:13',1,49,'67','Vegas Robaina Famosos',1,''),(217,'2011-11-02 14:28:42',1,49,'68','Vegas Robaina Unicos ',1,''),(218,'2011-11-02 14:32:16',1,49,'69','Punch Coronation',1,''),(219,'2011-11-02 14:33:47',1,49,'70','Punch Punch',1,''),(220,'2011-11-02 14:35:38',1,49,'71','Cuaba Exclusivos',1,''),(221,'2011-11-02 14:38:19',1,49,'72','Por Larranaga Montecarlos',1,''),(222,'2011-11-02 14:40:03',1,49,'73','Rafael Gonzalez Panetelas Extra',1,''),(223,'2011-11-02 14:45:33',1,49,'74','Jose L. Piedra Cazadores',1,''),(224,'2011-11-02 14:56:22',1,49,'75','Bolivar Royal Corona',1,''),(225,'2011-11-02 14:59:02',1,49,'76','Bolivar Belicosos Fino',1,''),(226,'2011-11-03 09:21:14',1,49,'77','H.Upmann Noellas',1,''),(227,'2011-11-03 09:24:57',1,49,'78','Bolivar Gold Medal',1,''),(228,'2011-11-03 09:27:46',1,49,'79','La Gloria Cubana Inmensos',1,''),(229,'2011-11-03 09:31:23',1,49,'80','Partagas Salomones',1,''),(230,'2011-11-03 10:06:18',1,49,'81','Estuche X Festival',1,''),(231,'2011-11-03 10:07:43',1,49,'81','Estuche X Festival',2,'Changed description and taxable.'),(232,'2011-11-03 10:15:07',1,49,'82','Romeo y Julieta Duke',1,''),(233,'2011-11-03 10:18:34',1,49,'83','Montecristo Grand Edmundo',1,''),(234,'2011-11-03 10:20:28',1,49,'84','Partagas Serie D Especial',1,''),(235,'2011-11-03 10:23:24',1,49,'85','H.Upmann Robustos 2007',1,''),(236,'2011-11-03 10:26:22',1,49,'86','Travel Retail Selection Pack 2008',1,''),(237,'2011-11-03 10:27:17',1,49,'87','Partagas Serie P N1 2009',1,''),(238,'2011-11-03 10:30:16',1,49,'88','San Cristobal',1,''),(239,'2011-11-03 10:32:13',1,49,'89','Montecristo Humidor Replica 2009',1,''),(240,'2011-11-03 10:34:42',1,49,'90','Seleccion Piramides',1,''),(241,'2011-11-03 10:36:02',1,49,'91','Seleccion Robustos',1,''),(242,'2011-11-03 10:47:11',1,49,'92','Compay',1,''),(243,'2011-11-03 10:58:48',1,49,'93','Cristales',1,''),(244,'2011-11-03 11:07:43',1,49,'94','Decimos',1,''),(245,'2011-11-03 11:09:47',1,49,'95','Puritos',1,''),(246,'2011-11-03 11:12:23',1,49,'96','Belinda',1,''),(247,'2011-11-03 11:13:03',1,49,'96','Belinda',2,'Changed category and taxable.'),(248,'2011-11-03 11:17:17',1,49,'97','Mini',1,''),(249,'2011-11-03 11:17:45',1,49,'97','Mini',2,'Changed description and taxable.'),(250,'2011-11-03 11:27:05',1,49,'98','Montecristo Mini ',1,''),(251,'2011-11-03 11:28:39',1,49,'99','Partagas Mini ',1,''),(252,'2011-11-03 11:31:07',1,49,'100','Cohiba Club',1,''),(253,'2011-11-03 11:32:11',1,49,'101','Montecristo Club',1,''),(254,'2011-11-03 11:33:44',1,49,'102','Partagas Club',1,''),(255,'2011-11-03 11:39:59',1,49,'103','Romeo y Julieta Club',1,''),(256,'2011-11-03 11:41:03',1,49,'104','Partagas Chicos',1,''),(257,'2011-11-03 11:42:13',1,49,'105','Romeo i Julieta Puritos',1,''),(258,'2011-11-03 12:04:26',1,40,'36','Пури и пурети',1,''),(259,'2011-11-03 12:05:19',1,40,'37','Пури и пурети :: Пури',1,''),(260,'2011-11-03 12:20:48',1,40,'38','Пури и пурети :: Пури :: Habanos пури',1,''),(261,'2011-11-03 12:23:11',1,40,'39','Пури и пурети :: Пури :: Guantanamera',1,''),(262,'2011-11-03 12:24:00',1,40,'40','Пури и пурети :: Пури :: Belinda',1,''),(263,'2011-11-03 12:24:50',1,40,'41','Пури и пурети :: Пури :: Villiger',1,''),(264,'2011-11-03 12:26:54',1,40,'42','Пури и пурети :: Пурети',1,''),(265,'2011-11-03 12:28:11',1,40,'43','Пури и пурети :: Пурети :: AGIO',1,''),(266,'2011-11-03 12:29:11',1,40,'44','Пури и пурети :: Пурети :: AGIO :: Agio Tip пурети',1,''),(267,'2011-11-03 12:30:14',1,40,'45','Пури и пурети :: Пурети :: MEHARI`S',1,''),(268,'2011-11-03 12:32:03',1,40,'44','Пури и пурети :: Пурети :: AGIO :: Agio Tip пурети',3,''),(269,'2011-11-03 12:32:37',1,40,'46','Пури и пурети :: Пурети :: PANTER',1,''),(270,'2011-11-03 12:34:19',1,40,'47','Пури и пурети :: Пурети :: VILLIGER',1,''),(271,'2011-11-03 12:35:19',1,40,'48','Пури и пурети :: Пурети :: MINIS CUBANOS',1,''),(272,'2011-11-03 12:49:16',1,40,'49','Habanos Пури :: Тютюни за лула',1,''),(273,'2011-11-03 12:51:24',1,40,'50','Habanos Пури :: Тютюни за лула :: Clan',1,''),(274,'2011-11-03 12:53:07',1,40,'51','Habanos Пури :: Тютюни за лула :: W. O. Larsen',1,''),(275,'2011-11-03 12:53:37',1,40,'52','Habanos Пури :: Тютюни за лула :: Stanwell',1,''),(276,'2011-11-03 12:54:13',1,40,'53','Habanos Пури :: Тютюни за лула :: Alsbo',1,''),(277,'2011-11-03 12:54:55',1,40,'54','Habanos Пури :: Тютюни за лула :: Erinmore',1,''),(278,'2011-11-03 12:55:26',1,40,'55','Habanos Пури :: Тютюни за лула :: Colts',1,''),(279,'2011-11-03 12:55:56',1,40,'56','Habanos Пури :: Тютюни за лула :: Choice',1,''),(280,'2011-11-03 12:56:25',1,40,'57','Habanos Пури :: Тютюни за лула :: Ambrosia',1,''),(281,'2011-11-03 12:56:59',1,40,'58','Habanos Пури :: Тютюни за лула :: 7 Seas',1,''),(282,'2011-11-03 12:57:29',1,40,'59','Habanos Пури :: Тютюни за лула :: Velvet',1,''),(283,'2011-11-03 12:58:39',1,40,'60','Habanos Пури :: Тютюни за цигари',1,''),(284,'2011-11-03 12:59:24',1,40,'61','Habanos Пури :: Тютюни за цигари :: Bali Shag',1,''),(285,'2011-11-03 12:59:59',1,40,'62','Habanos Пури :: Тютюни за цигари :: Home Roll',1,''),(286,'2011-11-03 13:01:43',1,40,'63','Habanos Пури :: Тютюни за цигари :: Mac Baren ',1,''),(287,'2011-11-03 13:02:24',1,40,'64','Habanos Пури :: Тютюни за цигари :: Unitas Excellent',1,''),(288,'2011-11-03 13:03:01',1,40,'65','Habanos Пури :: Тютюни за цигари :: Lexington',1,''),(289,'2011-11-03 13:04:25',1,40,'66','Habanos Пури :: Цигари',1,''),(290,'2011-11-03 13:05:11',1,40,'67','Habanos Пури :: Цигари :: Black Devil',1,''),(291,'2011-11-03 13:05:39',1,40,'68','Habanos Пури :: Цигари :: Che',1,''),(292,'2011-11-03 13:06:21',1,40,'69','Habanos Пури :: Цигари :: Lexington',1,''),(293,'2011-11-03 13:06:55',1,40,'70','Habanos Пури :: Аксесоари',1,''),(294,'2011-11-03 13:07:39',1,40,'71','Habanos Пури :: Аксесоари :: АКСЕСОАРИ ЗА ПУШЕНЕ',1,''),(295,'2011-11-03 14:10:00',1,40,'72','Habanos Пури :: Аксесоари :: PORSCHE DESIGN',1,''),(296,'2011-11-03 14:10:38',1,40,'73','Habanos Пури :: Аксесоари :: ДРУГИ',1,''),(297,'2011-11-03 14:12:04',1,40,'74','Habanos Пури :: Аксесоари :: CUBA GOURMET',1,''),(298,'2011-11-03 14:12:50',1,40,'75','Habanos Пури :: Умидори',1,''),(299,'2011-11-03 14:13:49',1,40,'76','Habanos Пури :: Умидори :: Porsche Design Р’3681',1,''),(300,'2011-11-03 14:14:30',1,40,'77','Habanos Пури :: Умидори :: Porsche Design Р’3682',1,''),(301,'2011-11-03 14:15:09',1,40,'78','Habanos Пури :: Умидори :: Robusto',1,''),(302,'2011-11-03 14:16:12',1,40,'79','Habanos Пури :: Умидори :: Bello Horizonte',1,''),(303,'2011-11-03 14:18:36',1,40,'80','Habanos Пури :: Умидори :: Classique Mahagon ',1,''),(304,'2011-11-03 14:18:42',1,40,'80','Habanos Пури :: Умидори :: Classique Mahagon',2,'Changed name.'),(305,'2011-11-03 14:19:54',1,40,'81','Habanos Пури :: Умидори :: Colibri Brown ',1,''),(306,'2011-11-03 14:21:24',1,40,'82','Habanos Пури :: Умидори :: HM-707C Travel-Size Brown-Croc Leather',1,''),(307,'2011-11-03 14:22:49',1,40,'83','Habanos Пури :: Умидори :: HM-1000V Mahogany Lift-Up Humidor',1,''),(308,'2011-11-03 14:23:48',1,40,'84','Habanos Пури :: Умидори :: HM-1000B Black Lift-Up Humidor',1,''),(309,'2011-11-03 14:25:44',1,40,'85','Habanos Пури :: Умидори :: Ben Wade Pilot Lamborghini 70 sz High Laq-Yellow HM010',1,''),(310,'2011-11-03 14:26:15',1,40,'86','Habanos Пури :: Умидори :: Cuban Cedar-Walnut',1,''),(311,'2011-11-03 14:26:48',1,40,'87','Habanos Пури :: Умидори :: Partagas',1,''),(312,'2011-11-03 14:27:29',1,40,'88','Habanos Пури :: Умидори :: Romeo y Julieta',1,''),(313,'2011-11-03 14:45:21',1,40,'89','Habanos Пури :: Умидори :: Elie Bleu Che Pop Art 4 Colours CH15SYPOP11',1,''),(314,'2011-11-03 14:54:46',1,40,'90','Habanos Пури :: Умидори :: Elie Bleu Che Natural Sycamore CH15SY110S',1,''),(315,'2011-11-04 09:09:10',1,40,'91','Habanos Пури :: Умидори :: Elie Bleu New Medals Black Sycomore NM15SY110N',1,''),(316,'2011-11-04 09:10:38',1,40,'92','Habanos Пури :: Умидори :: Elie Bleu Cabinet Grey Plane Tree',1,''),(317,'2011-11-04 09:11:45',1,40,'93','Habanos Пури :: Умидори :: Michel Perrenoud Box Black With Clock',1,''),(318,'2011-11-04 09:12:56',1,40,'89','Habanos Пури :: Умидори :: Elie Bleu Che Pop Art 4 Colours CH15SYPOP11',3,''),(319,'2011-11-04 09:12:56',1,40,'90','Habanos Пури :: Умидори :: Elie Bleu Che Natural Sycamore CH15SY110S',3,''),(320,'2011-11-04 09:12:56',1,40,'91','Habanos Пури :: Умидори :: Elie Bleu New Medals Black Sycomore NM15SY110N',3,''),(321,'2011-11-04 09:12:56',1,40,'92','Habanos Пури :: Умидори :: Elie Bleu Cabinet Grey Plane Tree',3,''),(322,'2011-11-04 09:12:56',1,40,'93','Habanos Пури :: Умидори :: Michel Perrenoud Box Black With Clock',3,''),(323,'2011-11-04 09:14:04',1,40,'76','Habanos Пури :: Умидори :: Porsche Design Р’3681',3,''),(324,'2011-11-04 09:14:04',1,40,'77','Habanos Пури :: Умидори :: Porsche Design Р’3682',3,''),(325,'2011-11-04 09:14:04',1,40,'78','Habanos Пури :: Умидори :: Robusto',3,''),(326,'2011-11-04 09:14:04',1,40,'79','Habanos Пури :: Умидори :: Bello Horizonte',3,''),(327,'2011-11-04 09:14:04',1,40,'80','Habanos Пури :: Умидори :: Classique Mahagon',3,''),(328,'2011-11-04 09:14:04',1,40,'81','Habanos Пури :: Умидори :: Colibri Brown ',3,''),(329,'2011-11-04 09:14:04',1,40,'82','Habanos Пури :: Умидори :: HM-707C Travel-Size Brown-Croc Leather',3,''),(330,'2011-11-04 09:14:04',1,40,'83','Habanos Пури :: Умидори :: HM-1000V Mahogany Lift-Up Humidor',3,''),(331,'2011-11-04 09:14:04',1,40,'84','Habanos Пури :: Умидори :: HM-1000B Black Lift-Up Humidor',3,''),(332,'2011-11-04 09:14:04',1,40,'85','Habanos Пури :: Умидори :: Ben Wade Pilot Lamborghini 70 sz High Laq-Yellow HM010',3,''),(333,'2011-11-04 09:14:04',1,40,'86','Habanos Пури :: Умидори :: Cuban Cedar-Walnut',3,''),(334,'2011-11-04 09:14:04',1,40,'87','Habanos Пури :: Умидори :: Partagas',3,''),(335,'2011-11-04 09:14:04',1,40,'88','Habanos Пури :: Умидори :: Romeo y Julieta',3,''),(336,'2011-11-04 09:18:06',1,40,'76','Habanos Пури :: Запалки',1,''),(337,'2011-11-04 09:18:49',1,40,'77','Habanos Пури :: Запалки :: Porsche Design',1,''),(338,'2011-11-04 09:19:50',1,40,'78','Habanos Пури :: Запалки :: Tonino Lamborghini',1,''),(339,'2011-11-04 09:20:18',1,40,'79','Habanos Пури :: Запалки :: Colibri',1,''),(340,'2011-11-04 09:20:41',1,40,'80','Habanos Пури :: Запалки :: Sarome',1,''),(341,'2011-11-04 09:21:06',1,40,'81','Habanos Пури :: Запалки :: Siglo',1,''),(342,'2011-11-04 09:21:36',1,40,'82','Habanos Пури :: Запалки :: Pierre Cardin',1,''),(343,'2011-11-04 09:22:08',1,40,'83','Habanos Пури :: Запалки :: Caseti',1,''),(344,'2011-11-04 09:22:38',1,40,'84','Habanos Пури :: Запалки :: Z-PLUS',1,''),(345,'2011-11-04 09:23:05',1,40,'85','Habanos Пури :: Запалки :: Firebird',1,''),(346,'2011-11-04 09:23:28',1,40,'86','Habanos Пури :: Запалки :: V-Fire',1,''),(347,'2011-11-04 09:24:10',1,40,'87','Habanos Пури :: Резачки',1,''),(348,'2011-11-04 09:24:49',1,40,'88','Habanos Пури :: Резачки :: Cohiba',1,''),(349,'2011-11-04 09:25:17',1,40,'89','Habanos Пури :: Резачки :: Montecristo',1,''),(350,'2011-11-04 09:25:54',1,40,'90','Habanos Пури :: Резачки :: Porsche Design',1,''),(351,'2011-11-04 09:28:18',1,40,'91','Habanos Пури :: Резачки :: Donatus',1,''),(352,'2011-11-04 09:29:00',1,40,'92','Habanos Пури :: Резачки :: Tonino Lamborghini',1,''),(353,'2011-11-04 09:29:30',1,40,'93','Habanos Пури :: Резачки :: Siglo',1,''),(354,'2011-11-04 09:30:05',1,40,'94','Habanos Пури :: Резачки :: Colibri',1,''),(355,'2011-11-04 09:30:46',1,40,'95','Habanos Пури :: Резачки :: Solingen',1,''),(356,'2011-11-04 09:31:29',1,40,'96','Habanos Пури :: Резачки :: Pierre Cardin',1,''),(357,'2011-11-04 09:32:03',1,40,'97','Habanos Пури :: Резачки :: Caseti',1,''),(358,'2011-11-04 09:32:32',1,40,'98','Habanos Пури :: Резачки :: Vector',1,''),(359,'2011-11-04 09:34:08',1,40,'99','Habanos Пури :: Резачки :: Други',1,''),(360,'2011-11-04 09:35:12',1,40,'100','Habanos Пури :: Пепелници',1,''),(361,'2011-11-04 09:36:37',1,40,'101','Habanos Пури :: Калъфи за пури',1,''),(362,'2011-11-04 09:37:14',1,40,'102','Habanos Пури :: Калъфи за пури :: Habanos',1,''),(363,'2011-11-04 09:38:01',1,40,'103','Habanos Пури :: Калъфи за пури :: Cigarillos Case',1,''),(364,'2011-11-04 09:38:35',1,40,'104','Habanos Пури :: Калъфи за пури :: Siglo',1,''),(365,'2011-11-04 09:39:05',1,40,'105','Habanos Пури :: Калъфи за пури :: Колибри',1,''),(366,'2011-11-04 09:39:39',1,40,'106','Habanos Пури :: Калъфи за пури :: Porsche Design',1,''),(367,'2011-11-04 09:40:18',1,40,'107','Habanos Пури :: Калъфи за пури :: Овлажнителни туби',1,''),(368,'2011-11-04 09:41:23',1,40,'108','Habanos Пури :: Колекции',1,''),(369,'2011-11-04 09:41:56',1,40,'109','Habanos Пури :: Колекции :: Cohiba 40 Aniversario',1,''),(370,'2011-11-04 09:42:33',1,40,'110','Habanos Пури :: Колекции :: Tonino Lamborghini',1,''),(371,'2011-11-04 09:43:01',1,40,'111','Habanos Пури :: Колекции :: Montecristo Oro',1,''),(372,'2011-11-04 09:43:30',1,40,'112','Habanos Пури :: Колекции :: Montecristo Plateado',1,''),(373,'2011-11-04 09:44:00',1,40,'113','Habanos Пури :: Колекции :: Caseti',1,''),(374,'2011-11-04 09:45:05',1,40,'114','Habanos Пури :: Колекции :: Cohiba Collection Damasquinado Oro',1,''),(375,'2011-11-04 09:45:41',1,40,'115','Habanos Пури :: Колекции :: Колибри',1,''),(376,'2011-11-04 09:47:22',1,40,'116','Habanos Пури :: Подаръчни комплекти',1,''),(377,'2011-11-04 09:49:43',1,40,'117','Habanos Пури :: Подаръчни комплекти :: Colibri',1,''),(378,'2011-11-07 09:14:51',1,40,'118','Habanos Пури :: Подаръчни комплекти :: Hadson',1,''),(379,'2011-11-07 09:15:40',1,40,'119','Habanos Пури :: Подаръчни комплекти :: Pierre Cardin',1,''),(380,'2011-11-07 09:16:10',1,40,'120','Habanos Пури :: Подаръчни комплекти :: Caseti',1,''),(381,'2011-11-07 09:17:57',1,40,'121','Habanos Пури :: Подаръчни комплекти :: Комплекти за лула',1,''),(382,'2011-11-07 09:19:27',1,40,'122','Habanos Пури :: Подаръчни комплекти :: Комплекти с умидор',1,''),(383,'2011-11-07 09:20:41',1,40,'123','Habanos Пури :: Лули',1,''),(384,'2011-11-07 09:21:13',1,40,'124','Habanos Пури :: Лули :: Porsche Design',1,''),(385,'2011-11-07 09:21:43',1,40,'125','Habanos Пури :: Лули :: Stanwell',1,''),(386,'2011-11-07 09:22:35',1,40,'126','Habanos Пури :: Лули :: Big Ben',1,''),(387,'2011-11-07 10:40:07',1,49,'106','Compay',1,''),(388,'2011-11-07 13:25:10',1,49,'107','Cristales',1,''),(389,'2011-11-07 13:33:34',1,49,'108','Decimos',1,''),(390,'2011-11-07 13:36:19',1,49,'109','Puritos',1,''),(391,'2011-11-07 13:40:07',1,49,'110','Belinda',1,''),(392,'2011-11-07 13:43:10',1,49,'111','Villiger Premium N1 Sumatra',1,''),(393,'2011-11-07 13:45:48',1,49,'112','Villiger Premium N7 Sumatra',1,''),(394,'2011-11-07 13:46:55',1,49,'113','Villiger Premium N3 Sumatra',1,''),(395,'2011-11-07 13:47:46',1,49,'114','Villiger Premium N8 Aromatic',1,''),(396,'2011-11-07 16:02:27',1,52,'6','Опаковка',1,''),(397,'2011-11-07 16:11:42',1,52,'7','Аромат',1,''),(398,'2011-11-07 16:12:00',1,52,'8','Друга информация',1,''),(399,'2011-11-07 16:12:18',1,52,'9','Произход',1,''),(400,'2011-11-07 16:17:48',1,49,'115','Agio Tip Filter',1,''),(401,'2011-11-07 16:19:08',1,49,'116','Agio Sweet Tip ',1,''),(402,'2011-11-07 16:20:29',1,49,'117','Agio Clair Tip',1,''),(403,'2011-11-07 16:23:05',1,49,'118','Mehari`s Sweet Orient Filter',1,''),(404,'2011-11-07 16:24:19',1,49,'119','Mahari’s Orient Filter tin',1,''),(405,'2011-11-07 16:26:00',1,49,'120','Mahari’s Java',1,''),(406,'2011-11-07 16:26:53',1,49,'121','Mahari’s Ecuador',1,''),(407,'2011-11-07 16:29:30',1,49,'122','Mahari’s Sweet Orient',1,''),(408,'2011-11-07 16:30:49',1,49,'123','Mahari’s Brasil',1,''),(409,'2011-11-08 09:23:12',1,49,'124','Panter Dessert Filter',1,''),(410,'2011-11-08 09:25:17',1,49,'125','Panter Arome',1,''),(411,'2011-11-08 09:26:32',1,49,'126','Panter Blue',1,''),(412,'2011-11-08 09:28:16',1,49,'127','Panter Small',1,''),(413,'2011-11-08 09:29:49',1,49,'128','Panter Sprint',1,''),(414,'2011-11-08 09:31:01',1,49,'129','Panter Senioritas',1,''),(415,'2011-11-08 09:36:21',1,49,'130','Villiger Premium Honey Filter',1,''),(416,'2011-11-08 09:38:00',1,49,'131','Villiger Premium Vanilla Filter',1,''),(417,'2011-11-08 09:39:24',1,49,'132','Villiger Premium Whisky Filter',1,''),(418,'2011-11-08 09:40:34',1,49,'133','Villiger Premium Cherry Filter',1,''),(419,'2011-11-08 09:41:43',1,49,'134','Villiger Premium Coffee Filter',1,''),(420,'2011-11-08 09:42:47',1,49,'135','Villiger Premium Dark Chocolate Filter',1,''),(421,'2011-11-08 09:45:22',1,49,'136','Villiger Premium N6 Cherry',1,''),(422,'2011-11-08 09:46:37',1,49,'137','Villiger Premium N6 Honey',1,''),(423,'2011-11-08 09:50:49',1,49,'138','Villiger Rillos',1,''),(424,'2011-11-08 09:53:04',1,49,'139','Villiger Premium Whisky',1,''),(425,'2011-11-08 10:16:38',1,49,'140','Villiger Premium Vanilla',1,''),(426,'2011-11-08 10:19:01',1,49,'141','Villiger Premium Honey',1,''),(427,'2011-11-08 10:21:48',1,49,'142','Cohiba Mini',1,''),(428,'2011-11-08 10:23:10',1,49,'143','Montecristo Mini',1,''),(429,'2011-11-08 10:23:50',1,49,'144','Partagás Mini',1,''),(430,'2011-11-08 10:24:43',1,49,'145','Cohiba Club',1,''),(431,'2011-11-08 10:25:32',1,49,'146','Montecristo Club',1,''),(432,'2011-11-08 10:26:45',1,49,'147','Partagás Club',1,''),(433,'2011-11-08 10:27:27',1,49,'148','Romeo y Julieta Club',1,''),(434,'2011-11-08 10:28:24',1,49,'149','Partagas Chicos',1,''),(435,'2011-11-08 10:29:07',1,49,'150','Romeo y Julieta Puritos',1,''),(436,'2011-11-08 10:49:38',1,49,'151','Clan Aromatic',1,''),(437,'2011-11-08 10:50:44',1,49,'152','Clan Fine Aromatic',1,''),(438,'2011-11-08 10:51:55',1,49,'153','Clan Highland Gold',1,''),(439,'2011-11-08 10:54:49',1,49,'154','W. O. Larsen 1864',1,''),(440,'2011-11-08 10:56:32',1,49,'155','W. O. Larsen Classic',1,''),(441,'2011-11-08 10:57:50',1,49,'156','W. O. Larsen Signature',1,''),(442,'2011-11-08 10:59:09',1,49,'157','W. O. Larsen Old Fashioned',1,''),(443,'2011-11-08 11:00:53',1,49,'158','Stanwell Classic',1,''),(444,'2011-11-08 11:01:56',1,49,'159','Stanwell Full Aroma',1,''),(445,'2011-11-08 11:03:00',1,49,'160','Stanwell Melange',1,''),(446,'2011-11-08 11:04:14',1,49,'161','Stanwell Vanilla',1,''),(447,'2011-11-08 11:05:48',1,49,'162','Alsbo Black',1,''),(448,'2011-11-08 11:07:27',1,49,'163','Erinmore Mixture',1,''),(449,'2011-11-08 11:09:07',1,49,'164','Colts American Mixture',1,''),(450,'2011-11-08 11:10:00',1,49,'165','Colts Gold Deluxe',1,''),(451,'2011-11-08 11:11:45',1,49,'166','Original Choice',1,''),(452,'2011-11-08 11:12:45',1,49,'167','Aromatic Choice',1,''),(453,'2011-11-08 11:14:11',1,49,'168','Black Ambrosia',1,''),(454,'2011-11-08 11:15:00',1,49,'169','Cherry Ambrosia',1,''),(455,'2011-11-08 11:15:47',1,49,'170','Golden Ambrosia',1,''),(456,'2011-11-08 11:29:29',1,49,'171','7 Seas Gold Blend',1,''),(457,'2011-11-08 12:02:40',1,49,'172','7 Seas Regular Blend',1,''),(458,'2011-11-08 12:54:01',1,49,'173','7 Seas Royal Blend',1,''),(459,'2011-11-08 12:54:51',1,49,'174','Velvet Red',1,''),(460,'2011-11-08 12:56:54',1,49,'175','Velvet Green',1,''),(461,'2011-11-08 12:58:48',1,49,'176','Bali Shag Halfzware',1,''),(462,'2011-11-08 12:59:20',1,49,'176','Bali Shag Halfzware',2,'Changed description and taxable.'),(463,'2011-11-08 13:00:23',1,49,'177','Bali Shag Mellow Taste Virginia',1,''),(464,'2011-11-08 13:01:14',1,49,'178','Bali Shag Rounded Virginia',1,''),(465,'2011-11-08 13:32:02',1,49,'179','Mac Baren Aromatic Choice RYO',1,''),(466,'2011-11-08 13:34:15',1,49,'180','Mac Baren Cherry Choice RYO',1,''),(467,'2011-11-08 13:35:18',1,49,'181','Mac Baren Grape Choice RYO',1,''),(468,'2011-11-08 13:36:29',1,49,'182','Mac Baren Original Choice RYO',1,''),(469,'2011-11-08 13:39:12',1,49,'183','Mac Baren Vanilla Choice RYO',1,''),(470,'2011-11-08 13:41:12',1,49,'184','Mac Baren Ice Tea Choice RYO',1,''),(471,'2011-11-08 13:46:36',1,49,'185','Mac Baren Apple Choice RYO',1,''),(472,'2011-11-08 13:52:47',1,49,'186','Unitas Excellent Mango',1,''),(473,'2011-11-08 13:54:23',1,49,'187','Unitas Excellent Kir Royal',1,''),(474,'2011-11-08 13:55:10',1,49,'188','Unitas Excellent Vanilla',1,''),(475,'2011-11-08 13:55:47',1,49,'189','Unitas Excellent Cherry',1,''),(476,'2011-11-08 13:56:59',1,49,'190','Unitas Excellent Strawberry',1,''),(477,'2011-11-08 13:57:52',1,49,'191','Unitas Excellent Menthol',1,''),(478,'2011-11-08 14:09:07',1,49,'192','Lexington American Blend',1,''),(479,'2011-11-08 14:09:45',1,49,'193','Lexington Blue',1,''),(480,'2011-11-08 14:10:29',1,49,'194','Lexington Virginia',1,''),(481,'2011-11-08 14:11:06',1,49,'195','Lexington Vanilla',1,''),(482,'2011-11-08 14:34:14',1,49,'196','Black Devil Special Flavour',1,''),(483,'2011-11-08 14:34:48',1,49,'197','Black Devil Finest Flavour',1,''),(484,'2011-11-08 14:35:25',1,49,'198','Black Devil Cherry Flavour',1,''),(485,'2011-11-09 09:43:02',1,49,'199','Che Red',1,''),(486,'2011-11-09 09:44:54',1,49,'200','Lexington Blue',1,''),(487,'2011-11-09 09:45:26',1,49,'201','Lexington Red',1,''),(488,'2011-11-09 09:52:32',1,40,'36','Пури и пурети',2,'Changed slug.'),(489,'2011-11-09 09:54:18',1,40,'36','Пури и пурети',2,'Changed slug.'),(490,'2011-11-09 10:00:19',1,40,'127','Habanos Пури :: Аксесоари :: АКСЕСОАРИ ЗА ПУШЕНЕ :: Умидори',1,''),(491,'2011-11-09 10:01:03',1,40,'128','Habanos Пури :: Аксесоари :: АКСЕСОАРИ ЗА ПУШЕНЕ :: Запалки',1,''),(492,'2011-11-09 10:02:19',1,40,'129','Habanos Пури :: Аксесоари :: АКСЕСОАРИ ЗА ПУШЕНЕ :: Резачки',1,''),(493,'2011-11-09 10:03:15',1,40,'130','Habanos Пури :: Аксесоари :: АКСЕСОАРИ ЗА ПУШЕНЕ :: Пепелници',1,''),(494,'2011-11-09 10:06:46',1,40,'131','Habanos Пури :: Аксесоари :: АКСЕСОАРИ ЗА ПУШЕНЕ :: Калъфи за пури',1,''),(495,'2011-11-09 10:08:05',1,40,'74','Habanos Пури :: Аксесоари :: CUBA GOURMET',3,''),(496,'2011-11-09 10:08:05',1,40,'75','Habanos Пури :: Умидори',3,''),(497,'2011-11-09 10:08:05',1,40,'76','Habanos Пури :: Запалки',3,''),(498,'2011-11-09 10:08:05',1,40,'77','Habanos Пури :: Запалки :: Porsche Design',3,''),(499,'2011-11-09 10:08:05',1,40,'78','Habanos Пури :: Запалки :: Tonino Lamborghini',3,''),(500,'2011-11-09 10:08:05',1,40,'79','Habanos Пури :: Запалки :: Colibri',3,''),(501,'2011-11-09 10:08:05',1,40,'80','Habanos Пури :: Запалки :: Sarome',3,''),(502,'2011-11-09 10:08:05',1,40,'81','Habanos Пури :: Запалки :: Siglo',3,''),(503,'2011-11-09 10:08:05',1,40,'82','Habanos Пури :: Запалки :: Pierre Cardin',3,''),(504,'2011-11-09 10:08:05',1,40,'83','Habanos Пури :: Запалки :: Caseti',3,''),(505,'2011-11-09 10:08:05',1,40,'84','Habanos Пури :: Запалки :: Z-PLUS',3,''),(506,'2011-11-09 10:08:05',1,40,'85','Habanos Пури :: Запалки :: Firebird',3,''),(507,'2011-11-09 10:08:05',1,40,'86','Habanos Пури :: Запалки :: V-Fire',3,''),(508,'2011-11-09 10:08:05',1,40,'87','Habanos Пури :: Резачки',3,''),(509,'2011-11-09 10:08:05',1,40,'88','Habanos Пури :: Резачки :: Cohiba',3,''),(510,'2011-11-09 10:08:05',1,40,'89','Habanos Пури :: Резачки :: Montecristo',3,''),(511,'2011-11-09 10:08:05',1,40,'90','Habanos Пури :: Резачки :: Porsche Design',3,''),(512,'2011-11-09 10:08:05',1,40,'91','Habanos Пури :: Резачки :: Donatus',3,''),(513,'2011-11-09 10:08:05',1,40,'92','Habanos Пури :: Резачки :: Tonino Lamborghini',3,''),(514,'2011-11-09 10:08:05',1,40,'93','Habanos Пури :: Резачки :: Siglo',3,''),(515,'2011-11-09 10:08:05',1,40,'94','Habanos Пури :: Резачки :: Colibri',3,''),(516,'2011-11-09 10:08:05',1,40,'95','Habanos Пури :: Резачки :: Solingen',3,''),(517,'2011-11-09 10:08:05',1,40,'96','Habanos Пури :: Резачки :: Pierre Cardin',3,''),(518,'2011-11-09 10:08:05',1,40,'97','Habanos Пури :: Резачки :: Caseti',3,''),(519,'2011-11-09 10:08:05',1,40,'98','Habanos Пури :: Резачки :: Vector',3,''),(520,'2011-11-09 10:08:05',1,40,'99','Habanos Пури :: Резачки :: Други',3,''),(521,'2011-11-09 10:08:05',1,40,'100','Habanos Пури :: Пепелници',3,''),(522,'2011-11-09 10:08:05',1,40,'101','Habanos Пури :: Калъфи за пури',3,''),(523,'2011-11-09 10:10:28',1,40,'108','Habanos Пури :: Колекции',3,''),(524,'2011-11-09 10:10:28',1,40,'109','Habanos Пури :: Колекции :: Cohiba 40 Aniversario',3,''),(525,'2011-11-09 10:10:28',1,40,'110','Habanos Пури :: Колекции :: Tonino Lamborghini',3,''),(526,'2011-11-09 10:10:28',1,40,'111','Habanos Пури :: Колекции :: Montecristo Oro',3,''),(527,'2011-11-09 10:10:28',1,40,'112','Habanos Пури :: Колекции :: Montecristo Plateado',3,''),(528,'2011-11-09 10:10:28',1,40,'113','Habanos Пури :: Колекции :: Caseti',3,''),(529,'2011-11-09 10:10:28',1,40,'114','Habanos Пури :: Колекции :: Cohiba Collection Damasquinado Oro',3,''),(530,'2011-11-09 10:10:28',1,40,'115','Habanos Пури :: Колекции :: Колибри',3,''),(531,'2011-11-09 10:10:28',1,40,'116','Habanos Пури :: Подаръчни комплекти',3,''),(532,'2011-11-09 10:10:28',1,40,'117','Habanos Пури :: Подаръчни комплекти :: Colibri',3,''),(533,'2011-11-09 10:10:28',1,40,'118','Habanos Пури :: Подаръчни комплекти :: Hadson',3,''),(534,'2011-11-09 10:10:28',1,40,'119','Habanos Пури :: Подаръчни комплекти :: Pierre Cardin',3,''),(535,'2011-11-09 10:10:28',1,40,'120','Habanos Пури :: Подаръчни комплекти :: Caseti',3,''),(536,'2011-11-09 10:10:28',1,40,'121','Habanos Пури :: Подаръчни комплекти :: Комплекти за лула',3,''),(537,'2011-11-09 10:10:28',1,40,'122','Habanos Пури :: Подаръчни комплекти :: Комплекти с умидор',3,''),(538,'2011-11-09 10:10:28',1,40,'123','Habanos Пури :: Лули',3,''),(539,'2011-11-09 10:10:28',1,40,'124','Habanos Пури :: Лули :: Porsche Design',3,''),(540,'2011-11-09 10:10:28',1,40,'125','Habanos Пури :: Лули :: Stanwell',3,''),(541,'2011-11-09 10:10:28',1,40,'126','Habanos Пури :: Лули :: Big Ben',3,''),(542,'2011-11-09 10:12:08',1,40,'132','Habanos Пури :: Аксесоари :: АКСЕСОАРИ ЗА ПУШЕНЕ :: Колекции',1,''),(543,'2011-11-09 10:16:35',1,40,'33','Habanos Пури :: Minis Cubanos :: Romeo y Julieta',2,'Changed slug.'),(544,'2011-11-09 10:16:50',1,40,'34','Habanos Пури :: Minis Cubanos :: Partagas',2,'Changed slug.'),(545,'2011-11-09 10:17:03',1,40,'35','Habanos Пури :: Minis Cubanos :: Punch',2,'Changed slug.'),(546,'2011-11-09 10:20:24',1,40,'45','Пури и пурети :: Пурети :: MEHARI`S',2,'Changed slug.'),(547,'2011-11-09 10:21:16',1,40,'51','Habanos Пури :: Тютюни за лула :: W. O. Larsen',2,'Changed slug.'),(548,'2011-11-09 10:22:41',1,40,'63','Habanos Пури :: Тютюни за цигари :: Mac Baren',2,'Changed name.'),(549,'2011-11-09 11:21:34',1,40,'133','Habanos Пури :: Аксесоари :: АКСЕСОАРИ ЗА ПУШЕНЕ :: Подаръчни комплекти',1,''),(550,'2011-11-09 11:22:27',1,40,'134','Habanos Пури :: Аксесоари :: АКСЕСОАРИ ЗА ПУШЕНЕ :: Лули',1,''),(551,'2011-11-09 11:23:23',1,40,'135','Habanos Пури :: Аксесоари :: PORSCHE DESIGN :: Porsche Design Shisha',1,''),(552,'2011-11-09 11:26:54',1,40,'136','Habanos Пури :: Аксесоари :: PORSCHE DESIGN :: Porsche Design Useful things',1,''),(553,'2011-11-09 11:27:51',1,40,'137','Habanos Пури :: Аксесоари :: PORSCHE DESIGN :: Porsche Design Writing tolls',1,''),(554,'2011-11-09 11:29:36',1,40,'138','Habanos Пури :: Аксесоари :: ДРУГИ :: Сувенири',1,''),(555,'2011-11-09 11:30:16',1,40,'139','Habanos Пури :: Аксесоари :: ДРУГИ :: Декорация',1,''),(556,'2011-11-09 11:30:55',1,40,'140','Habanos Пури :: Аксесоари :: ДРУГИ :: Книги',1,''),(557,'2011-11-09 11:37:59',1,52,'10','Материал',1,''),(558,'2011-11-09 11:38:18',1,52,'11','Характеристики',1,''),(559,'2011-11-09 11:40:28',1,49,'202','Porsche Design Р’3681',1,''),(560,'2011-11-09 11:41:31',1,49,'203','Porsche Design Р’3682',1,''),(561,'2011-11-09 11:44:36',1,52,'12','Цвят',1,''),(562,'2011-11-09 11:44:49',1,52,'13','Пламък',1,''),(563,'2011-11-09 11:54:13',1,49,'111','Villiger Premium N1 Sumatra',2,'Changed taxable. Added Product Attribute `opakovka`. Added Product Attribute `aromat`. Added Product Attribute `druga-informaciya`. Added Product Attribute `proizhod`.'),(564,'2011-11-09 11:55:51',1,49,'112','Villiger Premium N7 Sumatra',2,'Changed taxable. Added Product Attribute `opakovka`. Added Product Attribute `aromat`. Added Product Attribute `druga-informaciya`. Added Product Attribute `proizhod`.'),(565,'2011-11-09 11:57:05',1,49,'113','Villiger Premium N3 Sumatra',2,'Changed taxable. Added Product Attribute `opakovka`. Added Product Attribute `aromat`. Added Product Attribute `druga-informaciya`. Added Product Attribute `proizhod`.'),(566,'2011-11-09 11:58:11',1,49,'114','Villiger Premium N8 Aromatic',2,'Changed taxable. Added Product Attribute `opakovka`. Added Product Attribute `aromat`. Added Product Attribute `druga-informaciya`. Added Product Attribute `proizhod`.'),(567,'2011-11-09 13:40:19',1,49,'110','Belinda',2,'Changed taxable. Added Product Attribute `aromat`.'),(568,'2011-11-09 13:44:07',1,49,'106','Compay',2,'Changed taxable. Added Product Attribute `opakovka`.'),(569,'2011-11-09 13:45:04',1,49,'107','Cristales',2,'Changed taxable. Added Product Attribute `opakovka`.'),(570,'2011-11-09 13:45:56',1,49,'108','Decimos',2,'Changed taxable. Added Product Attribute `opakovka`.'),(571,'2011-11-09 13:46:48',1,49,'109','Puritos',2,'Changed taxable. Added Product Attribute `opakovka`.'),(572,'2011-11-14 16:50:30',1,40,'141','sdfsdf',1,''),(573,'2011-11-14 16:50:42',1,40,'141','sdfsdf',3,''),(574,'2011-11-14 16:51:37',1,40,'7','Habanos Пури :: Habanos Premium :: Montecristo',2,'Добавени Category Image \"Image of Category montecristo\".'),(575,'2011-11-14 16:52:58',1,40,'8','Habanos Пури :: Habanos Premium :: Romeo y Julieta',2,'Добавени Category Image \"Image of Category romeo-y-julieta\".'),(576,'2011-11-14 16:53:22',1,40,'9','Habanos Пури :: Habanos Premium :: Partagas',2,'Добавени Category Image \"Image of Category partagas\".'),(577,'2011-11-14 16:53:50',1,40,'11','Habanos Пури :: Habanos Premium :: Hoyo de Monterrey',2,'Добавени Category Image \"Image of Category hoyo-de-monterrey\".'),(578,'2011-11-14 16:54:24',1,40,'12','Habanos Пури :: Habanos Premium :: H. Upmann',2,'Добавени Category Image \"Image of Category hupmann\".'),(579,'2011-11-14 16:55:02',1,40,'13','Habanos Пури :: Habanos Premium :: Trinidad',2,'Добавени Category Image \"Image of Category trinidad\".'),(580,'2011-11-14 16:55:27',1,40,'14','Habanos Пури :: Habanos Premium :: San Cristobal',2,'Добавени Category Image \"Image of Category san-cristobal\".'),(581,'2011-11-14 16:55:45',1,40,'15','Habanos Пури :: Habanos Premium :: Bolivar',2,'Добавени Category Image \"Image of Category bolivar\".'),(582,'2011-11-14 16:56:04',1,40,'16','Habanos Пури :: Habanos Premium :: Vegas Robaina',2,'Добавени Category Image \"Image of Category vegas-robaina\".'),(583,'2011-11-14 16:56:26',1,40,'17','Habanos Пури :: Habanos Premium :: Ramon Allones',2,'Добавени Category Image \"Image of Category ramon-allones\".'),(584,'2011-11-14 16:56:49',1,40,'18','Habanos Пури :: Habanos Premium :: Punch',2,'Добавени Category Image \"Image of Category punch\".'),(585,'2011-11-14 16:57:06',1,40,'19','Habanos Пури :: Habanos Premium :: Cuaba',2,'Добавени Category Image \"Image of Category cuaba\".'),(586,'2011-11-14 16:57:27',1,40,'20','Habanos Пури :: Habanos Premium :: Por Larranaga',2,'Добавени Category Image \"Image of Category por-larranaga\".'),(587,'2011-11-14 16:57:44',1,40,'21','Habanos Пури :: Habanos Premium :: Rafael Gonzalez',2,'Добавени Category Image \"Image of Category rafael-gonzalez\".'),(588,'2011-11-14 16:58:06',1,40,'22','Habanos Пури :: Habanos Premium :: Jose L. Piedra',2,'Добавени Category Image \"Image of Category jose-l-piedra\".'),(589,'2011-11-14 16:59:15',1,40,'23','Habanos Пури :: Habanos Specialties :: Ediciones Limitadas',2,'Добавени Category Image \"Image of Category ediciones-limitadas\".'),(590,'2011-11-14 16:59:49',1,40,'24','Habanos Пури :: Habanos Specialties :: Travel Retail',2,'Добавени Category Image \"Image of Category travel-retail\".'),(591,'2011-11-14 17:00:16',1,40,'25','Habanos Пури :: Habanos Specialties :: Coleccion Habanos - The Books',2,'Добавени Category Image \"Image of Category coleccion-habanos-the-books\".'),(592,'2011-11-14 17:00:38',1,40,'26','Habanos Пури :: Habanos Specialties :: Replicas',2,'Добавени Category Image \"Image of Category replicas\".'),(593,'2011-11-14 17:01:09',1,40,'27','Habanos Пури :: Habanos Specialties :: Selecciones',2,'Добавени Category Image \"Image of Category selecciones\".'),(594,'2011-11-14 17:01:31',1,40,'28','Habanos Пури :: Cuban Machine Made Cigars :: Guantanamera',2,'Добавени Category Image \"Image of Category guantanamera\".'),(595,'2011-11-14 17:02:01',1,40,'40','Пури и пурети :: Пури :: Belinda',2,'Добавени Category Image \"Image of Category belinda-cigars\".'),(596,'2011-11-14 17:04:12',1,49,'171','7 Seas Gold Blend',2,'Променен taxable. Добавени Цена \"33\".'),(597,'2011-11-14 17:10:51',1,49,'1','Cohiba Behike BHK 52',2,'Changed taxable. Changed price for Price \"20.00\". Changed picture for Product Image \"Image of Product cohiba-behike-bhk-52\".'),(598,'2011-11-14 17:21:16',1,49,'1','Cohiba Behike BHK 52',2,'Changed featured and taxable. Changed price for Price \"520.00\".'),(599,'2011-11-14 17:22:31',1,49,'171','7 Seas Gold Blend',2,'Changed taxable and related_items. Changed price for Price \"14.00\".'),(600,'2011-11-14 17:32:03',1,45,'1','Number',2,'Changed name. Changed name and value for Option Item \"Number: 3\". Changed name and value for Option Item \"Number: 25\". Deleted Option Item \"Number: Large\".'),(601,'2011-11-14 17:32:51',1,45,'3','Book type',3,''),(602,'2011-11-14 17:32:51',1,45,'2','colors',3,''),(603,'2011-11-14 17:32:51',1,45,'4','Full/Upgrade',3,''),(604,'2011-11-14 17:34:10',1,59,'5','cohiba-siglo-i',1,''),(605,'2011-11-14 17:34:15',1,60,'5','cohiba-siglo-i',1,''),(606,'2011-11-14 17:37:23',1,49,'1','Cohiba Behike BHK 52',2,'Changed category and taxable. Changed price for Price \"520.00\".'),(607,'2011-11-14 17:37:54',1,49,'2','Cohiba Behike BHK 54',2,'Changed category and taxable. Changed price for Price \"680.00\".'),(608,'2011-11-14 17:38:11',1,49,'3','Cohiba Behike BHK 56',2,'Changed category and taxable. Changed price for Price \"740.00\".'),(609,'2011-11-14 17:39:51',1,49,'1','Cohiba Behike BHK 52',2,'Changed ordering and taxable. Changed price for Price \"520.00\".'),(610,'2011-11-14 17:40:11',1,49,'2','Cohiba Behike BHK 54',2,'Changed ordering and taxable. Changed price for Price \"680.00\".'),(611,'2011-11-14 17:40:47',1,49,'3','Cohiba Behike BHK 56',2,'Changed ordering and taxable. Changed price for Price \"740.00\".'),(612,'2011-11-14 17:42:21',1,49,'13','Cohiba Maduro Genios',2,'Changed ordering and taxable. Changed price for Price \"400.00\".'),(613,'2011-11-14 17:42:50',1,49,'12','Cohiba Maduro Magicos',2,'Changed ordering and taxable. Changed price for Price \"365.00\".'),(614,'2011-11-14 17:43:14',1,49,'11','Cohiba Maduro Secretos',2,'Changed ordering and taxable. Changed price for Price \"185.00\".'),(615,'2011-11-14 17:43:32',1,49,'18','Cohiba Panetelas',2,'Changed ordering and taxable.'),(616,'2011-11-14 17:43:50',1,49,'16','Cohiba Exquisitos',2,'Changed ordering and taxable.'),(617,'2011-11-14 17:44:19',1,49,'18','Cohiba Panetelas',2,'Changed taxable.'),(618,'2011-11-14 17:44:38',1,49,'19','Cohiba Robustos',2,'Changed ordering and taxable.'),(619,'2011-11-14 17:44:49',1,49,'16','Cohiba Exquisitos',2,'Changed taxable.'),(620,'2011-11-14 17:45:04',1,49,'5','Cohiba Siglo I ',2,'Changed ordering and taxable. Changed price for Price \"90.00\".'),(621,'2011-11-14 17:45:15',1,49,'6','Cohiba Siglo II',2,'Changed ordering and taxable. Changed price for Price \"562.50\".'),(622,'2011-11-14 17:45:27',1,49,'7','Cohiba Siglo III',2,'Changed ordering and taxable. Changed price for Price \"135.00\".'),(623,'2011-11-14 17:45:41',1,49,'8','Cohiba Siglo IV',2,'Changed ordering and taxable.'),(624,'2011-11-14 17:45:58',1,49,'9','Cohiba Siglo V',2,'Changed ordering and taxable.'),(625,'2011-11-14 17:46:14',1,49,'10','Cohiba Siglo VI',2,'Changed ordering and taxable.'),(626,'2011-11-14 17:47:34',1,49,'10','Cohiba Siglo VI',2,'Changed ordering and taxable.'),(627,'2011-11-14 17:47:47',1,49,'9','Cohiba Siglo V',2,'Changed ordering and taxable.'),(628,'2011-11-14 17:48:01',1,49,'8','Cohiba Siglo IV',2,'Changed ordering and taxable.'),(629,'2011-11-14 17:48:14',1,49,'7','Cohiba Siglo III',2,'Changed ordering and taxable. Changed price for Price \"135.00\".'),(630,'2011-11-14 17:48:32',1,49,'6','Cohiba Siglo II',2,'Changed ordering and taxable. Changed price for Price \"562.50\".'),(631,'2011-11-14 17:48:46',1,49,'5','Cohiba Siglo I ',2,'Changed ordering and taxable. Changed price for Price \"90.00\".'),(632,'2011-11-14 17:49:02',1,49,'17','Cohiba Lanceros',2,'Changed ordering and taxable.'),(633,'2011-11-14 17:49:20',1,49,'15','Cohiba Esplendidos',2,'Changed ordering and taxable.'),(634,'2011-11-14 17:49:32',1,49,'14','Cohiba Corona Especial',2,'Changed ordering and taxable.'),(635,'2011-11-15 09:11:23',1,40,'30','Habanos Пури :: Minis Cubanos',2,'Добавени Category Image \"Image of Category minis-cubanos\".'),(636,'2011-11-15 09:12:36',1,40,'5','Habanos Пури :: Habanos Specialties :: Only La Casa del Habano',2,'Добавени Category Image \"Image of Category only-la-casa-del-habano\".'),(637,'2011-11-15 09:52:11',1,49,'1','Cohiba Behike BHK 52',2,'Changed description and taxable. Changed price for Price \"520.00\".'),(638,'2011-11-15 09:52:50',1,49,'1','Cohiba Behike BHK 52',2,'Changed description and taxable. Changed price for Price \"520.00\".'),(639,'2011-11-15 09:53:37',1,49,'1','Cohiba Behike BHK 52',2,'Changed taxable. Changed value for Product Attribute \"kalibr\". Changed value for Product Attribute \"sila\". Changed price for Price \"520.00\".'),(640,'2011-11-15 09:54:45',1,49,'1','Cohiba Behike BHK 52',2,'Changed taxable. Changed price for Price \"520.00\". Changed picture for Product Image \"Image of Product cohiba-behike-bhk-52\".'),(641,'2011-11-15 09:56:03',1,49,'1','Cohiba Behike BHK 52',2,'Changed taxable. Changed price for Price \"520.00\". Changed picture for Product Image \"Image of Product cohiba-behike-bhk-52\".'),(642,'2011-11-15 09:58:12',1,49,'1','Cohiba Behike BHK 52',2,'Changed taxable. Changed price for Price \"520.00\". Changed picture for Product Image \"Image of Product cohiba-behike-bhk-52\".'),(643,'2011-11-15 10:43:29',1,49,'204','Especially Selected',1,''),(644,'2011-11-15 11:09:02',1,49,'82','Romeo y Julieta Duke 2009',2,'Променен name и taxable.'),(645,'2011-11-15 11:10:52',1,49,'83','Montecristo Grand Edmundo - 2010',2,'Променен name и taxable.'),(646,'2011-11-15 11:11:56',1,49,'84','Partagas Serie D Especial - 2010',2,'Променен name и taxable.'),(647,'2011-11-15 11:12:08',1,59,'5','cohiba-siglo-i',2,'No fields changed.'),(648,'2011-11-15 11:15:35',1,59,'5','cohiba-siglo-i',3,''),(649,'2011-11-15 11:19:34',1,40,'60','Тютюни за цигари',2,'Changed parent.'),(650,'2011-11-15 11:20:09',1,40,'49','Тютюни за лула',2,'Changed parent.'),(651,'2011-11-15 11:20:34',1,40,'70','Аксесоари',2,'Changed parent.'),(652,'2011-11-15 11:21:41',1,40,'66','Цигари',2,'Changed parent.'),(653,'2011-11-15 11:25:23',1,40,'71','Аксесоари :: Аксесоари за пушене',2,'Changed name.'),(654,'2011-11-15 11:25:53',1,40,'73','Аксесоари :: Други',2,'Changed name.'),(655,'2011-11-15 11:30:36',1,49,'92','Guantanamera Compay',2,'Променен name, slug, sku и taxable.'),(656,'2011-11-15 11:32:29',1,49,'94','Guantanamera Decimos',2,'Променен name, slug, sku и taxable.'),(657,'2011-11-15 11:33:24',1,49,'93','Guantanamera Cristales',2,'Променен name, slug, sku и taxable.'),(658,'2011-11-15 11:37:26',1,49,'95','Guantanamera Puritos',2,'Променен name, slug, sku и taxable.'),(659,'2011-11-15 11:52:15',1,59,'5','cohiba-siglo-i',1,''),(660,'2011-11-15 11:52:28',1,59,'5','cohiba-siglo-i',2,'No fields changed.'),(661,'2011-11-15 11:54:49',1,59,'5','cohiba-siglo-i',3,''),(662,'2011-11-15 12:04:55',1,49,'1','Cohiba Behike BHK 52',2,'Changed taxable. Changed price for Price \"520.00\". Changed picture for Product Image \"Image of Product cohiba-behike-bhk-52\".'),(663,'2011-11-15 12:09:58',1,49,'1','Cohiba Behike BHK 52',2,'Changed taxable. Changed price for Price \"520.00\". Changed picture for Product Image \"Image of Product cohiba-behike-bhk-52\".'),(664,'2011-11-15 12:13:50',1,49,'3','Cohiba Behike BHK 56',2,'Changed taxable. Changed price for Price \"740.00\". Added Product Image \"Image of Product cohiba-behike-bhk-56\".'),(665,'2011-11-15 13:02:39',1,40,'3','Habanos Пури',2,'Changed description.'),(666,'2011-11-15 13:03:29',1,40,'3','Habanos Пури',2,'Changed meta.'),(667,'2011-11-15 13:07:12',1,40,'3','Habanos Пури',2,'Changed description.'),(668,'2011-11-15 13:11:42',1,40,'7','Habanos Пури :: Habanos Premium :: Montecristo',2,'Changed meta.'),(669,'2011-11-15 13:45:08',1,49,'2','Cohiba Behike BHK 54',2,'Променен taxable. Променени price за Цена \"680.00\". Добавени Product Image \"Image of Product cohiba-behike-bhk-54\".'),(670,'2011-11-15 13:51:57',1,49,'1','Cohiba Behike BHK 52',2,'Changed taxable. Changed price for Price \"520.00\". Changed picture for Product Image \"Image of Product cohiba-behike-bhk-52\".'),(671,'2011-11-15 13:52:14',1,49,'2','Cohiba Behike BHK 54',2,'Changed taxable. Changed price for Price \"680.00\". Changed picture for Product Image \"Image of Product cohiba-behike-bhk-54\".'),(672,'2011-11-15 13:54:44',1,49,'1','Cohiba Behike BHK 52',2,'Changed taxable. Changed price for Price \"520.00\". Changed picture for Product Image \"Image of Product cohiba-behike-bhk-52\".'),(673,'2011-11-15 13:55:01',1,49,'2','Cohiba Behike BHK 54',2,'Changed taxable. Changed price for Price \"680.00\". Changed picture for Product Image \"Image of Product cohiba-behike-bhk-54\".'),(674,'2011-11-15 13:58:30',1,49,'13','Cohiba Maduro Genios',2,'Changed taxable. Changed price for Price \"400.00\". Added Product Image \"Image of Product cohiba-maduro-genios\".'),(675,'2011-11-15 14:04:15',1,49,'12','Cohiba Maduro Magicos',2,'Changed taxable. Changed price for Price \"365.00\". Added Product Image \"Image of Product cohiba-maduro-magicos\".'),(676,'2011-11-15 14:08:41',1,49,'11','Cohiba Maduro Secretos',2,'Changed taxable. Changed price for Price \"185.00\". Added Product Image \"Image of Product cohiba-maduro-secretos\".'),(677,'2011-11-15 14:09:46',1,49,'2','Cohiba Behike BHK 54',2,'Changed description and taxable. Changed price for Price \"680.00\".'),(678,'2011-11-15 14:11:01',1,49,'2','Cohiba Behike BHK 54',2,'Changed taxable. Added Product Attribute \"galeriya\". Changed price for Price \"680.00\".'),(679,'2011-11-15 14:15:20',1,49,'18','Cohiba Panetelas',2,'Changed taxable. Changed price for Price \"84.00\". Added Product Image \"Image of Product cohiba-panetelas\".'),(680,'2011-11-15 14:17:58',1,49,'18','Cohiba Panetelas',2,'Changed taxable. Changed price for Price \"84.00\". Changed picture for Product Image \"Image of Product cohiba-panetelas\".'),(681,'2011-11-15 14:20:19',1,49,'18','Cohiba Panetelas',2,'Changed taxable. Changed price for Price \"84.00\". Changed picture for Product Image \"Image of Product cohiba-panetelas\".'),(682,'2011-11-15 15:53:34',1,40,'1','Habanos Пури :: Habanos Premium',2,'Променен parent.'),(683,'2011-11-15 16:10:52',1,40,'4','Habanos Пури :: Habanos Specialties',2,'Променен parent.'),(684,'2011-11-15 16:11:18',1,40,'6','Habanos Пури :: Cuban Machine Made Cigars',2,'Променен parent.'),(685,'2011-11-15 16:11:36',1,40,'30','Habanos Пури :: Minis Cubanos',2,'Променен parent.'),(686,'2011-11-15 16:12:09',1,40,'30','Minis Cubanos',2,'Променен parent.'),(687,'2011-11-15 16:12:35',1,40,'30','Habanos Пури :: Minis Cubanos',2,'Променен parent.'),(688,'2011-11-15 16:31:49',1,40,'10','Habanos Пури :: Habanos Premium :: Cohiba :: Cohiba Behike',2,'Променен is_active.'),(689,'2011-11-15 22:47:48',1,49,'11','Cohiba Maduro Secretos',2,'Променен featured и taxable. Променени price за Цена \"185.00\".'),(690,'2011-11-15 22:49:05',1,40,'10','Habanos Пури :: Habanos Premium :: Cohiba :: Cohiba Behike',2,'Променен is_active.'),(691,'2011-11-15 22:55:16',1,40,'10','Habanos Пури :: Habanos Premium :: Cohiba :: Cohiba Behike',2,'Променен is_active.'),(692,'2011-11-15 22:58:17',1,40,'60','Тютюни за цигари',2,'Променен description.'),(693,'2011-11-16 09:45:24',1,40,'10','Habanos Пури :: Habanos Premium :: Cohiba :: Cohiba Behike',2,'Променен is_active.'),(694,'2011-11-16 09:47:21',1,40,'60','Тютюни за цигари',2,'Променен description.'),(695,'2011-11-16 13:01:28',1,40,'50','Тютюни за лула :: Clan',2,'Добавени Category Image \"Image of Category clan\".'),(696,'2011-11-16 13:02:30',1,49,'153','Clan Highland Gold',2,'Променен taxable. Променени price за Цена \"11.50\". Добавени Product Image \"Image of Product clan-highland-gold\".'),(697,'2011-11-16 13:05:09',1,49,'152','Clan Fine Aromatic',2,'Променен taxable. Променени price за Цена \"11.50\". Добавени Product Image \"Image of Product clan-fine-aromatic\".'),(698,'2011-11-16 13:05:57',1,49,'152','Clan Fine Aromatic',2,'Променен taxable. Променени price за Цена \"11.50\". Добавени Product Image \"Image of Product clan-fine-aromatic\".'),(699,'2011-11-16 13:06:26',1,49,'152','Clan Fine Aromatic',2,'Променен taxable. Променени price за Цена \"11.50\". Изтрити Product Image \"Image of Product clan-fine-aromatic\".'),(700,'2011-11-16 13:18:06',1,40,'29','Habanos Пури :: Cuban Machine Made Cigars :: Belinda',2,'Добавени Category Image \"Image of Category belinda\".'),(701,'2011-11-16 13:21:27',1,49,'1','Cohiba Behike BHK 52',2,'Променен taxable. Променени price за Цена \"520.00\". Променени picture за Product Image \"Image of Product cohiba-behike-bhk-52\".'),(702,'2011-11-16 13:21:42',1,49,'2','Cohiba Behike BHK 54',2,'Променен taxable. Променени price за Цена \"680.00\". Променени picture за Product Image \"Image of Product cohiba-behike-bhk-54\".'),(703,'2011-11-16 13:21:56',1,49,'3','Cohiba Behike BHK 56',2,'Променен taxable. Променени price за Цена \"740.00\". Променени picture за Product Image \"Image of Product cohiba-behike-bhk-56\".'),(704,'2011-11-16 13:22:22',1,49,'11','Cohiba Maduro Secretos',2,'Променен taxable. Променени price за Цена \"185.00\". Променени picture за Product Image \"Image of Product cohiba-maduro-secretos\".'),(705,'2011-11-16 15:38:10',1,40,'3','Habanos Пури',2,'Променен include_child_categories.'),(706,'2011-11-16 15:40:55',1,40,'36','Пури и пурети',2,'Променен include_child_categories.'),(707,'2011-11-16 15:54:03',1,49,'16','Cohiba Exquisitos',2,'Променен taxable. Променени price за Цена \"98.00\". Добавени Product Image \"Image of Product cohiba-exquisitos\".'),(708,'2011-11-16 15:54:52',1,49,'19','Cohiba Robustos',2,'Променен taxable. Променени price за Цена \"99.00\". Добавени Product Image \"Image of Product cohiba-robustos\".'),(709,'2011-11-16 15:55:32',1,49,'14','Cohiba Corona Especial',2,'Променен taxable. Променени price за Цена \"150.00\". Добавени Product Image \"Image of Product cohiba-corona-especial\".'),(710,'2011-11-16 15:56:05',1,49,'15','Cohiba Esplendidos',2,'Променен taxable. Променени price за Цена \"150.00\". Добавени Product Image \"Image of Product cohiba-esplendidos\".'),(711,'2011-11-16 15:56:42',1,49,'17','Cohiba Lanceros',2,'Променен taxable. Променени price за Цена \"190.00\". Добавени Product Image \"Image of Product cohiba-lanceros\".'),(712,'2011-11-16 15:57:19',1,49,'5','Cohiba Siglo I ',2,'Променен taxable. Променени price за Цена \"90.00\". Добавени Product Image \"Image of Product cohiba-siglo-i\".'),(713,'2011-11-16 15:57:53',1,49,'6','Cohiba Siglo II',2,'Променен taxable. Променени price за Цена \"562.50\". Добавени Product Image \"Image of Product cohiba-siglo-ii\".'),(714,'2011-11-16 15:58:24',1,49,'7','Cohiba Siglo III',2,'Променен taxable. Променени price за Цена \"135.00\". Добавени Product Image \"Image of Product cohiba-siglo-iii\".'),(715,'2011-11-16 15:58:54',1,49,'8','Cohiba Siglo IV',2,'Променен taxable. Променени price за Цена \"150.00\". Добавени Product Image \"Image of Product cohiba-siglo-iv\".'),(716,'2011-11-16 15:59:23',1,49,'9','Cohiba Siglo V',2,'Променен taxable. Променени price за Цена \"135.00\". Добавени Product Image \"Image of Product cohiba-siglo-v\".'),(717,'2011-11-16 16:00:01',1,49,'10','Cohiba Siglo VI',2,'Променен taxable. Променени price за Цена \"150.00\". Добавени Product Image \"Image of Product cohiba-siglo-vi\".'),(718,'2011-11-16 16:01:27',1,49,'24','Montecristo Edmundo',2,'Променен taxable. Променени price за Цена \"550.00\". Добавени Product Image \"Image of Product montecristo-edmundo\".'),(719,'2011-11-16 16:03:09',1,49,'20','Montecristo N2',2,'Променен taxable. Променени price за Цена \"240.00\". Добавени Product Image \"Image of Product montecristo-n2\".'),(720,'2011-11-16 16:03:37',1,49,'21','Montecristo N3',2,'Променен taxable. Променени price за Цена \"90.00\". Добавени Product Image \"Image of Product montecristo-n3\".'),(721,'2011-11-16 16:04:06',1,49,'22','Montecristo N4',2,'Променен taxable. Променени price за Цена \"70.00\". Добавени Product Image \"Image of Product montecristo-n4\".'),(722,'2011-11-16 16:04:35',1,49,'23','Montecristo N5',2,'Променен taxable. Променени price за Цена \"287.50\". Добавени Product Image \"Image of Product montecristo-n5\".'),(723,'2011-11-16 16:06:16',1,49,'29','Montecristo Open Eagle',2,'Променен taxable. Променени price за Цена \"560.00\". Добавени Product Image \"Image of Product montecristo-open-eagle\".'),(724,'2011-11-16 16:06:44',1,49,'26','Montecristo Open Junior',2,'Променен taxable. Променени price за Цена \"250.00\". Добавени Product Image \"Image of Product montecristo-open-junior\".'),(725,'2011-11-16 16:07:08',1,49,'28','Montecristo Open Master',2,'Променен taxable. Променени price за Цена \"440.00\". Добавени Product Image \"Image of Product montecristo-open-master\".'),(726,'2011-11-16 16:07:32',1,49,'27','Montecristo Open Regata',2,'Променен taxable. Променени price за Цена \"360.00\". Добавени Product Image \"Image of Product montecristo-open-regata\".'),(727,'2011-11-16 16:08:06',1,49,'25','Montecristo Petit Edmundo',2,'Променен taxable. Променени price за Цена \"185.00\". Добавени Product Image \"Image of Product montecristo-petit-edmundo\".'),(728,'2011-11-16 16:08:46',1,49,'36','Romeo y Julieta Belicosos',2,'Променен taxable. Променени price за Цена \"550.00\". Добавени Product Image \"Image of Product romeo-y-julieta-belicosos\".'),(729,'2011-11-16 16:09:26',1,49,'30','Romeo y Julieta Churchills',2,'Променен taxable. Променени price за Цена \"800.00\". Добавени Product Image \"Image of Product romeo-y-julieta-churchills\".'),(730,'2011-11-16 16:10:01',1,49,'31','Romeo y Julieta Coronitas en Cedro',2,'Променен taxable. Променени price за Цена \"220.00\". Добавени Product Image \"Image of Product romeo-y-julieta-coronitas-en-cedro\".'),(731,'2011-11-16 16:10:32',1,49,'37','Romeo y Julieta Exhibicion N4',2,'Променен taxable. Добавени Product Image \"Image of Product romeo-y-julieta-exhibicion-n4\".'),(732,'2011-11-16 16:11:04',1,49,'32','Romeo y Julieta Romeo N1',2,'Променен taxable. Променени price за Цена \"125.00\". Добавени Product Image \"Image of Product romeo-y-julieta-romeo-n1\".'),(733,'2011-11-16 16:11:32',1,49,'33','Romeo y Julieta Romeo N2',2,'Променен taxable. Променени price за Цена \"275.00\". Добавени Product Image \"Image of Product romeo-y-julieta-romeo-n2\".'),(734,'2011-11-16 16:11:57',1,49,'34','Romeo y Julieta Romeo N3',2,'Променен taxable. Променени price за Цена \"105.00\". Добавени Product Image \"Image of Product romeo-y-julieta-romeo-n3\".'),(735,'2011-11-16 16:12:30',1,49,'39','Romeo y Julieta Short Churchills',2,'Променен taxable. Променени price за Цена \"450.00\". Добавени Product Image \"Image of Product romeo-y-julieta-short-churchills\".'),(736,'2011-11-16 16:13:05',1,49,'35','Romeo y Julieta Sport Largos',2,'Променен taxable. Променени price за Цена \"187.50\". Добавени Product Image \"Image of Product romeo-y-julieta-sport-largos\".'),(737,'2011-11-16 16:13:33',1,49,'38','Romeo y Julieta Wide Churchills',2,'Променен taxable. Променени price за Цена \"220.00\". Добавени Product Image \"Image of Product romeo-y-julieta-wide-churchills\".'),(738,'2011-11-16 16:15:01',1,49,'45','Partagas 8.9.8',2,'Променен taxable. Променени price за Цена \"220.00\". Добавени Product Image \"Image of Product partagas-8-9-8\".'),(739,'2011-11-16 16:15:28',1,49,'46','Partagas Aristocrat',2,'Променен taxable. Променени price за Цена \"42.50\". Добавени Product Image \"Image of Product partagas-aristocrat\".'),(740,'2011-11-16 16:15:55',1,49,'40','Partagas de Luxe',2,'Променен taxable. Променени price за Цена \"125.00\". Добавени Product Image \"Image of Product partagas-de-luxe\".'),(741,'2011-11-16 16:16:26',1,49,'41','Partagas Lusitanias',2,'Променен taxable. Променени price за Цена \"280.00\". Добавени Product Image \"Image of Product partagas-lusitanias\".'),(742,'2011-11-16 16:16:52',1,49,'42','Partagas Mille Fleur',2,'Променен taxable. Променени price за Цена \"88.00\". Добавени Product Image \"Image of Product partagas-mille-fleur\".'),(743,'2011-11-16 16:17:21',1,49,'43','Partagas Serie D N4',2,'Променен taxable. Променени price за Цена \"180.00\". Добавени Product Image \"Image of Product partagas-serie-d-n4\".'),(744,'2011-11-16 16:17:48',1,49,'44','Partagas Serie P N2',2,'Променен taxable. Променени price за Цена \"215.00\". Добавени Product Image \"Image of Product partagas-serie-p-n2\".'),(745,'2011-11-16 16:18:30',1,49,'47','Hoyo de Monterrey Epicure Especial',2,'Променен taxable. Променени price за Цена \"200.00\". Добавени Product Image \"Image of Product hoyo-de-monterrey-epicure-especial\".'),(746,'2011-11-16 16:19:00',1,49,'48','Hoyo de Monterrey Epicure N1',2,'Променен taxable. Променени price за Цена \"55.50\". Добавени Product Image \"Image of Product hoyo-de-monterrey-epicure-n1\".'),(747,'2011-11-16 16:19:23',1,49,'49','Hoyo de Monterrey Epicure N2',2,'Променен taxable. Променени price за Цена \"52.50\". Добавени Product Image \"Image of Product hoyo-de-monterrey-epicure-n2\".'),(748,'2011-11-16 16:19:48',1,49,'50','Hoyo de Monterrey Epicure Palma Extra',2,'Променен taxable. Променени price за Цена \"212.50\". Добавени Product Image \"Image of Product hoyo-de-monterrey-epicure-palma-extra\".'),(749,'2011-11-16 16:20:13',1,49,'51','Hoyo de Monterrey Petit Robustos',2,'Променен taxable. Променени price за Цена \"45.00\". Добавени Product Image \"Image of Product hoyo-de-monterrey-petit-robustos\".'),(750,'2011-11-16 16:20:59',1,49,'52','H.Upmann Coronas Major',2,'Променен taxable. Променени price за Цена \"275.00\". Добавени Product Image \"Image of Product h-upmann-coronas-major\".'),(751,'2011-11-16 16:21:31',1,49,'53','H.Upmann Magnum 46',2,'Променен taxable. Променени price за Цена \"69.00\". Добавени Product Image \"Image of Product h-upmann-magnum-46\".'),(752,'2011-11-16 16:21:54',1,49,'54','H.Upmann Magnum 50',2,'Променен taxable. Променени price за Цена \"215.00\". Добавени Product Image \"Image of Product h-upmann-magnum-50\".'),(753,'2011-11-16 16:22:24',1,49,'55','H.Upmann Majestic',2,'Променен taxable. Променени price за Цена \"212.50\". Добавени Product Image \"Image of Product h-upmann-majestic\".'),(754,'2011-11-16 16:22:51',1,49,'56','H.Upmann Sir Winston',2,'Променен taxable. Променени price за Цена \"800.00\". Добавени Product Image \"Image of Product h-upmann-sir-winston\".'),(755,'2011-11-16 16:23:24',1,49,'57','Trinidad Coloniales',2,'Променен taxable. Променени price за Цена \"90.00\". Добавени Product Image \"Image of Product trinidad-coloniales\".'),(756,'2011-11-16 16:23:49',1,49,'58','Trinidad Fundadores',2,'Променен taxable. Променени price за Цена \"912.00\". Добавени Product Image \"Image of Product trinidad-fundadores\".'),(757,'2011-11-16 16:24:13',1,49,'59','Trinidad Reyes',2,'Променен taxable. Променени price за Цена \"174.00\". Добавени Product Image \"Image of Product trinidad-reyes\".'),(758,'2011-11-16 16:24:39',1,49,'60','Trinidad Robusto Extra',2,'Променен taxable. Променени price за Цена \"114.00\". Добавени Product Image \"Image of Product trinidad-robusto-extra\".'),(759,'2011-11-16 16:25:05',1,49,'61','Trinidad Robusto T',2,'Променен taxable. Променени price за Цена \"384.00\". Добавени Product Image \"Image of Product trinidad-robusto-t\".'),(760,'2011-11-16 16:25:36',1,49,'63','San Cristobal El Principe',2,'Променен taxable. Променени price за Цена \"275.00\". Добавени Product Image \"Image of Product san-cristobal-el-principe\".'),(761,'2011-11-16 16:26:02',1,49,'64','San Cristobal La Fuerza',2,'Променен taxable. Променени price за Цена \"525.00\". Добавени Product Image \"Image of Product san-cristobal-la-fuerza\".'),(762,'2011-11-16 16:26:28',1,49,'62','San Cristobal La Punta',2,'Променен taxable. Променени price за Цена \"480.00\". Добавени Product Image \"Image of Product san-cristobal-la-punta\".'),(763,'2011-11-16 16:27:05',1,49,'76','Bolivar Belicosos Fino',2,'Променен taxable. Променени price за Цена \"500.00\". Добавени Product Image \"Image of Product bolivar-belicosos-fino\".'),(764,'2011-11-16 16:27:39',1,49,'75','Bolivar Royal Corona',2,'Променен taxable. Променени price за Цена \"210.00\". Добавени Product Image \"Image of Product bolivar-royal-corona\".'),(765,'2011-11-16 16:28:14',1,49,'65','Vegas Robaina Clasicos',2,'Променен taxable. Променени price за Цена \"90.00\". Добавени Product Image \"Image of Product vegas-robaina-clasicos\".'),(766,'2011-11-16 16:28:42',1,49,'66','Vegas Robaina Don Alejandro',2,'Променен taxable. Променени price за Цена \"725.00\". Добавени Product Image \"Image of Product vegas-robaina-don-alejandro\".'),(767,'2011-11-16 16:29:06',1,49,'67','Vegas Robaina Famosos',2,'Променен taxable. Променени price за Цена \"83.00\". Добавени Product Image \"Image of Product vegas-robaina-famosos\".'),(768,'2011-11-16 16:29:32',1,49,'68','Vegas Robaina Unicos ',2,'Променен taxable. Променени price за Цена \"550.00\". Добавени Product Image \"Image of Product vegas-robaina-unicos\".'),(769,'2011-11-16 16:30:08',1,49,'204','Especially Selected',2,'Променен taxable. Променени price за Цена \"0.00\". Добавени Product Image \"Image of Product especially-selected\".'),(770,'2011-11-16 16:33:01',1,49,'71','Cuaba Exclusivos',2,'Променен taxable. Променени price за Цена \"76.00\". Добавени Product Image \"Image of Product cuaba-exclusivos\".'),(771,'2011-11-16 16:33:30',1,49,'72','Por Larranaga Montecarlos',2,'Променен taxable. Променени price за Цена \"212.50\". Добавени Product Image \"Image of Product por-larranaga-montecarlos\".'),(772,'2011-11-16 16:34:01',1,49,'73','Rafael Gonzalez Panetelas Extra',2,'Променен taxable. Променени price за Цена \"162.50\". Добавени Product Image \"Image of Product rafael-gonzalez-panetelas-extra\".'),(773,'2011-11-16 16:34:57',1,49,'74','Jose L. Piedra Cazadores',2,'Променен taxable. Променени price за Цена \"34.00\". Добавени Product Image \"Image of Product jose-l-piedra-cazadores\".'),(774,'2011-11-16 16:35:43',1,49,'78','Bolivar Gold Medal',2,'Променен taxable. Променени price за Цена \"175.00\". Добавени Product Image \"Image of Product bolivar-gold-medal\".'),(775,'2011-11-16 16:36:10',1,49,'81','Estuche X Festival',2,'Променен taxable. Променени price за Цена \"680.00\". Добавени Product Image \"Image of Product estuche-x-festival\".'),(776,'2011-11-16 16:36:39',1,49,'77','H.Upmann Noellas',2,'Променен taxable. Променени price за Цена \"450.00\". Добавени Product Image \"Image of Product h-upmann-noellas\".'),(777,'2011-11-16 16:37:08',1,49,'79','La Gloria Cubana Inmensos',2,'Променен taxable. Променени price за Цена \"290.00\". Добавени Product Image \"Image of Product la-gloria-cubana-inmensos\".'),(778,'2011-11-16 16:37:35',1,49,'80','Partagas Salomones',2,'Променен taxable. Променени price за Цена \"280.00\". Добавени Product Image \"Image of Product partagas-salomones\".'),(779,'2011-11-16 16:50:35',1,49,'92','Guantanamera Compay',2,'Променен active и taxable. Добавени Product Image \"Image of Product guantanamera-compay\".'),(780,'2011-11-16 16:51:09',1,49,'93','Guantanamera Cristales',2,'Променен active и taxable. Добавени Product Image \"Image of Product guantanamera-cristales\".'),(781,'2011-11-16 16:51:36',1,49,'94','Guantanamera Decimos',2,'Променен active и taxable. Добавени Product Image \"Image of Product guantanamera-decimos\".'),(782,'2011-11-16 16:51:54',1,49,'95','Guantanamera Puritos',2,'Променен active и taxable. Добавени Product Image \"Image of Product guantanamera-puritos\".'),(783,'2011-11-16 16:53:06',1,49,'96','Belinda',2,'Променен taxable. Добавени Product Image \"Image of Product belinda\".'),(784,'2011-11-16 16:58:32',1,49,'96','Belinda',2,'Променен category и taxable.'),(785,'2011-11-16 17:07:52',1,40,'43','Пури и пурети :: Пурети :: AGIO',2,'Добавени Category Image \"Image of Category agio-cigars\".'),(786,'2011-11-16 17:08:10',1,40,'3','Habanos Пури',2,'Добавени Category Image \"Image of Category habanos-cigars\".'),(787,'2011-11-16 17:09:18',1,40,'38','Пури и пурети :: Пури :: Habanos пури',2,'Добавени Category Image \"Image of Category habanos-ciigars\".'),(788,'2011-11-16 17:12:08',1,40,'41','Пури и пурети :: Пури :: Villiger',2,'Добавени Category Image \"Image of Category villiger-cigars\".'),(789,'2011-11-16 17:14:00',1,40,'39','Пури и пурети :: Пури :: Guantanamera',2,'Добавени Category Image \"Image of Category guantanamera-cigars\".'),(790,'2011-11-16 17:14:56',1,40,'48','Пури и пурети :: Пурети :: MINIS CUBANOS',2,'Добавени Category Image \"Image of Category minis-cubanos-cigars\".'),(791,'2011-11-16 17:21:26',1,40,'45','Пури и пурети :: Пурети :: MEHARI`S',2,'Добавени Category Image \"Image of Category meharis\".'),(792,'2011-11-16 17:23:27',1,40,'46','Пури и пурети :: Пурети :: PANTER',2,'Добавени Category Image \"Image of Category panter\".'),(793,'2011-11-16 17:25:42',1,40,'50','Тютюни за лула :: Clan',2,'Променени picture за Category Image \"Image of Category clan\".'),(794,'2011-11-16 17:27:17',1,40,'51','Тютюни за лула :: W. O. Larsen',2,'Добавени Category Image \"Image of Category wo-larsen\".'),(795,'2011-11-16 17:28:34',1,40,'52','Тютюни за лула :: Stanwell',2,'Добавени Category Image \"Image of Category stanwell\".'),(796,'2011-11-16 17:29:55',1,40,'53','Тютюни за лула :: Alsbo',2,'Добавени Category Image \"Image of Category alsbo\".'),(797,'2011-11-16 17:31:30',1,40,'54','Тютюни за лула :: Erinmore',2,'Добавени Category Image \"Image of Category erinmore\".'),(798,'2011-11-16 17:32:58',1,40,'55','Тютюни за лула :: Colts',2,'Добавени Category Image \"Image of Category colts\".'),(799,'2011-11-16 17:34:44',1,40,'56','Тютюни за лула :: Choice',2,'Добавени Category Image \"Image of Category choice\".'),(800,'2011-11-16 17:36:30',1,49,'6','Cohiba Siglo II',2,'Променен category, featured и taxable. Променени price за Цена \"562.50\".'),(801,'2011-11-16 17:37:42',1,49,'85','H.Upmann Robustos 2007',2,'Променен featured и taxable. Променени price за Цена \"380.00\".'),(802,'2011-11-16 17:40:28',1,49,'85','H.Upmann Robustos 2007',2,'Променен category и taxable. Променени price за Цена \"380.00\".'),(803,'2011-11-16 17:51:43',1,40,'57','Тютюни за лула :: Ambrosia',2,'Добавени Category Image \"Image of Category ambrosia\".'),(804,'2011-11-16 17:52:00',1,40,'58','Тютюни за лула :: 7 Seas',2,'Добавени Category Image \"Image of Category 7-seas\".'),(805,'2011-11-16 17:55:10',1,40,'59','Тютюни за лула :: Velvet',2,'Добавени Category Image \"Image of Category velvet\".'),(806,'2011-11-17 09:27:04',1,40,'61','Тютюни за цигари :: Bali Shag',2,'Добавени Category Image \"Image of Category bali-shag\".'),(807,'2011-11-17 09:28:20',1,40,'61','Тютюни за цигари :: Bali Shag',2,'Променени picture за Category Image \"Image of Category bali-shag\".'),(808,'2011-11-17 09:28:45',1,40,'61','Тютюни за цигари :: Bali Shag',2,'Променени picture за Category Image \"Image of Category bali-shag\".'),(809,'2011-11-17 09:36:43',1,40,'62','Тютюни за цигари :: Home Roll',2,'Добавени Category Image \"Image of Category home-roll\".'),(810,'2011-11-17 09:37:32',1,40,'62','Тютюни за цигари :: Home Roll',2,'Променени picture за Category Image \"Image of Category home-roll\".'),(811,'2011-11-17 09:37:49',1,40,'62','Тютюни за цигари :: Home Roll',2,'Изтрити Category Image \"Image of Category home-roll\".'),(812,'2011-11-17 09:37:56',1,40,'62','Тютюни за цигари :: Home Roll',2,'Добавени Category Image \"Image of Category home-roll\".'),(813,'2011-11-17 09:38:27',1,40,'61','Тютюни за цигари :: Bali Shag',2,'Изтрити Category Image \"Image of Category bali-shag\".'),(814,'2011-11-17 09:38:37',1,40,'61','Тютюни за цигари :: Bali Shag',2,'Добавени Category Image \"Image of Category bali-shag\".'),(815,'2011-11-17 09:41:14',1,40,'61','Тютюни за цигари :: Bali Shag',2,'Изтрити Category Image \"Image of Category bali-shag\".'),(816,'2011-11-17 09:41:21',1,40,'61','Тютюни за цигари :: Bali Shag',2,'Добавени Category Image \"Image of Category bali-shag\".'),(817,'2011-11-17 09:45:50',1,40,'63','Тютюни за цигари :: Mac Baren',2,'Добавени Category Image \"Image of Category mac-baren\".'),(818,'2011-11-17 09:51:28',1,40,'64','Тютюни за цигари :: Unitas Excellent',2,'Добавени Category Image \"Image of Category unitas-excellent\".'),(819,'2011-11-17 10:04:33',1,40,'65','Тютюни за цигари :: Lexington',2,'Добавени Category Image \"Image of Category lexington\".'),(820,'2011-11-17 10:11:30',1,40,'61','Тютюни за цигари :: Bali Shag',2,'Изтрити Category Image \"Image of Category bali-shag\".'),(821,'2011-11-17 10:11:37',1,40,'61','Тютюни за цигари :: Bali Shag',2,'Добавени Category Image \"Image of Category bali-shag\".'),(822,'2011-11-17 10:12:55',1,40,'67','Цигари :: Black Devil',2,'Добавени Category Image \"Image of Category black-devil\".'),(823,'2011-11-17 10:13:09',1,40,'67','Цигари :: Black Devil',2,'Променени picture за Category Image \"Image of Category black-devil\".'),(824,'2011-11-17 10:13:22',1,40,'67','Цигари :: Black Devil',2,'Изтрити Category Image \"Image of Category black-devil\".'),(825,'2011-11-17 10:17:54',1,40,'67','Цигари :: Black Devil',2,'Добавени Category Image \"Image of Category black-devil\".'),(826,'2011-11-17 10:21:55',1,40,'68','Цигари :: Che',2,'Добавени Category Image \"Image of Category che\".'),(827,'2011-11-17 10:22:39',1,40,'68','Цигари :: Che',2,'Изтрити Category Image \"Image of Category che\".'),(828,'2011-11-17 10:22:46',1,40,'68','Цигари :: Che',2,'Добавени Category Image \"Image of Category che\".'),(829,'2011-11-17 10:25:57',1,40,'65','Тютюни за цигари :: Lexington',2,'Изтрити Category Image \"Image of Category lexington\".'),(830,'2011-11-17 10:26:06',1,40,'65','Тютюни за цигари :: Lexington',2,'Добавени Category Image \"Image of Category lexington\".'),(831,'2011-11-17 10:26:39',1,40,'65','Тютюни за цигари :: Lexington',2,'Изтрити Category Image \"Image of Category lexington\".'),(832,'2011-11-17 10:26:46',1,40,'65','Тютюни за цигари :: Lexington',2,'Добавени Category Image \"Image of Category lexington\".'),(833,'2011-11-17 10:27:03',1,40,'69','Цигари :: Lexington',2,'Добавени Category Image \"Image of Category lexington-cigari\".'),(834,'2011-11-17 10:31:44',1,40,'70','Аксесоари',2,'Променен include_child_categories.'),(835,'2011-11-17 10:36:17',1,40,'127','Аксесоари :: Аксесоари за пушене :: Умидори',2,'Добавени Category Image \"Image of Category ymidori-aksesoari-za-pyshene\".'),(836,'2011-11-17 10:38:53',1,40,'128','Аксесоари :: Аксесоари за пушене :: Запалки',2,'Добавени Category Image \"Image of Category zapalki-aksesoari-za-pyshene\".'),(837,'2011-11-17 10:40:50',1,40,'129','Аксесоари :: Аксесоари за пушене :: Резачки',2,'Добавени Category Image \"Image of Category rezachki-aksesoari-za-pyshene\".'),(838,'2011-11-17 10:44:12',1,40,'130','Аксесоари :: Аксесоари за пушене :: Пепелници',2,'Добавени Category Image \"Image of Category pepelnici-aksesoari-za-pyshene\".'),(839,'2011-11-17 10:44:54',1,40,'130','Аксесоари :: Аксесоари за пушене :: Пепелници',2,'Изтрити Category Image \"Image of Category pepelnici-aksesoari-za-pyshene\".'),(840,'2011-11-17 10:45:02',1,40,'130','Аксесоари :: Аксесоари за пушене :: Пепелници',2,'Добавени Category Image \"Image of Category pepelnici-aksesoari-za-pyshene\".'),(841,'2011-11-17 10:49:13',1,40,'131','Аксесоари :: Аксесоари за пушене :: Калъфи за пури',2,'Добавени Category Image \"Image of Category kalufi-za-pyri-aksesoari-za-pushene\".'),(842,'2011-11-17 10:58:46',1,40,'133','Аксесоари :: Аксесоари за пушене :: Подаръчни комплекти',2,'Добавени Category Image \"Image of Category podaruchni-komplekti-aksesoari-za-pyshene\".'),(843,'2011-11-17 11:01:46',1,40,'132','Аксесоари :: Аксесоари за пушене :: Колекции',2,'Добавени Category Image \"Image of Category collections\".'),(844,'2011-11-17 11:04:36',1,40,'134','Аксесоари :: Аксесоари за пушене :: Лули',2,'Добавени Category Image \"Image of Category lyli-aksesoari-za-pyshene\".'),(845,'2011-11-17 11:06:47',1,40,'135','Аксесоари :: PORSCHE DESIGN :: Porsche Design Shisha',2,'Добавени Category Image \"Image of Category porsche-design-shisha\".'),(846,'2011-11-17 11:08:45',1,40,'136','Аксесоари :: PORSCHE DESIGN :: Porsche Design Useful things',2,'Добавени Category Image \"Image of Category porsche-design-useful-things\".'),(847,'2011-11-17 11:13:22',1,40,'137','Аксесоари :: PORSCHE DESIGN :: Porsche Design Writing tolls',2,'Добавени Category Image \"Image of Category porsche-design-writing-tolls\".'),(848,'2011-11-17 11:16:31',1,40,'138','Аксесоари :: Други :: Сувенири',2,'Добавени Category Image \"Image of Category syveniri\".'),(849,'2011-11-17 11:18:38',1,40,'140','Аксесоари :: Други :: Книги',2,'Добавени Category Image \"Image of Category knigi\".'),(850,'2011-11-17 11:20:34',1,40,'139','Аксесоари :: Други :: Декорация',2,'Променен is_active.'),(851,'2011-11-17 11:24:33',1,40,'31','Habanos Пури :: Minis Cubanos :: Cohiba',2,'Добавени Category Image \"Image of Category cohiba-minis\".'),(852,'2011-11-17 11:25:01',1,40,'32','Habanos Пури :: Minis Cubanos :: Montecristo',2,'Добавени Category Image \"Image of Category montecristo-minis\".'),(853,'2011-11-17 11:25:27',1,40,'33','Habanos Пури :: Minis Cubanos :: Romeo y Julieta',2,'Добавени Category Image \"Image of Category romeo-y-julieta-minis\".'),(854,'2011-11-17 11:25:48',1,40,'34','Habanos Пури :: Minis Cubanos :: Partagas',2,'Добавени Category Image \"Image of Category partagas-minis\".'),(855,'2011-11-17 11:26:10',1,40,'35','Habanos Пури :: Minis Cubanos :: Punch',2,'Добавени Category Image \"Image of Category punch--minis\".'),(856,'2011-11-17 12:32:27',1,49,'100','Cohiba Club',2,'Променен taxable. Променени price за Цена \"25.00\". Добавени Product Image \"Image of Product cohiba-club\".'),(857,'2011-11-17 12:44:39',1,49,'97','Mini',2,'Променен taxable. Добавени Product Image \"Image of Product mini\".'),(858,'2011-11-17 14:26:41',1,49,'101','Montecristo Club',2,'Променен taxable. Променени price за Цена \"19.00\". Добавени Product Image \"Image of Product montecristo-club\".'),(859,'2011-11-17 14:33:28',1,49,'101','Montecristo Club',2,'Променен taxable. Променени price за Цена \"19.00\". Променени picture за Product Image \"Image of Product montecristo-club\".'),(860,'2011-11-17 14:33:37',1,49,'101','Montecristo Club',2,'Променен taxable. Променени price за Цена \"19.00\".'),(861,'2011-11-17 14:33:48',1,49,'101','Montecristo Club',2,'Променен taxable. Променени price за Цена \"19.00\". Променени picture за Product Image \"Image of Product montecristo-club\".'),(862,'2011-11-17 14:33:58',1,49,'101','Montecristo Club',2,'Променен taxable. Променени price за Цена \"19.00\". Изтрити Product Image \"Image of Product montecristo-club\".'),(863,'2011-11-17 14:34:05',1,49,'101','Montecristo Club',2,'Променен taxable. Променени price за Цена \"19.00\". Добавени Product Image \"Image of Product montecristo-club\".'),(864,'2011-11-17 14:38:28',1,49,'98','Montecristo Mini ',2,'Променен taxable. Променени price за Цена \"16.00\". Добавени Product Image \"Image of Product montecristo-mini\".'),(865,'2011-11-17 14:54:01',1,49,'103','Romeo y Julieta Club',2,'Променен taxable. Променени price за Цена \"30.00\". Добавени Product Image \"Image of Product romeo-y-julieta-club\".'),(866,'2011-11-17 14:54:39',1,49,'103','Romeo y Julieta Club',2,'Променен taxable. Променени price за Цена \"30.00\". Изтрити Product Image \"Image of Product romeo-y-julieta-club\".'),(867,'2011-11-17 14:54:46',1,49,'103','Romeo y Julieta Club',2,'Променен taxable. Променени price за Цена \"30.00\". Добавени Product Image \"Image of Product romeo-y-julieta-club\".'),(868,'2011-11-17 14:57:43',1,49,'105','Romeo i Julieta Puritos',2,'Променен taxable. Добавени Product Image \"Image of Product romeo-i-julieta-puritos\".'),(869,'2011-11-17 15:02:09',1,49,'104','Partagas Chicos',2,'Променен taxable. Променени price за Цена \"10.50\". Добавени Product Image \"Image of Product partagas-chicos\".'),(870,'2011-11-17 15:06:04',1,49,'102','Partagas Club',2,'Променен taxable. Променени price за Цена \"15.00\". Добавени Product Image \"Image of Product partagas-club\".'),(871,'2011-11-17 15:11:01',1,49,'99','Partagas Mini ',2,'Променен taxable. Променени price за Цена \"12.50\". Добавени Product Image \"Image of Product partagas-mini\".'),(872,'2011-11-17 15:29:02',1,49,'85','H.Upmann Robustos 2007',2,'Променен taxable. Променени price за Цена \"380.00\". Добавени Product Image \"Image of Product h-upmann-robustos-2007\".'),(873,'2011-11-17 15:35:38',1,49,'87','Partagas Serie P N1 2009',2,'Променен taxable. Променени price за Цена \"800.00\". Добавени Product Image \"Image of Product partagas-serie-p-n1-2009\".'),(874,'2011-11-17 15:41:08',1,49,'86','Travel Retail Selection Pack 2008',2,'Променен taxable. Променени price за Цена \"168.00\". Добавени Product Image \"Image of Product travel-retail-selection-pack-2008\".'),(875,'2011-11-17 15:51:37',1,49,'106','Compay',3,''),(876,'2011-11-17 15:52:48',1,49,'92','Compay',2,'Променен name, slug, sku и taxable. Добавени Цена \"13.5\".'),(877,'2011-11-17 15:53:22',1,49,'92','Compay',2,'Променен category и taxable. Променени price за Цена \"13.50\".'),(878,'2011-11-17 15:56:13',1,49,'111','Villiger Premium N1 Sumatra',2,'Променен taxable. Добавени Product Image \"Image of Product villiger-premium-n1-sumatra\".'),(879,'2011-11-17 15:56:37',1,49,'112','Villiger Premium N7 Sumatra',2,'Променен taxable. Добавени Product Image \"Image of Product villiger-premium-n7-sumatra\".'),(880,'2011-11-17 15:56:47',1,49,'107','Cristales',3,''),(881,'2011-11-17 15:57:02',1,49,'113','Villiger Premium N3 Sumatra',2,'Променен taxable. Добавени Product Image \"Image of Product villiger-premium-n3-sumatra\".'),(882,'2011-11-17 15:57:17',1,49,'93','Cristales',2,'Променен name, slug, sku и taxable. Добавени Цена \"22.50\".'),(883,'2011-11-17 15:57:24',1,49,'114','Villiger Premium N8 Aromatic',2,'Променен taxable. Добавени Product Image \"Image of Product villiger-premium-n8-aromatic\".'),(884,'2011-11-17 15:57:28',1,49,'93','Cristales',2,'Променен category и taxable. Променени price за Цена \"22.50\".'),(885,'2011-11-17 15:58:30',1,49,'93','Cristales',2,'Променен taxable. Променени price за Цена \"22.50\".'),(886,'2011-11-17 16:01:04',1,49,'108','Decimos',3,''),(887,'2011-11-17 16:01:32',1,49,'94','Decimos',2,'Променен category, name, slug, sku и taxable. Добавени Цена \"15.0\".'),(888,'2011-11-17 16:02:08',1,49,'117','Agio Clair Tip',2,'Променен taxable. Променени price за Цена \"4.20\". Добавени Product Image \"Image of Product agio-clair-tip\".'),(889,'2011-11-17 16:02:41',1,49,'109','Puritos',3,''),(890,'2011-11-17 16:03:09',1,49,'95','Puritos',2,'Променен category, name, slug, sku и taxable. Добавени Цена \"32.0\".'),(891,'2011-11-17 16:04:37',1,49,'116','Agio Sweet Tip ',2,'Променен taxable. Променени price за Цена \"4.20\". Добавени Product Image \"Image of Product agio-sweet-tip\".'),(892,'2011-11-17 16:05:01',1,49,'110','Belinda',3,''),(893,'2011-11-17 16:05:25',1,49,'96','Belinda',2,'Променен category и taxable. Добавени Цена \"15.0\".'),(894,'2011-11-17 16:07:24',1,49,'115','Agio Tip Filter',2,'Променен taxable. Променени price за Цена \"4.20\". Добавени Product Image \"Image of Product agio-tip-filter\".'),(895,'2011-11-17 16:11:35',1,49,'123','Mahari’s Brasil',2,'Променен taxable. Променени price за Цена \"11.00\". Добавени Product Image \"Image of Product maharis-brasil\".'),(896,'2011-11-17 16:14:41',1,49,'121','Mahari’s Ecuador',2,'Променен taxable. Променени price за Цена \"11.00\". Добавени Product Image \"Image of Product maharis-ecuador\".'),(897,'2011-11-17 16:17:58',1,49,'120','Mahari’s Java',2,'Променен taxable. Променени price за Цена \"11.00\". Добавени Product Image \"Image of Product maharis-java\".'),(898,'2011-11-17 16:20:56',1,49,'122','Mahari’s Sweet Orient',2,'Променен taxable. Променени price за Цена \"11.00\". Добавени Product Image \"Image of Product maharis-sweet-orient\".'),(899,'2011-11-17 16:24:52',1,49,'118','Mehari`s Sweet Orient Filter',2,'Променен taxable. Добавени Product Image \"Image of Product mehari-s-sweet-orient-filter\".'),(900,'2011-11-17 16:25:18',1,49,'119','Mahari’s Orient Filter tin',2,'Променен taxable. Добавени Product Image \"Image of Product maharis-orient-filter-tin\".'),(901,'2011-11-17 16:31:54',1,49,'125','Panter Arome',2,'Променен taxable. Променени price за Цена \"8.80\". Добавени Product Image \"Image of Product panter-arome\".'),(902,'2011-11-17 16:32:21',1,49,'126','Panter Blue',2,'Променен taxable. Променени price за Цена \"8.80\". Добавени Product Image \"Image of Product panter-blue\".'),(903,'2011-11-17 16:39:38',1,49,'127','Panter Small',2,'Променен taxable. Променени price за Цена \"8.80\". Добавени Product Image \"Image of Product panter-small\".'),(904,'2011-11-17 16:40:08',1,49,'128','Panter Sprint',2,'Променен taxable. Променени price за Цена \"8.80\". Добавени Product Image \"Image of Product panter-sprint\".'),(905,'2011-11-17 16:40:38',1,49,'129','Panter Senioritas',2,'Променен taxable. Добавени Product Image \"Image of Product panter-senioritas\".'),(906,'2011-11-17 16:43:43',1,49,'124','Panter Dessert Filter',2,'Променен taxable. Променени price за Цена \"9.95\". Добавени Product Image \"Image of Product panter-dessert-filter\".'),(907,'2011-11-17 16:47:45',1,40,'47','Пури и пурети :: Пурети :: VILLIGER',2,'Променен is_active.'),(908,'2011-11-17 16:49:26',1,40,'47','Пури и пурети :: Пурети :: VILLIGER',2,'Добавени Category Image \"Image of Category villiger\".'),(909,'2011-11-17 17:08:23',1,49,'130','Villiger Premium Honey Filter',2,'Променен taxable. Променени price за Цена \"10.00\". Добавени Product Image \"Image of Product villiger-premium-honey-filter\".'),(910,'2011-11-17 17:08:52',1,49,'131','Villiger Premium Vanilla Filter',2,'Променен taxable. Променени price за Цена \"10.00\". Добавени Product Image \"Image of Product villiger-premium-vanilla-filter\".'),(911,'2011-11-17 17:09:29',1,49,'132','Villiger Premium Whisky Filter',2,'Променен taxable. Променени price за Цена \"10.00\". Добавени Product Image \"Image of Product villiger-premium-whisky-filter\".'),(912,'2011-11-17 17:09:54',1,49,'133','Villiger Premium Cherry Filter',2,'Променен taxable. Променени price за Цена \"10.00\". Добавени Product Image \"Image of Product villiger-premium-cherry-filter\".'),(913,'2011-11-17 17:10:17',1,49,'134','Villiger Premium Coffee Filter',2,'Променен taxable. Променени price за Цена \"10.00\". Добавени Product Image \"Image of Product villiger-premium-coffee-filter\".'),(914,'2011-11-17 17:10:38',1,49,'135','Villiger Premium Dark Chocolate Filter',2,'Променен taxable. Променени price за Цена \"10.00\". Добавени Product Image \"Image of Product villiger-premium-dark-chocolate-filter\".'),(915,'2011-11-18 10:03:53',1,49,'136','Villiger Premium N6 Cherry',2,'Променен taxable. Променени price за Цена \"19.80\". Добавени Product Image \"Image of Product villiger-premium-n6-cherry\".'),(916,'2011-11-18 10:13:37',1,49,'137','Villiger Premium N6 Honey',2,'Променен taxable. Променени price за Цена \"19.80\". Добавени Product Image \"Image of Product villiger-premium-n6-honey\".'),(917,'2011-11-18 10:15:31',1,49,'138','Villiger Rillos',2,'Променен taxable. Променени price за Цена \"5.99\". Добавени Product Image \"Image of Product villiger-rillos\".'),(918,'2011-11-18 10:18:56',1,49,'141','Villiger Premium Honey',2,'Променен taxable. Променени price за Цена \"10.00\". Добавени Product Image \"Image of Product villiger-premium-honey\".'),(919,'2011-11-18 10:23:33',1,49,'139','Villiger Premium Whisky',2,'Променен taxable. Променени price за Цена \"10.00\". Добавени Product Image \"Image of Product villiger-premium-whisky\".'),(920,'2011-11-18 10:24:16',1,49,'140','Villiger Premium Vanilla',2,'Променен taxable. Променени price за Цена \"10.00\". Добавени Product Image \"Image of Product villiger-premium-vanilla\".'),(921,'2011-11-18 10:37:52',1,49,'142','Cohiba Mini',2,'Променен taxable. Променени price за Цена \"20.00\". Добавени Product Image \"Image of Product cohiba-mini\".'),(922,'2011-11-18 10:39:39',1,49,'145','Cohiba Club',2,'Променен taxable. Променени price за Цена \"25.00\". Добавени Product Image \"Image of Product cohiba-club-1\".'),(923,'2011-11-18 10:49:43',1,49,'143','Montecristo Mini',2,'Променен taxable. Променени price за Цена \"16.00\". Добавени Product Image \"Image of Product montecristo-mini-1\".'),(924,'2011-11-18 10:50:17',1,49,'146','Montecristo Club',2,'Променен taxable. Променени price за Цена \"19.90\". Добавени Product Image \"Image of Product montecristo-club-1\".'),(925,'2011-11-18 10:53:08',1,49,'144','Partagás Mini',2,'Променен taxable. Променени price за Цена \"12.50\". Добавени Product Image \"Image of Product partagas-mini-1\".'),(926,'2011-11-18 10:53:37',1,49,'147','Partagás Club',2,'Променен taxable. Променени price за Цена \"15.00\". Добавени Product Image \"Image of Product partagas-club-1\".'),(927,'2011-11-18 10:54:08',1,49,'149','Partagas Chicos',2,'Променен taxable. Променени price за Цена \"10.50\". Добавени Product Image \"Image of Product partagas-chicos-1\".'),(928,'2011-11-18 10:56:12',1,49,'148','Romeo y Julieta Club',2,'Променен taxable. Променени price за Цена \"30.00\". Добавени Product Image \"Image of Product romeo-y-julieta-club-1\".'),(929,'2011-11-18 10:56:37',1,49,'150','Romeo y Julieta Puritos',2,'Променен taxable. Променени price за Цена \"12.50\". Добавени Product Image \"Image of Product romeo-y-julieta-puritos\".'),(930,'2011-11-18 10:59:49',1,49,'151','Clan Aromatic',2,'Променен taxable. Променени price за Цена \"14.00\". Добавени Product Image \"Image of Product clan-aromatic\".'),(931,'2011-11-18 11:03:42',1,49,'152','Clan Fine Aromatic',2,'Променен taxable. Променени price за Цена \"11.50\". Променени picture за Product Image \"Image of Product clan-fine-aromatic\".'),(932,'2011-11-18 11:04:15',1,49,'153','Clan Highland Gold',2,'Променен taxable. Променени price за Цена \"11.50\". Променени picture за Product Image \"Image of Product clan-highland-gold\".'),(933,'2011-11-18 11:12:06',1,49,'154','W. O. Larsen 1864',2,'Променен taxable. Променени price за Цена \"49.50\". Добавени Product Image \"Image of Product w-o-larsen-1864\".'),(934,'2011-11-18 11:12:33',1,49,'155','W. O. Larsen Classic',2,'Променен taxable. Променени price за Цена \"49.50\". Добавени Product Image \"Image of Product w-o-larsen-classic\".'),(935,'2011-11-18 11:13:00',1,49,'156','W. O. Larsen Signature',2,'Променен taxable. Променени price за Цена \"49.50\". Добавени Product Image \"Image of Product w-o-larsen-signature\".'),(936,'2011-11-18 11:13:24',1,49,'157','W. O. Larsen Old Fashioned',2,'Променен taxable. Променени price за Цена \"49.50\". Добавени Product Image \"Image of Product w-o-larsen-old-fashioned\".'),(937,'2011-11-18 11:25:07',1,49,'158','Stanwell Classic',2,'Променен taxable. Променени price за Цена \"18.50\". Добавени Product Image \"Image of Product stanwell-classic\".'),(938,'2011-11-18 11:25:29',1,49,'159','Stanwell Full Aroma',2,'Променен taxable. Променени price за Цена \"18.50\". Добавени Product Image \"Image of Product stanwell-full-aroma\".'),(939,'2011-11-18 11:25:54',1,49,'160','Stanwell Melange',2,'Променен taxable. Променени price за Цена \"18.50\". Добавени Product Image \"Image of Product stanwell-melange\".'),(940,'2011-11-18 11:26:34',1,49,'161','Stanwell Vanilla',2,'Променен taxable. Променени price за Цена \"18.50\". Добавени Product Image \"Image of Product stanwell-vanilla\".'),(941,'2011-11-18 11:30:11',1,49,'162','Alsbo Black',2,'Променен taxable. Променени price за Цена \"17.50\". Добавени Product Image \"Image of Product alsbo-black\".'),(942,'2011-11-18 11:30:48',1,49,'162','Alsbo Black',2,'Променен taxable. Променени price за Цена \"17.50\". Променени picture за Product Image \"Image of Product alsbo-black\".'),(943,'2011-11-18 11:34:28',1,49,'163','Erinmore Mixture',2,'Променен taxable. Променени price за Цена \"18.50\". Добавени Product Image \"Image of Product erinmore-mixture\".'),(944,'2011-11-18 11:40:04',1,49,'164','Colts American Mixture',2,'Променен taxable. Променени price за Цена \"14.00\". Добавени Product Image \"Image of Product colts-american-mixture\".'),(945,'2011-11-18 11:40:31',1,49,'165','Colts Gold Deluxe',2,'Променен taxable. Променени price за Цена \"14.00\". Добавени Product Image \"Image of Product colts-gold-deluxe\".'),(946,'2011-11-18 11:45:33',1,49,'166','Original Choice',2,'Променен taxable. Променени price за Цена \"18.50\". Добавени Product Image \"Image of Product original-choice\".'),(947,'2011-11-18 11:45:59',1,49,'167','Aromatic Choice',2,'Променен taxable. Променени price за Цена \"18.50\". Добавени Product Image \"Image of Product aromatic-choice\".'),(948,'2011-11-18 12:03:17',1,49,'170','Golden Ambrosia',2,'Променен taxable. Променени price за Цена \"18.50\". Добавени Product Image \"Image of Product golden-ambrosia\".'),(949,'2011-11-18 12:03:57',1,49,'168','Black Ambrosia',2,'Променен taxable. Променени price за Цена \"18.50\". Добавени Product Image \"Image of Product black-ambrosia\".'),(950,'2011-11-18 12:04:37',1,49,'169','Cherry Ambrosia',2,'Променен taxable. Променени price за Цена \"18.50\". Добавени Product Image \"Image of Product cherry-ambrosia\".'),(951,'2011-11-18 12:13:04',1,49,'171','7 Seas Gold Blend',2,'Променен taxable. Променени price за Цена \"14.00\". Добавени Product Image \"Image of Product 7-seas-gold-blend\".'),(952,'2011-11-18 12:13:29',1,49,'172','7 Seas Regular Blend',2,'Променен taxable. Променени price за Цена \"14.00\". Добавени Product Image \"Image of Product 7-seas-regular-blend\".'),(953,'2011-11-18 12:14:03',1,49,'173','7 Seas Royal Blend',2,'Променен taxable. Променени price за Цена \"14.00\". Добавени Product Image \"Image of Product 7-seas-royal-blend\".'),(954,'2011-11-18 12:20:35',1,49,'174','Velvet Red',2,'Променен taxable. Променени price за Цена \"18.50\". Добавени Product Image \"Image of Product velvet-red\".'),(955,'2011-11-18 12:20:59',1,49,'175','Velvet Green',2,'Променен taxable. Променени price за Цена \"18.50\". Добавени Product Image \"Image of Product velvet-green\".'),(956,'2011-11-18 13:30:53',1,49,'176','Bali Shag Halfzware',2,'Променен taxable. Променени price за Цена \"11.00\". Добавени Product Image \"Image of Product bali-shag-halfzware\".'),(957,'2011-11-18 13:31:44',1,49,'177','Bali Shag Mellow Taste Virginia',2,'Променен taxable. Променени price за Цена \"11.00\". Добавени Product Image \"Image of Product bali-shag-mellow-taste-virginia\".'),(958,'2011-11-18 13:32:28',1,49,'178','Bali Shag Rounded Virginia',2,'Променен taxable. Променени price за Цена \"11.00\". Добавени Product Image \"Image of Product bali-shag-rounded-virginia\".'),(959,'2011-11-18 13:42:00',1,49,'209','Classic Blue',1,''),(960,'2011-11-18 13:43:53',1,49,'210','Classic Blue / Bright Red tin',1,''),(961,'2011-11-18 13:44:48',1,49,'211','Classic Red',1,''),(962,'2011-11-18 13:45:08',1,49,'210','Classic Blue / Bright Red tin',2,'Променен taxable. Променени price за Цена \"27.50\".'),(963,'2011-11-18 14:02:16',1,49,'210','Classic Blue / Bright Red tin',2,'Променен taxable. Променени price за Цена \"27.50\". Добавени Product Image \"Image of Product classic-blue-bright-red-tin\".'),(964,'2011-11-18 14:02:44',1,49,'211','Classic Red',2,'Променен taxable. Променени price за Цена \"6.00\". Добавени Product Image \"Image of Product classic-red\".'),(965,'2011-11-18 14:05:14',1,49,'210','Classic Bright Red tin',2,'Променен name, slug, sku и taxable. Променени price за Цена \"27.50\".'),(966,'2011-11-18 14:07:09',1,49,'212','Classic Blue tin',1,''),(967,'2011-11-18 14:07:32',1,49,'209','Classic Blue',2,'Променен taxable. Променени price за Цена \"6.00\". Добавени Product Image \"Image of Product classic-blue\".'),(968,'2011-11-18 14:27:03',1,49,'179','Mac Baren Aromatic Choice RYO',2,'Променен taxable. Променени price за Цена \"13.50\". Добавени Product Image \"Image of Product mac-baren-aromatic-choice-ryo\".'),(969,'2011-11-18 14:27:37',1,49,'180','Mac Baren Cherry Choice RYO',2,'Променен taxable. Променени price за Цена \"13.50\". Добавени Product Image \"Image of Product mac-baren-cherry-choice-ryo\".'),(970,'2011-11-18 14:28:04',1,49,'181','Mac Baren Grape Choice RYO',2,'Променен taxable. Добавени Product Image \"Image of Product mac-baren-grape-choice-ryo\".'),(971,'2011-11-18 14:28:25',1,49,'182','Mac Baren Original Choice RYO',2,'Променен taxable. Променени price за Цена \"13.50\". Добавени Product Image \"Image of Product mac-baren-original-choice-ryo\".'),(972,'2011-11-18 14:28:45',1,49,'183','Mac Baren Vanilla Choice RYO',2,'Променен taxable. Променени price за Цена \"13.50\". Добавени Product Image \"Image of Product mac-baren-vanilla-choice-ryo\".'),(973,'2011-11-18 14:29:04',1,49,'184','Mac Baren Ice Tea Choice RYO',2,'Променен taxable. Добавени Product Image \"Image of Product mac-baren-ice-tea-choice-ryo\".'),(974,'2011-11-18 14:29:55',1,49,'185','Mac Baren Apple Choice RYO',2,'Променен taxable. Добавени Product Image \"Image of Product mac-baren-apple-choice-ryo\".'),(975,'2011-11-18 14:49:21',1,49,'186','Unitas Excellent Mango',2,'Променен taxable. Променени price за Цена \"11.50\". Добавени Product Image \"Image of Product unitas-excellent-mango\".'),(976,'2011-11-18 14:49:53',1,49,'187','Unitas Excellent Kir Royal',2,'Променен taxable. Променени price за Цена \"11.50\". Добавени Product Image \"Image of Product unitas-excellent-kir-royal\".'),(977,'2011-11-18 14:50:23',1,49,'188','Unitas Excellent Vanilla',2,'Променен taxable. Променени price за Цена \"11.50\". Добавени Product Image \"Image of Product unitas-excellent-vanilla\".'),(978,'2011-11-18 14:50:44',1,49,'189','Unitas Excellent Cherry',2,'Променен taxable. Променени price за Цена \"11.50\". Добавени Product Image \"Image of Product unitas-excellent-cherry\".'),(979,'2011-11-18 14:51:07',1,49,'190','Unitas Excellent Strawberry',2,'Променен taxable. Променени price за Цена \"11.50\". Добавени Product Image \"Image of Product unitas-excellent-strawberry\".'),(980,'2011-11-18 14:51:29',1,49,'191','Unitas Excellent Menthol',2,'Променен taxable. Променени price за Цена \"11.50\". Добавени Product Image \"Image of Product unitas-excellent-menthol\".'),(981,'2011-11-18 14:59:51',1,49,'192','Lexington American Blend',2,'Променен taxable. Променени price за Цена \"7.90\". Добавени Product Image \"Image of Product lexington-american-blend\".'),(982,'2011-11-18 15:14:44',1,49,'193','Lexington Blue',2,'Променен taxable. Променени price за Цена \"7.90\". Добавени Product Image \"Image of Product lexington-blue\".'),(983,'2011-11-18 15:15:15',1,49,'194','Lexington Virginia',2,'Променен taxable. Променени price за Цена \"7.90\". Добавени Product Image \"Image of Product lexington-virginia\".'),(984,'2011-11-18 15:15:36',1,49,'195','Lexington Vanilla',2,'Променен taxable. Променени price за Цена \"7.90\". Добавени Product Image \"Image of Product lexington-vanilla\".'),(985,'2011-11-18 15:24:23',1,49,'198','Black Devil Cherry Flavour',2,'Променен taxable. Променени price за Цена \"6.00\". Добавени Product Image \"Image of Product black-devil-cherry-flavour\".'),(986,'2011-11-18 15:32:09',1,49,'197','Black Devil Finest Flavour',2,'Променен taxable. Променени price за Цена \"6.00\". Добавени Product Image \"Image of Product black-devil-finest-flavour\".'),(987,'2011-11-18 15:39:19',1,49,'196','Black Devil Special Flavour',2,'Променен taxable. Променени price за Цена \"6.00\". Добавени Product Image \"Image of Product black-devil-special-flavour\".'),(988,'2011-11-18 15:43:46',1,49,'199','Che Red',2,'Променен taxable. Променени price за Цена \"5.50\". Добавени Product Image \"Image of Product che-red\".'),(989,'2011-11-18 15:45:04',1,49,'199','Che Red',2,'Променен taxable. Променени price за Цена \"5.50\". Променени picture за Product Image \"Image of Product che-red\".'),(990,'2011-11-18 15:45:26',1,49,'199','Che Red',2,'Променен taxable. Променени price за Цена \"5.50\". Изтрити Product Image \"Image of Product che-red\".'),(991,'2011-11-18 15:45:34',1,49,'199','Che Red',2,'Променен taxable. Променени price за Цена \"5.50\". Добавени Product Image \"Image of Product che-red\".'),(992,'2011-11-18 15:50:31',1,49,'200','Lexington Blue',2,'Променен taxable. Променени price за Цена \"4.70\". Добавени Product Image \"Image of Product lexington-blue-1\".'),(993,'2011-11-18 15:50:52',1,49,'201','Lexington Red',2,'Променен taxable. Променени price за Цена \"4.70\". Добавени Product Image \"Image of Product lexington-red\".'),(994,'2011-11-18 15:56:47',1,49,'202','Porsche Design Р’3681',2,'Променен taxable. Добавени Product Image \"Image of Product porsche-design-p3681\".'),(995,'2011-11-18 15:57:09',1,49,'203','Porsche Design Р’3682',2,'Променен taxable. Добавени Product Image \"Image of Product porsche-design-p3682\".'),(996,'2011-11-18 15:59:10',1,49,'203','Porsche Design Р’3682',2,'Променен taxable. Изтрити Product Image \"Image of Product porsche-design-p3682\".'),(997,'2011-11-18 15:59:19',1,49,'203','Porsche Design Р’3682',2,'Променен taxable. Добавени Product Image \"Image of Product porsche-design-p3682\".'),(998,'2011-11-18 16:02:20',1,49,'202','Porsche Design Р’3681',2,'Променен taxable. Изтрити Product Image \"Image of Product porsche-design-p3681\".'),(999,'2011-11-18 16:02:31',1,49,'202','Porsche Design Р’3681',2,'Променен taxable. Добавени Product Image \"Image of Product porsche-design-p3681\".'),(1000,'2011-11-25 10:56:02',1,40,'35','Habanos Пури :: Minis Cubanos :: Punch',2,'Променен is_active.'),(1001,'2011-11-25 10:56:13',1,40,'34','Habanos Пури :: Minis Cubanos :: Partagas',2,'Променен is_active.'),(1002,'2011-11-25 10:56:22',1,40,'33','Habanos Пури :: Minis Cubanos :: Romeo y Julieta',2,'Променен is_active.'),(1003,'2011-11-25 10:56:35',1,40,'32','Habanos Пури :: Minis Cubanos :: Montecristo',2,'Променен is_active.'),(1004,'2011-11-25 10:56:47',1,40,'31','Habanos Пури :: Minis Cubanos :: Cohiba',2,'Променен is_active.'),(1005,'2011-11-25 10:58:13',1,49,'100','Cohiba Club',2,'Променен category и taxable. Променени price за Цена \"25.00\".'),(1006,'2011-11-25 11:00:57',1,40,'35','Habanos Пури :: Minis Cubanos :: Punch',2,'Променен is_active.'),(1007,'2011-11-25 11:01:08',1,40,'34','Habanos Пури :: Minis Cubanos :: Partagas',2,'Променен is_active.'),(1008,'2011-11-25 11:01:19',1,40,'33','Habanos Пури :: Minis Cubanos :: Romeo y Julieta',2,'Променен is_active.'),(1009,'2011-11-25 11:01:29',1,40,'32','Habanos Пури :: Minis Cubanos :: Montecristo',2,'Променен is_active.'),(1010,'2011-11-25 11:01:38',1,40,'31','Habanos Пури :: Minis Cubanos :: Cohiba',2,'Променен is_active.'),(1011,'2011-11-25 11:06:31',1,40,'142','Habanos Пури :: Minis Cubanos :: Minis Cubanos',1,''),(1012,'2011-11-25 11:07:36',1,49,'100','Cohiba Club',2,'Променен category и taxable. Променени price за Цена \"25.00\".'),(1013,'2011-11-25 11:25:25',1,40,'30','Habanos Пури :: Minis Cubanos',2,'Променен ordering.'),(1014,'2011-11-25 11:29:30',1,49,'97','Cohiba Mini',2,'Променен category, name и taxable.'),(1015,'2011-11-25 11:30:38',1,49,'101','Montecristo Club',2,'Променен category и taxable. Променени price за Цена \"19.00\".'),(1016,'2011-11-25 11:31:23',1,49,'98','Montecristo Mini ',2,'Променен category и taxable. Променени price за Цена \"16.00\".'),(1017,'2011-11-25 11:32:16',1,49,'150','Romeo y Julieta Puritos',2,'Променен category и taxable. Променени price за Цена \"12.50\".'),(1018,'2011-11-25 11:32:52',1,49,'103','Romeo y Julieta Club',2,'Променен category и taxable. Променени price за Цена \"30.00\".'),(1019,'2011-11-25 11:33:43',1,49,'104','Partagas Chicos',2,'Променен category и taxable. Променени price за Цена \"10.50\".'),(1020,'2011-11-25 11:34:22',1,49,'102','Partagas Club',2,'Променен category и taxable. Променени price за Цена \"15.00\".'),(1021,'2011-11-25 11:34:54',1,49,'99','Partagas Mini ',2,'Променен category и taxable. Променени price за Цена \"12.50\".'),(1022,'2011-11-25 11:36:16',1,40,'35','Habanos Пури :: Minis Cubanos :: Punch',2,'Променен is_active.'),(1023,'2011-11-25 11:36:27',1,40,'34','Habanos Пури :: Minis Cubanos :: Partagas',2,'Променен is_active.'),(1024,'2011-11-25 11:36:38',1,40,'33','Habanos Пури :: Minis Cubanos :: Romeo y Julieta',2,'Променен is_active.'),(1025,'2011-11-25 11:37:01',1,40,'32','Habanos Пури :: Minis Cubanos :: Montecristo',2,'Променен is_active.'),(1026,'2011-11-25 11:37:35',1,40,'31','Habanos Пури :: Minis Cubanos :: Cohiba',2,'Променен is_active.'),(1027,'2011-11-25 12:26:19',1,49,'97','Cohiba Mini',2,'Променен taxable. Добавени Цена \"20.0\".'),(1028,'2011-11-26 22:06:02',1,40,'10','Habanos Пури :: Habanos Premium :: Cohiba :: Cohiba Behike',2,'Променен is_active.'),(1029,'2011-11-26 22:08:37',1,49,'1','Cohiba Behike BHK 52',2,'Променен category и taxable. Променени price за Цена \"520.00\".'),(1030,'2011-11-26 22:10:05',1,49,'1','Cohiba Behike BHK 52',2,'Променен taxable и related_items. Променени price за Цена \"520.00\".'),(1031,'2011-11-26 22:11:44',1,45,'1','Опаковка',2,'Променен name.'),(1032,'2011-11-26 22:12:55',1,59,'1','cohiba-behike-bhk-52',1,''),(1033,'2011-11-26 22:13:07',1,60,'1','cohiba-behike-bhk-52',1,''),(1034,'2011-11-26 22:13:34',1,60,'1','cohiba-behike-bhk-52',1,''),(1035,'2011-11-26 22:17:06',1,59,'5','cohiba-siglo-i',1,''),(1036,'2011-11-26 22:17:22',1,60,'205','cohiba-siglo-i_3',1,''),(1037,'2011-11-26 22:20:19',1,60,'1','cohiba-behike-bhk-52',1,''),(1038,'2011-11-26 22:20:36',1,60,'1','cohiba-behike-bhk-52',1,''),(1039,'2011-11-26 22:38:38',1,60,'5','cohiba-siglo-i',1,''),(1040,'2011-11-26 22:39:00',1,59,'5','cohiba-siglo-i',2,'Няма променени полета.'),(1041,'2011-11-26 22:42:34',1,61,'5','CustomProduct: Cohiba Siglo I ',1,''),(1042,'2011-11-26 22:45:15',1,47,'1','Опаковка: 3',2,'Променен price_change.'),(1043,'2011-11-26 22:45:22',1,47,'2','Опаковка: 25',2,'Променен price_change.'),(1044,'2011-11-26 22:45:48',1,47,'2','Опаковка: 25',2,'Променен price_change.'),(1045,'2011-11-26 22:45:53',1,47,'1','Опаковка: 3',2,'Променен price_change.'),(1046,'2011-11-26 22:46:27',1,61,'5','CustomProduct: Cohiba Siglo I ',2,'Променен downpayment. Променени price_change за custom text field \"CustomText: Кутия 3\". Променени price_change за custom text field \"CustomText: Кутия 25\".'),(1047,'2011-11-26 22:47:01',1,61,'5','CustomProduct: Cohiba Siglo I ',2,'Променен downpayment. Променени price_change за custom text field \"CustomText: Кутия 3\". Променени price_change за custom text field \"CustomText: Кутия 25\".'),(1048,'2011-11-26 22:49:25',1,45,'1','Опаковка',2,'Променени price_change за Option Item \"Опаковка: 3\". Променени price_change за Option Item \"Опаковка: 25\".'),(1049,'2011-11-26 22:55:50',1,59,'1','cohiba-behike-bhk-52',2,'Променен option_group.'),(1050,'2011-11-26 22:56:38',1,61,'5','CustomProduct: Cohiba Siglo I ',2,'Изтрити custom text field \"CustomText: Кутия 3\". Изтрити custom text field \"CustomText: Кутия 25\".'),(1051,'2011-11-26 22:56:45',1,61,'5','CustomProduct: Cohiba Siglo I ',2,'Няма променени полета.'),(1052,'2011-11-26 23:03:45',1,61,'5','CustomProduct: Cohiba Siglo I ',3,''),(1053,'2011-11-26 23:08:44',1,61,'5','CustomProduct: Cohiba Siglo I ',1,''),(1054,'2011-11-28 09:24:12',1,40,'10','Habanos Пури :: Habanos Premium :: Cohiba :: Cohiba Behike',2,'Променен is_active.'),(1055,'2011-11-28 09:54:45',1,49,'176','Bali Shag Halfzware',2,'Променен description и taxable. Променени price за Цена \"11.00\".'),(1056,'2011-11-28 09:55:03',1,49,'176','Bali Shag Halfzware',2,'Променен description и taxable. Променени price за Цена \"11.00\".'),(1057,'2011-11-28 09:56:13',1,49,'177','Bali Shag Mellow Taste Virginia',2,'Променен description и taxable. Променени price за Цена \"11.00\".'),(1058,'2011-11-28 09:57:02',1,49,'176','Bali Shag Halfzware',2,'Променен description и taxable. Променени price за Цена \"11.00\".'),(1059,'2011-11-28 09:57:48',1,49,'178','Bali Shag Rounded Virginia',2,'Променен description и taxable. Променени price за Цена \"11.00\".'),(1060,'2011-11-28 10:00:18',1,49,'209','Classic Blue',2,'Променен description и taxable. Променени price за Цена \"6.00\".'),(1061,'2011-11-28 10:05:25',1,49,'212','Classic Blue tin',2,'Променен description и taxable. Променени price за Цена \"27.50\".'),(1062,'2011-11-28 10:06:15',1,49,'212','Classic Blue tin',2,'Променен description и taxable. Променени price за Цена \"27.50\".'),(1063,'2011-11-28 10:07:07',1,49,'210','Classic Bright Red tin',2,'Променен description и taxable. Променени price за Цена \"27.50\".'),(1064,'2011-11-28 10:07:53',1,49,'211','Classic Red',2,'Променен description и taxable. Променени price за Цена \"6.00\".'),(1065,'2011-11-28 10:09:25',1,49,'185','Mac Baren Apple Choice RYO',2,'Променен description и taxable.'),(1066,'2011-11-28 10:10:37',1,49,'185','Mac Baren Apple Choice RYO',2,'Променен description и taxable.'),(1067,'2011-11-28 10:11:35',1,49,'185','Mac Baren Apple Choice RYO',2,'Променен description и taxable. Добавени Цена \"13.50\".'),(1068,'2011-11-28 10:12:02',1,49,'185','Mac Baren Apple Choice RYO',2,'Променен description и taxable. Променени price за Цена \"13.50\".'),(1069,'2011-11-28 10:13:43',1,49,'179','Mac Baren Aromatic Choice RYO',2,'Променен description и taxable. Променени price за Цена \"13.50\".'),(1070,'2011-11-28 10:14:59',1,49,'185','Mac Baren Apple Choice RYO',2,'Променен description и taxable. Променени price за Цена \"13.50\".'),(1071,'2011-11-28 10:16:09',1,49,'180','Mac Baren Cherry Choice RYO',2,'Променен description и taxable. Променени price за Цена \"13.50\".'),(1072,'2011-11-28 10:17:37',1,49,'181','Mac Baren Grape Choice RYO',2,'Променен description и taxable. Добавени Цена \"13.50\".'),(1073,'2011-11-28 10:19:01',1,49,'182','Mac Baren Original Choice RYO',2,'Променен description и taxable. Променени price за Цена \"13.50\".'),(1074,'2011-11-28 10:20:15',1,49,'183','Mac Baren Vanilla Choice RYO',2,'Променен description и taxable. Променени price за Цена \"13.50\".'),(1075,'2011-11-28 10:21:16',1,49,'189','Unitas Excellent Cherry',2,'Променен description и taxable. Променени price за Цена \"11.50\".'),(1076,'2011-11-28 10:22:00',1,49,'187','Unitas Excellent Kir Royal',2,'Променен description и taxable. Променени price за Цена \"11.50\".'),(1077,'2011-11-28 10:22:23',1,49,'187','Unitas Excellent Kir Royal',2,'Променен description и taxable. Променени price за Цена \"11.50\".'),(1078,'2011-11-28 10:23:02',1,49,'186','Unitas Excellent Mango',2,'Променен description и taxable. Променени price за Цена \"11.50\".'),(1079,'2011-11-28 10:23:47',1,49,'191','Unitas Excellent Menthol',2,'Променен description и taxable. Променени price за Цена \"11.50\".'),(1080,'2011-11-28 10:24:40',1,49,'190','Unitas Excellent Strawberry',2,'Променен description и taxable. Променени price за Цена \"11.50\".'),(1081,'2011-11-28 10:25:31',1,49,'188','Unitas Excellent Vanilla',2,'Променен description и taxable. Променени price за Цена \"11.50\".'),(1082,'2011-11-28 10:41:07',1,49,'192','Lexington American Blend',2,'Променен description и taxable. Променени price за Цена \"7.90\".'),(1083,'2011-11-28 10:42:00',1,49,'193','Lexington Blue',2,'Променен description и taxable. Променени price за Цена \"7.90\".'),(1084,'2011-11-28 10:43:00',1,49,'195','Lexington Vanilla',2,'Променен description и taxable. Променени price за Цена \"7.90\".'),(1085,'2011-11-28 10:43:44',1,49,'194','Lexington Virginia',2,'Променен description и taxable. Променени price за Цена \"7.90\".'),(1086,'2011-11-28 10:46:59',1,49,'151','Clan Aromatic',2,'Променен description и taxable. Променени price за Цена \"14.00\".'),(1087,'2011-11-28 10:51:24',1,49,'152','Clan Fine Aromatic',2,'Променен description и taxable. Променени price за Цена \"11.50\".'),(1088,'2011-11-28 10:53:49',1,49,'153','Clan Highland Gold',2,'Променен description и taxable. Променени price за Цена \"11.50\".'),(1089,'2011-11-28 10:59:44',1,49,'154','W. O. Larsen 1864',2,'Променен description и taxable. Променени price за Цена \"49.50\".'),(1090,'2011-11-28 11:00:23',1,49,'154','W. O. Larsen 1864',2,'Променен description и taxable. Променени price за Цена \"49.50\".'),(1091,'2011-11-28 11:02:00',1,49,'155','W. O. Larsen Classic',2,'Променен description и taxable. Променени price за Цена \"49.50\".'),(1092,'2011-11-28 11:03:22',1,49,'157','W. O. Larsen Old Fashioned',2,'Променен description и taxable. Променени price за Цена \"49.50\".'),(1093,'2011-11-28 11:04:50',1,49,'156','W. O. Larsen Signature',2,'Променен description и taxable. Променени price за Цена \"49.50\".'),(1094,'2011-11-28 11:05:20',1,49,'151','Clan Aromatic',2,'Променен description и taxable. Променени price за Цена \"14.00\".'),(1095,'2011-11-28 11:05:42',1,49,'152','Clan Fine Aromatic',2,'Променен description и taxable. Променени price за Цена \"11.50\".'),(1096,'2011-11-28 11:06:04',1,49,'153','Clan Highland Gold',2,'Променен description и taxable. Променени price за Цена \"11.50\".'),(1097,'2011-11-28 11:07:54',1,49,'158','Stanwell Classic',2,'Променен description и taxable. Променени price за Цена \"18.50\".'),(1098,'2011-11-28 11:09:20',1,49,'159','Stanwell Full Aroma',2,'Променен description и taxable. Променени price за Цена \"18.50\".'),(1099,'2011-11-28 11:10:45',1,49,'160','Stanwell Melange',2,'Променен description и taxable. Променени price за Цена \"18.50\".'),(1100,'2011-11-28 11:12:01',1,49,'161','Stanwell Vanilla',2,'Променен description и taxable. Променени price за Цена \"18.50\".'),(1101,'2011-11-28 11:13:18',1,49,'162','Alsbo Black',2,'Променен description и taxable. Променени price за Цена \"17.50\".'),(1102,'2011-11-28 11:14:53',1,49,'163','Erinmore Mixture',2,'Променен description и taxable. Променени price за Цена \"18.50\".'),(1103,'2011-11-28 11:15:21',1,59,'1','cohiba-behike-bhk-52',2,'Променен create_subs.'),(1104,'2011-11-28 11:16:12',1,49,'164','Colts American Mixture',2,'Променен description и taxable. Променени price за Цена \"14.00\".'),(1105,'2011-11-28 11:17:27',1,49,'165','Colts Gold Deluxe',2,'Променен description и taxable. Променени price за Цена \"14.00\".'),(1106,'2011-11-28 11:19:05',1,49,'167','Aromatic Choice',2,'Променен description и taxable. Променени price за Цена \"18.50\".'),(1107,'2011-11-28 11:20:10',1,49,'166','Original Choice',2,'Променен description и taxable. Променени price за Цена \"18.50\".'),(1108,'2011-11-28 11:21:30',1,49,'168','Black Ambrosia',2,'Променен description и taxable. Променени price за Цена \"18.50\".'),(1109,'2011-11-28 11:23:21',1,49,'169','Cherry Ambrosia',2,'Променен description и taxable. Променени price за Цена \"18.50\".'),(1110,'2011-11-28 11:32:48',1,49,'170','Golden Ambrosia',2,'Променен description и taxable. Променени price за Цена \"18.50\".'),(1111,'2011-11-28 11:35:10',1,49,'171','7 Seas Gold Blend',2,'Променен description и taxable. Променени price за Цена \"14.00\".'),(1112,'2011-11-28 11:36:31',1,49,'172','7 Seas Regular Blend',2,'Променен description и taxable. Променени price за Цена \"14.00\".'),(1113,'2011-11-28 11:38:04',1,49,'173','7 Seas Royal Blend',2,'Променен description и taxable. Променени price за Цена \"14.00\".'),(1114,'2011-11-28 11:39:37',1,49,'175','Velvet Green',2,'Променен description и taxable. Променени price за Цена \"18.50\".'),(1115,'2011-11-28 11:40:47',1,49,'174','Velvet Red',2,'Променен description и taxable. Променени price за Цена \"18.50\".'),(1116,'2011-11-28 11:43:13',1,49,'194','Lexington Virginia',2,'Променен description и taxable. Променени price за Цена \"7.90\".'),(1117,'2011-11-28 12:32:22',1,49,'5','Cohiba Siglo I ',2,'Променен items_in_stock и taxable. Променени price за Цена \"90.00\".'),(1118,'2011-11-28 12:33:01',1,59,'5','cohiba-siglo-i',2,'Променен create_subs.'),(1119,'2011-11-28 12:36:44',1,61,'5','CustomProduct: Cohiba Siglo I ',2,'Променен option_group.'),(1120,'2011-11-28 12:37:53',1,61,'5','CustomProduct: Cohiba Siglo I ',3,''),(1121,'2011-11-28 12:38:09',1,60,'205','cohiba-siglo-i_3',3,''),(1122,'2011-11-28 12:38:23',1,59,'5','cohiba-siglo-i',3,''),(1123,'2011-11-28 12:38:23',1,59,'1','cohiba-behike-bhk-52',3,''),(1124,'2011-11-28 12:52:37',1,45,'1','Опаковка',2,'Добавени Option Item \"Опаковка: 5\". Променени name, value, price_change и sort_order за Option Item \"Опаковка: 3 (tubos)\". Променени price_change и sort_order за Option Item \"Опаковка: 25\".'),(1125,'2011-11-28 12:53:02',1,45,'1','Опаковка',2,'Променени price_change и sort_order за Option Item \"Опаковка: 25\". Променени price_change и sort_order за Option Item \"Опаковка: 3 (tubos)\". Променени price_change и sort_order за Option Item \"Опаковка: 5\".'),(1126,'2011-11-28 12:55:18',1,45,'1','Опаковка',2,'Променени price_change за Option Item \"Опаковка: 5\". Променени name, value и price_change за Option Item \"Опаковка: 3\". Променени price_change за Option Item \"Опаковка: 25\".'),(1127,'2011-11-28 12:56:13',1,45,'1','Брой',2,'Променен name. Променени price_change за Option Item \"Брой: 5\". Променени price_change за Option Item \"Брой: 3\". Променени price_change за Option Item \"Брой: 25\".'),(1128,'2011-11-28 12:56:16',1,45,'1','Брой',2,'Променени price_change за Option Item \"Брой: 5\". Променени price_change за Option Item \"Брой: 3\". Променени price_change за Option Item \"Брой: 25\".'),(1129,'2011-11-28 12:56:42',1,45,'5','Опаковка',1,''),(1130,'2011-11-28 12:57:06',1,59,'5','cohiba-siglo-i',1,''),(1131,'2011-11-28 12:57:29',1,60,'5','cohiba-siglo-i',1,''),(1132,'2011-11-28 13:00:00',1,47,'14','Опаковка: Кутия',1,''),(1133,'2011-11-28 13:18:16',1,49,'5','Cohiba Siglo I ',2,'Променен taxable. Добавени Цена \"67.50\". Добавени Цена \"450\". Променени price и quantity за Цена \"90.00\".'),(1134,'2011-11-28 13:20:25',1,59,'5','cohiba-siglo-i',2,'Променен option_group.'),(1135,'2011-11-28 13:20:46',1,59,'5','cohiba-siglo-i',2,'Променен option_group.'),(1136,'2011-11-28 13:21:58',1,59,'5','cohiba-siglo-i',2,'Променен create_subs.'),(1137,'2011-11-28 13:22:37',1,59,'5','cohiba-siglo-i',2,'Променен option_group.'),(1138,'2011-11-28 13:23:10',1,59,'5','cohiba-siglo-i',2,'Променен option_group.'),(1139,'2011-11-28 13:24:13',1,60,'5','cohiba-siglo-i',1,''),(1140,'2011-11-28 13:24:29',1,60,'5','cohiba-siglo-i',1,''),(1141,'2011-11-28 13:27:43',1,59,'5','cohiba-siglo-i',2,'Променен create_subs и option_group.'),(1142,'2011-11-28 13:27:50',1,60,'216','cohiba-siglo-i_tubos_5',3,''),(1143,'2011-11-28 13:28:05',1,60,'217','cohiba-siglo-i_tubos_25',3,''),(1144,'2011-11-28 13:28:14',1,60,'218','cohiba-siglo-i_box_3',3,''),(1145,'2011-11-28 13:28:26',1,59,'5','cohiba-siglo-i',2,'Няма променени полета.'),(1146,'2011-11-28 13:29:06',1,59,'5','cohiba-siglo-i',3,''),(1147,'2011-11-28 13:32:12',1,49,'2','Cohiba Behike BHK 54',2,'Променен description и taxable. Променени price за Цена \"680.00\".'),(1148,'2011-11-28 13:32:43',1,59,'5','cohiba-siglo-i',1,''),(1149,'2011-11-28 13:33:22',1,49,'3','Cohiba Behike BHK 56',2,'Променен description и taxable. Променени price за Цена \"740.00\".'),(1150,'2011-11-28 13:34:58',1,49,'17','Cohiba Lanceros',2,'Променен description и taxable. Променени price за Цена \"190.00\".'),(1151,'2011-11-28 13:36:31',1,47,'1','Брой: 3',2,'Променен price_change.'),(1152,'2011-11-28 13:36:42',1,47,'2','Брой: 25',2,'Променен price_change.'),(1153,'2011-11-28 13:36:43',1,47,'2','Брой: 25',2,'Променен price_change.'),(1154,'2011-11-28 13:36:53',1,47,'12','Брой: 5',2,'Променен price_change.'),(1155,'2011-11-28 13:38:53',1,49,'26','Montecristo Open Junior',2,'Променен description и taxable. Променени price за Цена \"250.00\".'),(1156,'2011-11-28 13:39:52',1,49,'28','Montecristo Open Master',2,'Променен description и taxable. Променени price за Цена \"440.00\".'),(1157,'2011-11-28 13:41:22',1,49,'29','Montecristo Open Eagle',2,'Променен description и taxable. Променени price за Цена \"560.00\".'),(1158,'2011-11-28 13:42:31',1,49,'38','Romeo y Julieta Wide Churchills',2,'Променен description и taxable. Променени price за Цена \"220.00\".'),(1159,'2011-11-28 13:42:51',1,49,'38','Romeo y Julieta Wide Churchills',2,'Променен description и taxable. Променени price за Цена \"220.00\".'),(1160,'2011-11-28 13:44:12',1,49,'5','Cohiba Siglo I ',2,'Променен taxable. Променени price за Цена \"90.00\". Изтрити Цена \"450.00\". Изтрити Цена \"67.50\".'),(1161,'2011-11-28 13:48:16',1,49,'49','Hoyo de Monterrey Epicure N2',2,'Променен description и taxable. Променени price за Цена \"52.50\".'),(1162,'2011-11-28 13:48:20',1,49,'222','Cohiba Siglo I  (tubos/3)',2,'Променен taxable. Добавени Цена \"67.50\".'),(1163,'2011-11-28 13:48:56',1,49,'50','Hoyo de Monterrey Epicure Palma Extra',2,'Променен description и taxable. Променени price за Цена \"212.50\".'),(1164,'2011-11-28 13:49:07',1,49,'223','Cohiba Siglo I  (box/5)',2,'Променен taxable. Добавени Цена \"90\".'),(1165,'2011-11-28 13:50:18',1,49,'225','Cohiba Siglo I  (box/25)',2,'Променен taxable. Добавени Цена \"450\".'),(1166,'2011-11-28 13:53:27',1,49,'63','San Cristobal El Principe',2,'Променен description и taxable. Променени price за Цена \"275.00\".'),(1167,'2011-11-28 13:54:31',1,49,'64','San Cristobal La Fuerza',2,'Променен description и taxable. Променени price за Цена \"525.00\".'),(1168,'2011-11-28 13:55:35',1,49,'75','Bolivar Royal Corona',2,'Променен description и taxable. Променени price за Цена \"210.00\".'),(1169,'2011-11-28 13:56:32',1,49,'65','Vegas Robaina Clasicos',2,'Променен description и taxable. Променени price за Цена \"90.00\".'),(1170,'2011-11-28 13:59:04',1,49,'73','Rafael Gonzalez Panetelas Extra',2,'Променен description и taxable. Променени price за Цена \"162.50\".'),(1171,'2011-11-28 14:00:27',1,49,'77','H.Upmann Noellas',2,'Променен description и taxable. Променени price за Цена \"450.00\".'),(1172,'2011-11-28 14:01:16',1,49,'78','Bolivar Gold Medal',2,'Променен description и taxable. Променени price за Цена \"175.00\".'),(1173,'2011-11-28 14:02:12',1,49,'79','La Gloria Cubana Inmensos',2,'Променен description и taxable. Променени price за Цена \"290.00\".'),(1174,'2011-11-28 14:03:15',1,49,'80','Partagas Salomones',2,'Променен description и taxable. Променени price за Цена \"280.00\".'),(1175,'2011-11-28 14:04:14',1,49,'81','Estuche X Festival',2,'Променен description и taxable. Променени price за Цена \"680.00\".'),(1176,'2011-11-28 14:08:10',1,49,'81','Estuche X Festival',2,'Променен description и taxable. Променени price за Цена \"680.00\".'),(1177,'2011-11-28 14:08:54',1,49,'81','Estuche X Festival',2,'Променен description и taxable. Променени price за Цена \"680.00\".'),(1178,'2011-11-28 14:16:24',1,49,'88','San Cristobal',2,'Променен description и taxable. Променени price за Цена \"2000.00\".'),(1179,'2011-11-28 14:24:02',1,49,'91','Seleccion Robustos',2,'Променен description и taxable. Променени price за Цена \"178.00\".'),(1180,'2011-11-28 14:34:06',1,49,'96','Belinda',2,'Променен description и taxable. Променени price за Цена \"15.00\".'),(1181,'2011-11-30 11:47:11',1,40,'10','Habanos Пури :: Habanos Premium :: Cohiba :: Cohiba Behike',2,'Променен ordering и is_active.'),(1182,'2011-11-30 11:47:51',1,40,'143','Habanos Пури :: Habanos Premium :: Cohiba :: Cohiba Maduro 5',1,''),(1183,'2011-11-30 11:48:41',1,40,'144','Habanos Пури :: Habanos Premium :: Cohiba :: Cohiba Linea Clasica',1,''),(1184,'2011-11-30 11:49:01',1,40,'145','Habanos Пури :: Habanos Premium :: Cohiba :: Cohiba Siglo',1,''),(1185,'2011-11-30 11:49:56',1,49,'1','Cohiba Behike BHK 52',2,'Променен category, description и taxable. Променени price за Цена \"520.00\".'),(1186,'2011-11-30 11:50:47',1,49,'2','Cohiba Behike BHK 54',2,'Променен category и taxable. Променени price за Цена \"680.00\".'),(1187,'2011-11-30 11:51:20',1,49,'3','Cohiba Behike BHK 56',2,'Променен category и taxable. Променени price за Цена \"740.00\".'),(1188,'2011-11-30 11:52:01',1,49,'13','Cohiba Maduro Genios',2,'Променен category и taxable. Променени price за Цена \"400.00\".'),(1189,'2011-11-30 11:52:47',1,49,'12','Cohiba Maduro Magicos',2,'Променен category и taxable. Променени price за Цена \"365.00\".'),(1190,'2011-11-30 11:53:18',1,49,'11','Cohiba Maduro Secretos',2,'Променен category и taxable. Променени price за Цена \"185.00\".'),(1191,'2011-11-30 11:54:39',1,49,'18','Cohiba Panetelas',2,'Променен category и taxable. Променени price за Цена \"84.00\".'),(1192,'2011-11-30 11:55:05',1,49,'16','Cohiba Exquisitos',2,'Променен category и taxable. Променени price за Цена \"98.00\".'),(1193,'2011-11-30 11:55:32',1,49,'19','Cohiba Robustos',2,'Променен category и taxable. Променени price за Цена \"99.00\".'),(1194,'2011-11-30 11:56:01',1,49,'14','Cohiba Corona Especial',2,'Променен category и taxable. Променени price за Цена \"150.00\".'),(1195,'2011-11-30 11:56:29',1,49,'15','Cohiba Esplendidos',2,'Променен category и taxable. Променени price за Цена \"150.00\".'),(1196,'2011-11-30 11:56:57',1,49,'17','Cohiba Lanceros',2,'Променен category и taxable. Променени price за Цена \"190.00\".'),(1197,'2011-11-30 11:57:30',1,49,'5','Cohiba Siglo I ',2,'Променен category и taxable. Променени price за Цена \"90.00\".'),(1198,'2011-11-30 11:58:12',1,49,'6','Cohiba Siglo II',2,'Променен category и taxable. Променени price за Цена \"562.50\".'),(1199,'2011-11-30 11:58:39',1,49,'206','Cohiba Siglo I  (25)',2,'Променен taxable. Добавени Цена \"450\".'),(1200,'2011-11-30 11:58:41',1,49,'7','Cohiba Siglo III',2,'Променен category и taxable. Променени price за Цена \"135.00\".'),(1201,'2011-11-30 11:59:05',1,49,'8','Cohiba Siglo IV',2,'Променен category и taxable. Променени price за Цена \"150.00\".'),(1202,'2011-11-30 11:59:33',1,49,'9','Cohiba Siglo V',2,'Променен category и taxable. Променени price за Цена \"135.00\".'),(1203,'2011-11-30 11:59:57',1,49,'10','Cohiba Siglo VI',2,'Променен category и taxable. Променени price за Цена \"150.00\".'),(1204,'2011-11-30 12:00:41',1,59,'5','cohiba-siglo-i',3,''),(1205,'2011-11-30 12:01:32',1,40,'146','Habanos Пури :: Habanos Premium :: Montecristo :: Montecristo Linea Clasica',1,''),(1206,'2011-11-30 12:01:46',1,40,'147','Habanos Пури :: Habanos Premium :: Montecristo :: Montecristo Edmundo',1,''),(1207,'2011-11-30 12:01:53',1,49,'205','Cohiba Siglo I  (3)',3,''),(1208,'2011-11-30 12:01:53',1,49,'206','Cohiba Siglo I  (25)',3,''),(1209,'2011-11-30 12:01:53',1,49,'207','Cohiba Siglo I  (3)',3,''),(1210,'2011-11-30 12:01:53',1,49,'208','Cohiba Siglo I  (25)',3,''),(1211,'2011-11-30 12:01:53',1,49,'213','Cohiba Siglo I  (tubos/3)',3,''),(1212,'2011-11-30 12:01:53',1,49,'214','Cohiba Siglo I  (box/5)',3,''),(1213,'2011-11-30 12:01:53',1,49,'215','Cohiba Siglo I  (box/25)',3,''),(1214,'2011-11-30 12:01:53',1,49,'216','Cohiba Siglo I  (Tubos/5)',3,''),(1215,'2011-11-30 12:01:53',1,49,'217','Cohiba Siglo I  (Tubos/25)',3,''),(1216,'2011-11-30 12:01:53',1,49,'218','Cohiba Siglo I  (Кутия/3)',3,''),(1217,'2011-11-30 12:01:53',1,49,'219','Cohiba Siglo I  (Tubos/5)',3,''),(1218,'2011-11-30 12:01:53',1,49,'220','Cohiba Siglo I  (Tubos/25)',3,''),(1219,'2011-11-30 12:01:53',1,49,'221','Cohiba Siglo I  (Кутия/3)',3,''),(1220,'2011-11-30 12:01:53',1,49,'222','Cohiba Siglo I  (tubos/3)',3,''),(1221,'2011-11-30 12:01:53',1,49,'223','Cohiba Siglo I  (box/5)',3,''),(1222,'2011-11-30 12:01:53',1,49,'225','Cohiba Siglo I  (box/25)',3,''),(1223,'2011-11-30 12:02:01',1,40,'148','Habanos Пури :: Habanos Premium :: Montecristo :: Montecristo Open',1,''),(1224,'2011-11-30 12:02:21',1,49,'5','Cohiba Siglo I ',2,'Променен taxable. Променени price и quantity за Цена \"90.00\".'),(1225,'2011-11-30 12:03:12',1,49,'23','Montecristo N5',2,'Променен category и taxable. Променени price за Цена \"287.50\".'),(1226,'2011-11-30 12:03:14',1,59,'5','cohiba-siglo-i',1,''),(1227,'2011-11-30 12:03:18',1,60,'5','cohiba-siglo-i',1,''),(1228,'2011-11-30 12:03:54',1,49,'22','Montecristo N4',2,'Променен category и taxable. Променени price за Цена \"70.00\".'),(1229,'2011-11-30 12:04:02',1,60,'5','cohiba-siglo-i',1,''),(1230,'2011-11-30 12:04:20',1,49,'21','Montecristo N3',2,'Променен category и taxable. Променени price за Цена \"90.00\".'),(1231,'2011-11-30 12:04:44',1,60,'5','cohiba-siglo-i',1,''),(1232,'2011-11-30 12:04:58',1,49,'20','Montecristo N2',2,'Променен category и taxable. Променени price за Цена \"240.00\".'),(1233,'2011-11-30 12:05:30',1,49,'25','Montecristo Petit Edmundo',2,'Променен category и taxable. Променени price за Цена \"185.00\".'),(1234,'2011-11-30 12:06:01',1,49,'24','Montecristo Edmundo',2,'Променен category и taxable. Променени price за Цена \"550.00\".'),(1235,'2011-11-30 12:06:55',1,49,'26','Montecristo Open Junior',2,'Променен category и taxable. Променени price за Цена \"250.00\".'),(1236,'2011-11-30 12:07:16',1,49,'227','Cohiba Siglo I  (3)',2,'Променен taxable. Добавени Цена \"67.50\".'),(1237,'2011-11-30 12:07:20',1,49,'28','Montecristo Open Master',2,'Променен category и taxable. Променени price за Цена \"440.00\".'),(1238,'2011-11-30 12:07:33',1,49,'228','Cohiba Siglo I  (25)',2,'Променен taxable. Добавени Цена \"450.00\".'),(1239,'2011-11-30 12:07:44',1,49,'27','Montecristo Open Regata',2,'Променен category и taxable. Променени price за Цена \"360.00\".'),(1240,'2011-11-30 12:08:09',1,49,'29','Montecristo Open Eagle',2,'Променен category и taxable. Променени price за Цена \"560.00\".'),(1241,'2011-11-30 12:08:37',1,49,'226','Cohiba Siglo I  (5)',2,'Променен taxable. Добавени Цена \"90\".'),(1242,'2011-11-30 12:08:52',1,40,'149','Habanos Пури :: Habanos Premium :: Romeo y Julieta :: Romeo y Julieta Linea Clasica',1,''),(1243,'2011-11-30 12:09:07',1,40,'150','Habanos Пури :: Habanos Premium :: Romeo y Julieta :: Romeo y Julieta Churchills',1,''),(1244,'2011-11-30 12:09:38',1,49,'35','Romeo y Julieta Sport Largos',2,'Променен category и taxable. Променени price за Цена \"187.50\".'),(1245,'2011-11-30 12:10:10',1,49,'31','Romeo y Julieta Coronitas en Cedro',2,'Променен category и taxable. Променени price за Цена \"220.00\".'),(1246,'2011-11-30 12:10:34',1,49,'34','Romeo y Julieta Romeo N3',2,'Променен category и taxable. Променени price за Цена \"105.00\".'),(1247,'2011-11-30 12:10:57',1,49,'33','Romeo y Julieta Romeo N2',2,'Променен category и taxable. Променени price за Цена \"275.00\".'),(1248,'2011-11-30 12:11:21',1,52,'14','Единична цена',1,''),(1249,'2011-11-30 12:11:22',1,49,'32','Romeo y Julieta Romeo N1',2,'Променен category и taxable. Променени price за Цена \"125.00\".'),(1250,'2011-11-30 12:11:46',1,49,'37','Romeo y Julieta Exhibicion N4',2,'Променен category и taxable.'),(1251,'2011-11-30 12:12:09',1,49,'36','Romeo y Julieta Belicosos',2,'Променен category и taxable. Променени price за Цена \"550.00\".'),(1252,'2011-11-30 12:12:25',1,52,'14','Единична цена',2,'Променен validation.'),(1253,'2011-11-30 12:12:49',1,49,'227','Cohiba Siglo I  (3)',2,'Променен taxable. Добавени Product Attribute \"edinichna-cena\". Променени price за Цена \"67.50\".'),(1254,'2011-11-30 12:12:57',1,49,'39','Romeo y Julieta Short Churchills',2,'Променен category и taxable. Променени price за Цена \"450.00\".'),(1255,'2011-11-30 12:13:21',1,49,'38','Romeo y Julieta Wide Churchills',2,'Променен category и taxable. Променени price за Цена \"220.00\".'),(1256,'2011-11-30 12:13:52',1,49,'30','Romeo y Julieta Churchills',2,'Променен category и taxable. Променени price за Цена \"800.00\".'),(1257,'2011-11-30 12:14:10',1,49,'5','Cohiba Siglo I ',2,'Променен taxable. Добавени Product Attribute \"edinichna-cena\". Променени price за Цена \"90.00\".'),(1258,'2011-11-30 12:14:19',1,40,'10','Habanos Пури :: Habanos Premium :: Cohiba :: Cohiba Behike',2,'Променен is_active.'),(1259,'2011-11-30 12:14:37',1,40,'10','Habanos Пури :: Habanos Premium :: Cohiba :: Cohiba Behike',2,'Променен is_active.'),(1260,'2011-11-30 12:14:39',1,52,'14','Единична цена',2,'Променен sort_order.'),(1261,'2011-11-30 12:15:15',1,40,'151','Habanos Пури :: Habanos Premium :: Partagas :: Partagas Linea Clasica',1,''),(1262,'2011-11-30 12:15:30',1,40,'152','Habanos Пури :: Habanos Premium :: Partagas :: Partagas Series',1,''),(1263,'2011-11-30 12:15:59',1,49,'46','Partagas Aristocrat',2,'Променен category и taxable. Променени price за Цена \"42.50\".'),(1264,'2011-11-30 12:16:32',1,49,'42','Partagas Mille Fleur',2,'Променен category и taxable. Променени price за Цена \"88.00\".'),(1265,'2011-11-30 12:16:52',1,45,'1','Брой',2,'Променени price_change за Option Item \"Брой: 5\". Променени name и value за Option Item \"Брой: 3 tubos\". Променени price_change за Option Item \"Брой: 25\".'),(1266,'2011-11-30 12:16:57',1,49,'40','Partagas de Luxe',2,'Променен category и taxable. Променени price за Цена \"125.00\".'),(1267,'2011-11-30 12:17:25',1,49,'45','Partagas 8.9.8',2,'Променен category и taxable. Променени price за Цена \"220.00\".'),(1268,'2011-11-30 12:17:49',1,49,'41','Partagas Lusitanias',2,'Променен category и taxable. Променени price за Цена \"280.00\".'),(1269,'2011-11-30 12:18:20',1,49,'43','Partagas Serie D N4',2,'Променен category и taxable. Променени price за Цена \"180.00\".'),(1270,'2011-11-30 12:18:43',1,49,'44','Partagas Serie P N2',2,'Променен category и taxable. Променени price за Цена \"215.00\".'),(1271,'2011-11-30 12:19:06',1,60,'227','cohiba-siglo-i_3',2,'Няма променени полета.'),(1272,'2011-11-30 12:21:14',1,47,'15','Брой: 3',1,''),(1273,'2011-11-30 12:22:48',1,59,'19','cohiba-robustos',1,''),(1274,'2011-11-30 12:22:52',1,60,'19','cohiba-robustos',1,''),(1275,'2011-11-30 12:23:16',1,60,'19','cohiba-robustos',1,''),(1276,'2011-11-30 12:25:00',1,49,'230','Cohiba Robustos (25)',2,'Променен taxable. Добавени Цена \"825.00\".'),(1277,'2011-11-30 12:25:19',1,49,'229','Cohiba Robustos (3)',2,'Променен taxable. Добавени Цена \"99\".'),(1278,'2011-11-30 12:26:24',1,59,'6','cohiba-siglo-ii',1,''),(1279,'2011-11-30 12:26:42',1,60,'6','cohiba-siglo-ii',1,''),(1280,'2011-11-30 12:27:03',1,40,'153','Habanos Пури :: Habanos Premium :: Hoyo de Monterrey :: Hoyo de Monterrey Linea Clasica',1,''),(1281,'2011-11-30 12:27:16',1,40,'154','Habanos Пури :: Habanos Premium :: Hoyo de Monterrey :: Hoyo de Monterrey Epicure',1,''),(1282,'2011-11-30 12:27:47',1,49,'51','Hoyo de Monterrey Petit Robustos',2,'Променен category и taxable. Променени price за Цена \"45.00\".'),(1283,'2011-11-30 12:28:10',1,49,'232','Cohiba Siglo II (25)',2,'Променен taxable. Добавени Цена \"562.50\".'),(1284,'2011-11-30 12:28:31',1,49,'50','Hoyo de Monterrey Epicure Palma Extra',2,'Променен category и taxable. Променени price за Цена \"212.50\".'),(1285,'2011-11-30 12:28:32',1,49,'231','Cohiba Siglo II (3 tubos)',2,'Променен taxable. Добавени Цена \"78\".'),(1286,'2011-11-30 12:28:59',1,49,'49','Hoyo de Monterrey Epicure N2',2,'Променен category и taxable. Променени price за Цена \"52.50\".'),(1287,'2011-11-30 12:29:37',1,49,'48','Hoyo de Monterrey Epicure N1',2,'Променен category и taxable. Променени price за Цена \"55.50\".'),(1288,'2011-11-30 12:30:02',1,49,'47','Hoyo de Monterrey Epicure Especial',2,'Променен category и taxable. Променени price за Цена \"200.00\".'),(1289,'2011-11-30 12:30:15',1,47,'16','Брой: 25 tubos',1,''),(1290,'2011-11-30 12:30:46',1,40,'155','Habanos Пури :: Habanos Premium :: H. Upmann :: H.Upmann Linea Clasica',1,''),(1291,'2011-11-30 12:31:03',1,59,'7','cohiba-siglo-iii',1,''),(1292,'2011-11-30 12:31:19',1,40,'156','Habanos Пури :: Habanos Premium :: H. Upmann :: H.Upmann Magnum',1,''),(1293,'2011-11-30 12:31:24',1,60,'7','cohiba-siglo-iii',1,''),(1294,'2011-11-30 12:31:46',1,60,'7','cohiba-siglo-iii',1,''),(1295,'2011-11-30 12:31:56',1,49,'55','H.Upmann Majestic',2,'Променен category и taxable. Променени price за Цена \"212.50\".'),(1296,'2011-11-30 12:32:50',1,49,'52','H.Upmann Coronas Major',2,'Променен category и taxable. Променени price за Цена \"275.00\".'),(1297,'2011-11-30 12:33:05',1,49,'233','Cohiba Siglo III (25 tubos)',2,'Променен taxable. Добавени Цена \"675\".'),(1298,'2011-11-30 12:33:21',1,49,'56','H.Upmann Sir Winston',2,'Променен category и taxable. Променени price за Цена \"800.00\".'),(1299,'2011-11-30 12:33:24',1,49,'235','Cohiba Siglo III (3 tubos)',2,'Променен taxable. Добавени Цена \"99\".'),(1300,'2011-11-30 12:33:45',1,49,'234','Cohiba Siglo III (5)',2,'Променен taxable. Добавени Цена \"135\".'),(1301,'2011-11-30 12:33:59',1,49,'53','H.Upmann Magnum 46',2,'Променен category и taxable. Променени price за Цена \"69.00\".'),(1302,'2011-11-30 12:34:38',1,49,'54','H.Upmann Magnum 50',2,'Променен category и taxable. Променени price за Цена \"215.00\".'),(1303,'2011-11-30 12:35:47',1,59,'8','cohiba-siglo-iv',1,''),(1304,'2011-11-30 12:36:11',1,60,'8','cohiba-siglo-iv',1,''),(1305,'2011-11-30 12:37:41',1,49,'238','Cohiba Siglo IV (25)',2,'Променен taxable. Добавени Цена \"750\".'),(1306,'2011-11-30 12:38:12',1,49,'237','Cohiba Siglo IV (3 tubos)',2,'Променен taxable. Добавени Цена \"111\".'),(1307,'2011-11-30 12:38:31',1,49,'236','Cohiba Siglo IV (5)',2,'Променен taxable. Добавени Цена \"150\".'),(1308,'2011-11-30 12:40:20',1,40,'157','Пури и пурети :: Пурети :: AGIO :: Agio Tip пурети',1,''),(1309,'2011-11-30 12:40:54',1,49,'115','Agio Tip Filter',2,'Променен category и taxable. Променени price за Цена \"4.20\".'),(1310,'2011-11-30 12:41:31',1,49,'116','Agio Sweet Tip ',2,'Променен category и taxable. Променени price за Цена \"4.20\".'),(1311,'2011-11-30 12:42:03',1,49,'117','Agio Clair Tip',2,'Променен category и taxable. Променени price за Цена \"4.20\".'),(1312,'2011-11-30 12:42:43',1,40,'158','Пури и пурети :: Пурети :: MEHARI`S :: Mehari`s пурети с филтър',1,''),(1313,'2011-11-30 12:43:04',1,40,'159','Пури и пурети :: Пурети :: MEHARI`S :: Mehari`s пурети без филтър',1,''),(1314,'2011-11-30 12:43:37',1,49,'118','Mehari`s Sweet Orient Filter',2,'Променен category и taxable.'),(1315,'2011-11-30 12:50:48',1,49,'118','Mehari`s Sweet Orient Filter',2,'Променен taxable. Добавени Цена \"11.00\".'),(1316,'2011-11-30 12:53:36',1,49,'119','Mahari’s Orient Filter tin',2,'Променен category и taxable.'),(1317,'2011-11-30 12:55:23',1,49,'122','Mahari’s Sweet Orient',2,'Променен category и taxable. Променени price за Цена \"11.00\".'),(1318,'2011-11-30 12:56:27',1,49,'120','Mahari’s Java',2,'Променен category и taxable. Променени price за Цена \"11.00\".'),(1319,'2011-11-30 12:56:58',1,49,'121','Mahari’s Ecuador',2,'Променен category и taxable. Променени price за Цена \"11.00\".'),(1320,'2011-11-30 12:57:19',1,49,'123','Mahari’s Brasil',2,'Променен category и taxable. Променени price за Цена \"11.00\".'),(1321,'2011-11-30 12:58:34',1,49,'119','Mahari’s Sweet Orient Filter tin',2,'Променен name, slug и taxable.'),(1322,'2011-11-30 12:59:53',1,40,'160','Пури и пурети :: Пурети :: VILLIGER :: Villiger пурети с филтър',1,''),(1323,'2011-11-30 13:00:18',1,40,'161','Пури и пурети :: Пурети :: VILLIGER :: Villiger Tip пурети',1,''),(1324,'2011-11-30 13:00:31',1,40,'162','Пури и пурети :: Пурети :: VILLIGER :: Villiger пурети без филтър',1,''),(1325,'2011-11-30 13:00:57',1,49,'130','Villiger Premium Honey Filter',2,'Променен category и taxable. Променени price за Цена \"10.00\".'),(1326,'2011-11-30 13:01:19',1,49,'132','Villiger Premium Whisky Filter',2,'Променен category и taxable. Променени price за Цена \"10.00\".'),(1327,'2011-11-30 13:01:43',1,49,'131','Villiger Premium Vanilla Filter',2,'Променен category и taxable. Променени price за Цена \"10.00\".'),(1328,'2011-11-30 13:02:02',1,49,'135','Villiger Premium Dark Chocolate Filter',2,'Променен category и taxable. Променени price за Цена \"10.00\".'),(1329,'2011-11-30 13:02:21',1,49,'133','Villiger Premium Cherry Filter',2,'Променен category и taxable. Променени price за Цена \"10.00\".'),(1330,'2011-11-30 13:02:39',1,49,'134','Villiger Premium Coffee Filter',2,'Променен category и taxable. Променени price за Цена \"10.00\".'),(1331,'2011-11-30 13:03:09',1,49,'136','Villiger Premium N6 Cherry',2,'Променен category и taxable. Променени price за Цена \"19.80\".'),(1332,'2011-11-30 13:03:30',1,49,'137','Villiger Premium N6 Honey',2,'Променен category и taxable. Променени price за Цена \"19.80\".'),(1333,'2011-11-30 13:03:48',1,49,'138','Villiger Rillos',2,'Променен category и taxable. Променени price за Цена \"5.99\".'),(1334,'2011-11-30 13:04:21',1,49,'141','Villiger Premium Honey',2,'Променен category и taxable. Променени price за Цена \"10.00\".'),(1335,'2011-11-30 13:04:42',1,49,'139','Villiger Premium Whisky',2,'Променен category и taxable. Променени price за Цена \"10.00\".'),(1336,'2011-11-30 13:04:59',1,49,'140','Villiger Premium Vanilla',2,'Променен category и taxable. Променени price за Цена \"10.00\".'),(1337,'2011-11-30 13:05:50',1,40,'163','Пури и пурети :: Пурети :: PANTER :: Panter пурети с филтър',1,''),(1338,'2011-11-30 13:06:07',1,40,'164','Пури и пурети :: Пурети :: PANTER :: Panter пурети без филтър',1,''),(1339,'2011-11-30 13:06:32',1,49,'124','Panter Dessert Filter',2,'Променен category и taxable. Променени price за Цена \"9.95\".'),(1340,'2011-11-30 13:07:52',1,49,'129','Panter Senoritas',2,'Променен category, name, slug и taxable.'),(1341,'2011-11-30 13:08:11',1,49,'128','Panter Sprint',2,'Променен category и taxable. Променени price за Цена \"8.80\".'),(1342,'2011-11-30 13:08:29',1,49,'126','Panter Blue',2,'Променен category и taxable. Променени price за Цена \"8.80\".'),(1343,'2011-11-30 13:08:46',1,49,'125','Panter Arome',2,'Променен category и taxable. Променени price за Цена \"8.80\".'),(1344,'2011-11-30 13:09:05',1,49,'127','Panter Small',2,'Променен category и taxable. Променени price за Цена \"8.80\".'),(1345,'2011-11-30 13:51:44',1,49,'1','Cohiba Behike BHK 52',2,'Променен taxable. Добавени Product Attribute \"edinichna-cena\". Променени price за Цена \"520.00\".'),(1346,'2011-11-30 13:52:06',1,49,'1','Cohiba Behike BHK 52',2,'Променен taxable. Променени value за Product Attribute \"edinichna-cena\". Променени price за Цена \"520.00\".'),(1347,'2011-11-30 13:54:24',1,49,'1','Cohiba Behike BHK 52',2,'Променен taxable. Променени value за Product Attribute \"edinichna-cena\". Променени price за Цена \"520.00\".'),(1348,'2011-11-30 13:55:45',1,49,'2','Cohiba Behike BHK 54',2,'Променен taxable. Добавени Product Attribute \"edinichna-cena\". Променени price за Цена \"680.00\".'),(1349,'2011-11-30 13:56:47',1,49,'3','Cohiba Behike BHK 56',2,'Променен taxable. Добавени Product Attribute \"edinichna-cena\". Променени price за Цена \"740.00\".'),(1350,'2011-11-30 13:57:51',1,49,'13','Cohiba Maduro Genios',2,'Променен taxable. Добавени Product Attribute \"edinichna-cena\". Променени price за Цена \"400.00\".'),(1351,'2011-11-30 13:58:59',1,49,'12','Cohiba Maduro Magicos',2,'Променен taxable. Добавени Product Attribute \"edinichna-cena\". Променени price за Цена \"365.00\".'),(1352,'2011-11-30 13:59:39',1,49,'11','Cohiba Maduro Secretos',2,'Променен taxable. Добавени Product Attribute \"edinichna-cena\". Променени price за Цена \"185.00\".'),(1353,'2011-11-30 14:00:35',1,49,'18','Cohiba Panetelas',2,'Променен taxable. Добавени Product Attribute \"edinichna-cena\". Променени price за Цена \"84.00\".'),(1354,'2011-11-30 14:01:14',1,49,'16','Cohiba Exquisitos',2,'Променен taxable. Добавени Product Attribute \"edinichna-cena\". Променени price за Цена \"98.00\".'),(1355,'2011-11-30 14:04:14',1,49,'19','Cohiba Robustos',2,'Променен taxable. Добавени Product Attribute \"edinichna-cena\". Променени price за Цена \"99.00\".'),(1356,'2011-11-30 14:05:17',1,49,'14','Cohiba Corona Especial',2,'Променен taxable. Добавени Product Attribute \"edinichna-cena\". Променени price за Цена \"150.00\".'),(1357,'2011-11-30 14:06:34',1,49,'15','Cohiba Esplendidos',2,'Променен taxable. Добавени Product Attribute \"edinichna-cena\". Променени price за Цена \"150.00\".'),(1358,'2011-11-30 14:07:25',1,49,'17','Cohiba Lanceros',2,'Променен taxable. Добавени Product Attribute \"edinichna-cena\". Променени price за Цена \"190.00\".'),(1359,'2011-11-30 14:08:14',1,49,'17','Cohiba Lanceros',2,'Променен taxable. Променени languagecode за Product Attribute \"edinichna-cena\". Променени price за Цена \"190.00\".'),(1360,'2011-11-30 14:09:43',1,49,'5','Cohiba Siglo I ',2,'Променен taxable. Добавени Product Attribute \"edinichna-cena\". Променени price за Цена \"90.00\".'),(1361,'2011-11-30 14:10:23',1,49,'5','Cohiba Siglo I ',2,'Променен taxable. Изтрити Product Attribute \"edinichna-cena\". Променени price за Цена \"90.00\".'),(1362,'2011-11-30 14:14:53',1,49,'6','Cohiba Siglo II',2,'Променен taxable. Добавени Product Attribute \"edinichna-cena\". Променени price за Цена \"562.50\".'),(1363,'2011-11-30 14:15:44',1,49,'7','Cohiba Siglo III',2,'Променен taxable. Добавени Product Attribute \"edinichna-cena\". Променени price за Цена \"135.00\".'),(1364,'2011-11-30 14:16:24',1,49,'8','Cohiba Siglo IV',2,'Променен taxable. Добавени Product Attribute \"edinichna-cena\". Променени price за Цена \"150.00\".'),(1365,'2011-11-30 14:17:15',1,49,'9','Cohiba Siglo V',2,'Променен taxable. Добавени Product Attribute \"edinichna-cena\". Променени price за Цена \"135.00\".'),(1366,'2011-11-30 14:18:03',1,49,'10','Cohiba Siglo VI',2,'Променен taxable. Добавени Product Attribute \"edinichna-cena\". Променени price за Цена \"150.00\".'),(1367,'2011-11-30 14:19:17',1,49,'20','Montecristo N2',2,'Променен taxable. Добавени Product Attribute \"edinichna-cena\". Променени price за Цена \"240.00\".'),(1368,'2011-11-30 14:19:55',1,49,'21','Montecristo N3',2,'Променен taxable. Добавени Product Attribute \"edinichna-cena\". Променени price за Цена \"90.00\".'),(1369,'2011-11-30 14:20:31',1,49,'22','Montecristo N4',2,'Променен taxable. Добавени Product Attribute \"edinichna-cena\". Променени price за Цена \"70.00\".'),(1370,'2011-11-30 14:20:49',1,49,'22','Montecristo N4',2,'Променен taxable. Променени languagecode за Product Attribute \"edinichna-cena\". Променени price за Цена \"70.00\".'),(1371,'2011-11-30 14:21:47',1,49,'23','Montecristo N5',2,'Променен description и taxable. Добавени Product Attribute \"edinichna-cena\". Променени price за Цена \"287.50\".'),(1372,'2011-11-30 14:22:30',1,49,'24','Montecristo Edmundo',2,'Променен taxable. Добавени Product Attribute \"edinichna-cena\". Променени price за Цена \"550.00\".'),(1373,'2011-11-30 14:23:45',1,49,'25','Montecristo Petit Edmundo',2,'Променен description и taxable. Добавени Product Attribute \"edinichna-cena\". Променени price за Цена \"185.00\".'),(1374,'2011-11-30 14:24:35',1,49,'29','Montecristo Open Eagle',2,'Променен category и taxable. Добавени Product Attribute \"edinichna-cena\". Променени price за Цена \"560.00\".'),(1375,'2011-11-30 14:25:16',1,49,'26','Montecristo Open Junior',2,'Променен taxable. Добавени Product Attribute \"edinichna-cena\". Променени price за Цена \"250.00\".'),(1376,'2011-11-30 14:25:39',1,49,'26','Montecristo Open Junior',2,'Променен taxable. Променени languagecode за Product Attribute \"edinichna-cena\". Променени price за Цена \"250.00\".'),(1377,'2011-11-30 14:26:18',1,49,'28','Montecristo Open Master',2,'Променен taxable. Добавени Product Attribute \"edinichna-cena\". Променени price за Цена \"440.00\".'),(1378,'2011-11-30 14:26:53',1,49,'27','Montecristo Open Regata',2,'Променен taxable. Добавени Product Attribute \"edinichna-cena\". Променени price за Цена \"360.00\".'),(1379,'2011-11-30 14:28:11',1,49,'36','Romeo y Julieta Belicosos',2,'Променен taxable. Добавени Product Attribute \"edinichna-cena\". Променени price за Цена \"550.00\".'),(1380,'2011-11-30 14:29:30',1,49,'31','Romeo y Julieta Coronitas en Cedro',2,'Променен taxable. Добавени Product Attribute \"edinichna-cena\". Променени price за Цена \"220.00\".'),(1381,'2011-11-30 14:29:49',1,49,'31','Romeo y Julieta Coronitas en Cedro',2,'Променен taxable. Променени languagecode за Product Attribute \"edinichna-cena\". Променени price за Цена \"220.00\".'),(1382,'2011-11-30 14:30:45',1,49,'37','Romeo y Julieta Exhibicion N4',2,'Променен taxable. Добавени Product Attribute \"edinichna-cena\". Добавени Цена \"450.00\".'),(1383,'2011-11-30 14:31:02',1,49,'37','Romeo y Julieta Exhibicion N4',2,'Променен taxable. Променени languagecode за Product Attribute \"edinichna-cena\". Променени price за Цена \"450.00\".'),(1384,'2011-11-30 14:31:46',1,49,'32','Romeo y Julieta Romeo N1',2,'Променен taxable. Добавени Product Attribute \"edinichna-cena\". Променени price за Цена \"125.00\".'),(1385,'2011-11-30 14:32:27',1,49,'33','Romeo y Julieta Romeo N2',2,'Променен taxable. Добавени Product Attribute \"edinichna-cena\". Променени price за Цена \"275.00\".'),(1386,'2011-11-30 14:34:38',1,49,'34','Romeo y Julieta Romeo N3',2,'Променен description и taxable. Добавени Product Attribute \"edinichna-cena\". Променени price за Цена \"262.50\".'),(1387,'2011-11-30 14:35:22',1,49,'35','Romeo y Julieta Sport Largos',2,'Променен taxable. Добавени Product Attribute \"edinichna-cena\". Променени price за Цена \"187.50\".'),(1388,'2011-11-30 14:36:08',1,49,'30','Romeo y Julieta Churchills',2,'Променен taxable. Добавени Product Attribute \"edinichna-cena\". Променени price за Цена \"800.00\".'),(1389,'2011-11-30 14:37:26',1,49,'39','Romeo y Julieta Short Churchills',2,'Променен description и taxable. Добавени Product Attribute \"edinichna-cena\". Променени price за Цена \"450.00\".'),(1390,'2011-11-30 14:38:20',1,49,'38','Romeo y Julieta Wide Churchills',2,'Променен taxable. Добавени Product Attribute \"edinichna-cena\". Променени price за Цена \"220.00\".'),(1391,'2011-11-30 14:39:45',1,49,'45','Partagas 8.9.8',2,'Променен taxable. Добавени Product Attribute \"edinichna-cena\". Променени price за Цена \"220.00\".'),(1392,'2011-11-30 14:40:29',1,49,'46','Partagas Aristocrat',2,'Променен description и taxable. Добавени Product Attribute \"edinichna-cena\". Променени price за Цена \"42.50\".'),(1393,'2011-11-30 14:41:39',1,49,'40','Partagas de Luxe',2,'Променен taxable. Добавени Product Attribute \"edinichna-cena\". Променени price за Цена \"125.00\".'),(1394,'2011-11-30 14:42:35',1,49,'41','Partagas Lusitanias',2,'Променен taxable. Добавени Product Attribute \"edinichna-cena\". Променени price за Цена \"280.00\".'),(1395,'2011-11-30 14:43:26',1,49,'42','Partagas Mille Fleur',2,'Променен taxable. Добавени Product Attribute \"edinichna-cena\". Променени price за Цена \"88.00\".'),(1396,'2011-11-30 14:44:27',1,49,'43','Partagas Serie D N4',2,'Променен taxable. Добавени Product Attribute \"edinichna-cena\". Променени price за Цена \"180.00\".'),(1397,'2011-11-30 14:45:24',1,49,'44','Partagas Serie P N2',2,'Променен taxable. Добавени Product Attribute \"edinichna-cena\". Променени price за Цена \"215.00\".'),(1398,'2011-11-30 14:46:46',1,49,'50','Hoyo de Monterrey Epicure Palma Extra',2,'Променен taxable. Добавени Product Attribute \"edinichna-cena\". Променени price за Цена \"212.50\".'),(1399,'2011-11-30 14:47:47',1,49,'51','Hoyo de Monterrey Petit Robustos',2,'Променен taxable. Добавени Product Attribute \"edinichna-cena\". Променени price за Цена \"45.00\".'),(1400,'2011-11-30 14:49:01',1,49,'47','Hoyo de Monterrey Epicure Especial',2,'Променен taxable. Добавени Product Attribute \"edinichna-cena\". Променени price за Цена \"200.00\".'),(1401,'2011-11-30 14:49:47',1,49,'48','Hoyo de Monterrey Epicure N1',2,'Променен taxable. Добавени Product Attribute \"edinichna-cena\". Променени price за Цена \"55.50\".'),(1402,'2011-11-30 14:50:49',1,49,'49','Hoyo de Monterrey Epicure N2',2,'Променен taxable. Добавени Product Attribute \"edinichna-cena\". Променени price за Цена \"52.50\".'),(1403,'2011-11-30 14:52:15',1,49,'52','H.Upmann Coronas Major',2,'Променен taxable. Добавени Product Attribute \"edinichna-cena\". Променени price за Цена \"275.00\".'),(1404,'2011-11-30 14:53:04',1,49,'55','H.Upmann Majestic',2,'Променен taxable. Добавени Product Attribute \"edinichna-cena\". Променени price за Цена \"212.50\".'),(1405,'2011-11-30 14:53:47',1,49,'56','H.Upmann Sir Winston',2,'Променен taxable. Добавени Product Attribute \"edinichna-cena\". Променени price за Цена \"800.00\".'),(1406,'2011-11-30 15:02:12',1,49,'53','H.Upmann Magnum 46',2,'Променен description и taxable. Добавени Product Attribute \"edinichna-cena\". Променени price за Цена \"69.00\".'),(1407,'2011-11-30 15:03:05',1,49,'54','H.Upmann Magnum 50',2,'Променен taxable. Добавени Product Attribute \"edinichna-cena\". Променени price за Цена \"215.00\".'),(1408,'2011-11-30 15:04:12',1,49,'57','Trinidad Coloniales',2,'Променен taxable. Добавени Product Attribute \"edinichna-cena\". Променени price за Цена \"90.00\".'),(1409,'2011-11-30 15:04:59',1,49,'58','Trinidad Fundadores',2,'Променен taxable. Добавени Product Attribute \"edinichna-cena\". Променени price за Цена \"912.00\".'),(1410,'2011-11-30 15:05:46',1,49,'59','Trinidad Reyes',2,'Променен taxable. Добавени Product Attribute \"edinichna-cena\". Променени price за Цена \"174.00\".'),(1411,'2011-11-30 15:06:31',1,49,'60','Trinidad Robusto Extra',2,'Променен taxable. Добавени Product Attribute \"edinichna-cena\". Променени price за Цена \"114.00\".'),(1412,'2011-11-30 15:07:35',1,49,'61','Trinidad Robusto T',2,'Променен description и taxable. Добавени Product Attribute \"edinichna-cena\". Променени price за Цена \"384.00\".'),(1413,'2011-11-30 15:09:17',1,49,'63','San Cristobal El Principe',2,'Променен description и taxable. Добавени Product Attribute \"edinichna-cena\". Променени price за Цена \"275.00\".'),(1414,'2011-11-30 15:10:18',1,49,'64','San Cristobal La Fuerza',2,'Променен description и taxable. Добавени Product Attribute \"edinichna-cena\". Променени price за Цена \"525.00\".'),(1415,'2011-11-30 15:11:12',1,49,'62','San Cristobal La Punta',2,'Променен taxable. Добавени Product Attribute \"edinichna-cena\". Променени price за Цена \"480.00\".'),(1416,'2011-11-30 15:12:37',1,49,'76','Bolivar Belicosos Fino',2,'Променен taxable. Добавени Product Attribute \"edinichna-cena\". Променени price за Цена \"500.00\".'),(1417,'2011-11-30 15:13:45',1,49,'75','Bolivar Royal Corona',2,'Променен description и taxable. Добавени Product Attribute \"edinichna-cena\". Променени price за Цена \"210.00\".'),(1418,'2011-11-30 15:15:02',1,49,'65','Vegas Robaina Clasicos',2,'Променен taxable. Добавени Product Attribute \"edinichna-cena\". Променени price за Цена \"90.00\".'),(1419,'2011-11-30 15:16:00',1,49,'66','Vegas Robaina Don Alejandro',2,'Променен taxable. Добавени Product Attribute \"edinichna-cena\". Променени price за Цена \"725.00\".'),(1420,'2011-11-30 15:17:04',1,49,'67','Vegas Robaina Famosos',2,'Променен description и taxable. Добавени Product Attribute \"edinichna-cena\". Променени price за Цена \"83.00\".'),(1421,'2011-11-30 15:18:07',1,49,'68','Vegas Robaina Unicos',2,'Променен name и taxable. Добавени Product Attribute \"edinichna-cena\". Променени price за Цена \"550.00\".'),(1422,'2011-11-30 15:19:44',1,49,'204','Especially Selected',2,'Променен taxable. Добавени Product Attribute \"edinichna-cena\". Променени price за Цена \"387.50\".'),(1423,'2011-11-30 15:21:13',1,49,'69','Punch Coronation',2,'Променен taxable. Добавени Product Attribute \"edinichna-cena\". Променени price за Цена \"275.00\".'),(1424,'2011-11-30 15:22:06',1,49,'70','Punch Punch',2,'Променен taxable. Добавени Product Attribute \"edinichna-cena\". Променени price за Цена \"240.00\".'),(1425,'2011-11-30 15:23:19',1,49,'71','Cuaba Exclusivos',2,'Променен taxable. Добавени Product Attribute \"edinichna-cena\". Променени price за Цена \"76.00\".'),(1426,'2011-11-30 15:24:25',1,49,'72','Por Larranaga Montecarlos',2,'Променен taxable. Добавени Product Attribute \"edinichna-cena\". Променени price за Цена \"212.50\".'),(1427,'2011-11-30 15:25:48',1,49,'73','Rafael Gonzalez Panetelas Extra',2,'Променен taxable. Добавени Product Attribute \"edinichna-cena\". Променени price за Цена \"162.50\".'),(1428,'2011-11-30 15:26:55',1,49,'74','Jose L. Piedra Cazadores',2,'Променен taxable. Добавени Product Attribute \"edinichna-cena\". Променени price за Цена \"34.00\".'),(1429,'2011-11-30 15:29:31',1,49,'77','H.Upmann Noellas',2,'Променен taxable. Добавени Product Attribute \"edinichna-cena\". Променени price за Цена \"450.00\".'),(1430,'2011-11-30 15:30:55',1,49,'78','Bolivar Gold Medal',2,'Променен description и taxable. Добавени Product Attribute \"edinichna-cena\". Променени price за Цена \"175.00\".'),(1431,'2011-11-30 15:33:25',1,49,'79','La Gloria Cubana Inmensos',2,'Променен taxable. Добавени Product Attribute \"edinichna-cena\". Променени price за Цена \"290.00\".'),(1432,'2011-11-30 15:34:58',1,49,'80','Partagas Salomones',2,'Променен description и taxable. Добавени Product Attribute \"edinichna-cena\". Променени price за Цена \"280.00\".'),(1433,'2011-11-30 15:36:10',1,49,'81','Estuche X Festival',2,'Променен taxable. Добавени Product Attribute \"edinichna-cena\". Променени price за Цена \"680.00\".'),(1434,'2011-11-30 15:44:50',1,49,'83','Montecristo Grand Edmundo - 2010',2,'Променен taxable. Добавени Product Attribute \"edinichna-cena\". Променени price за Цена \"340.00\".'),(1435,'2011-11-30 15:46:28',1,49,'84','Partagas Serie D Especial - 2010',2,'Променен description и taxable. Добавени Product Attribute \"edinichna-cena\". Променени price за Цена \"280.00\".'),(1436,'2011-11-30 15:48:10',1,49,'82','Romeo y Julieta Duke 2009',2,'Променен description и taxable. Добавени Product Attribute \"edinichna-cena\". Променени price за Цена \"280.00\".'),(1437,'2011-11-30 15:49:46',1,49,'85','H.Upmann Robustos 2007',2,'Променен description и taxable. Добавени Product Attribute \"edinichna-cena\". Променени price за Цена \"380.00\".'),(1438,'2011-11-30 15:51:08',1,49,'87','Partagas Serie P N1 2009',2,'Променен description и taxable. Добавени Product Attribute \"edinichna-cena\". Променени price за Цена \"800.00\".'),(1439,'2011-11-30 15:52:46',1,49,'86','Travel Retail Selection Pack 2008',2,'Променен description и taxable. Добавени Product Attribute \"edinichna-cena\". Променени price за Цена \"168.00\".'),(1440,'2011-11-30 15:58:08',1,49,'88','San Cristobal',2,'Променен description и taxable. Добавени Product Attribute \"edinichna-cena\". Променени price за Цена \"2000.00\".'),(1441,'2011-11-30 16:00:00',1,49,'89','Montecristo Humidor Replica 2009',2,'Променен description и taxable. Добавени Product Attribute \"edinichna-cena\". Променени price за Цена \"6200.00\".'),(1442,'2011-11-30 16:01:24',1,49,'90','Seleccion Piramides',2,'Променен description и taxable. Добавени Product Attribute \"edinichna-cena\". Променени price за Цена \"188.00\".'),(1443,'2011-11-30 16:02:36',1,49,'91','Seleccion Robustos',2,'Променен taxable. Добавени Product Attribute \"edinichna-cena\". Променени price за Цена \"178.00\".'),(1444,'2011-12-01 14:22:52',1,49,'29','Montecristo Open Eagle',2,'Променен category и taxable. Променени price за Цена \"560.00\".'),(1445,'2011-12-02 12:15:52',1,49,'29','Montecristo Open Eagle',2,'Променен category и taxable. Променени price за Цена \"560.00\".'),(1446,'2011-12-02 12:16:08',1,49,'29','Montecristo Open Eagle',2,'Променен category и taxable. Променени price за Цена \"560.00\".'),(1447,'2011-12-02 12:16:48',1,40,'2','Habanos Пури :: Habanos Premium :: Cohiba',2,'Променен description.'),(1448,'2011-12-02 12:17:26',1,40,'2','Habanos Пури :: Habanos Premium :: Cohiba',2,'Променен description.'),(1449,'2011-12-02 14:36:12',1,45,'5','Опаковка',3,''),(1450,'2011-12-02 14:36:22',1,45,'1','Опаковка',2,'Променен name. Променени price_change за Option Item \"Опаковка: 5\". Променени price_change за Option Item \"Опаковка: 25\".'),(1451,'2011-12-02 14:37:03',1,45,'1','Брой',2,'Променен name. Променени price_change за Option Item \"Брой: 5\". Променени price_change за Option Item \"Брой: 25\".'),(1452,'2011-12-02 15:39:45',1,49,'1','Cohiba Behike BHK 52',2,'Променен taxable и related_items. Променени price за Цена \"520.00\".'),(1453,'2011-12-02 16:56:13',1,49,'101','Montecristo Club',2,'Променен items_in_stock и taxable. Променени price за Цена \"19.00\".'),(1454,'2011-12-05 10:26:06',1,47,'17','Брой: 20',1,''),(1455,'2011-12-05 10:26:09',1,47,'17','Брой: 20',2,'Няма променени полета.'),(1456,'2011-12-05 10:26:27',1,47,'18','Брой: 10',1,''),(1457,'2011-12-05 10:27:34',1,59,'29','montecristo-open-eagle',1,''),(1458,'2011-12-05 10:28:22',1,49,'239','Montecristo Open Eagle (20)',2,'Променен taxable. Добавени Цена \"560\".'),(1459,'2011-12-05 10:28:42',1,49,'240','Montecristo Open Eagle (3 tubos)',2,'Променен taxable. Добавени Цена \"96\".'),(1460,'2011-12-05 10:31:31',1,59,'28','montecristo-open-master',1,''),(1461,'2011-12-05 10:32:07',1,49,'241','Montecristo Open Master (20)',2,'Променен taxable. Добавени Цена \"440\".'),(1462,'2011-12-05 10:32:25',1,49,'242','Montecristo Open Master (3 tubos)',2,'Променен taxable. Добавени Цена \"78\".'),(1463,'2011-12-05 10:33:11',1,59,'26','montecristo-open-junior',1,''),(1464,'2011-12-05 10:33:50',1,49,'243','Montecristo Open Junior (20)',2,'Променен taxable. Добавени Цена \"250\".'),(1465,'2011-12-05 10:34:16',1,49,'244','Montecristo Open Junior (3 tubos)',2,'Променен taxable. Добавени Цена \"49.50\".'),(1466,'2011-12-05 10:34:49',1,59,'27','montecristo-open-regata',1,''),(1467,'2011-12-05 10:35:24',1,49,'245','Montecristo Open Regata (20)',2,'Променен taxable. Добавени Цена \"360\".'),(1468,'2011-12-05 10:35:41',1,49,'246','Montecristo Open Regata (3 tubos)',2,'Променен taxable. Добавени Цена \"66\".'),(1469,'2011-12-05 10:36:21',1,59,'24','montecristo-edmundo',1,''),(1470,'2011-12-05 10:36:30',1,59,'24','montecristo-edmundo',2,'Няма променени полета.'),(1471,'2011-12-05 10:37:26',1,49,'250','Montecristo Edmundo (3)',2,'Променен taxable. Добавени Цена \"66\".'),(1472,'2011-12-05 10:37:46',1,49,'252','Montecristo Edmundo (3 tubos)',2,'Променен taxable. Добавени Цена \"75\".'),(1473,'2011-12-05 10:38:08',1,49,'253','Montecristo Edmundo (25)',2,'Променен taxable. Добавени Цена \"550\".'),(1474,'2011-12-05 10:38:44',1,59,'25','montecristo-petit-edmundo',1,''),(1475,'2011-12-05 10:39:23',1,49,'254','Montecristo Petit Edmundo (10)',2,'Променен taxable. Добавени Цена \"185\".'),(1476,'2011-12-05 10:39:41',1,49,'255','Montecristo Petit Edmundo (3 tubos)',2,'Променен taxable. Добавени Цена \"66\".'),(1477,'2011-12-05 10:40:17',1,59,'20','montecristo-n2',1,''),(1478,'2011-12-05 10:40:56',1,49,'256','Montecristo N2 (10)',2,'Променен taxable. Добавени Цена \"240\".'),(1479,'2011-12-05 10:41:25',1,49,'257','Montecristo N2 (3)',2,'Променен taxable. Добавени Цена \"72\".'),(1480,'2011-12-05 10:41:58',1,59,'21','montecristo-n3',1,''),(1481,'2011-12-05 10:42:40',1,49,'258','Montecristo N3 (10)',2,'Променен taxable. Добавени Цена \"180\".'),(1482,'2011-12-05 10:42:58',1,49,'259','Montecristo N3 (3)',2,'Променен taxable. Добавени Цена \"54\".'),(1483,'2011-12-05 10:43:19',1,49,'260','Montecristo N3 (5)',2,'Променен taxable. Добавени Цена \"90\".'),(1484,'2011-12-05 10:43:57',1,59,'22','montecristo-n4',1,''),(1485,'2011-12-05 10:44:44',1,49,'261','Montecristo N4 (10)',2,'Променен taxable. Добавени Цена \"140\".'),(1486,'2011-12-05 10:45:09',1,49,'262','Montecristo N4 (3)',2,'Променен taxable. Добавени Цена \"42\".'),(1487,'2011-12-05 10:45:27',1,49,'263','Montecristo N4 (5)',2,'Променен taxable. Добавени Цена \"70\".'),(1488,'2011-12-05 10:45:59',1,59,'23','montecristo-n5',1,''),(1489,'2011-12-05 10:47:13',1,49,'265','Montecristo N5 (25)',2,'Променен taxable. Добавени Цена \"287.50\".'),(1490,'2011-12-05 10:47:42',1,49,'264','Montecristo N5 (5)',2,'Променен taxable. Добавени Цена \"57.50\".'),(1491,'2011-12-05 10:48:36',1,59,'30','romeo-y-julieta-churchills',1,''),(1492,'2011-12-05 10:49:12',1,49,'266','Romeo y Julieta Churchills (10)',2,'Променен taxable. Добавени Цена \"320\".'),(1493,'2011-12-05 10:49:56',1,49,'268','Romeo y Julieta Churchills (25)',2,'Променен taxable. Добавени Цена \"800\".'),(1494,'2011-12-05 10:50:14',1,49,'267','Romeo y Julieta Churchills (3)',2,'Променен taxable. Добавени Цена \"96\".'),(1495,'2011-12-05 10:50:43',1,59,'38','romeo-y-julieta-wide-churchills',1,''),(1496,'2011-12-05 10:51:26',1,49,'269','Romeo y Julieta Wide Churchills (10)',2,'Променен taxable. Добавени Цена \"220\".'),(1497,'2011-12-05 10:51:45',1,49,'270','Romeo y Julieta Wide Churchills (25)',2,'Променен taxable. Добавени Цена \"550\".'),(1498,'2011-12-05 10:52:22',1,59,'39','romeo-y-julieta-short-churchills',1,''),(1499,'2011-12-05 10:53:12',1,49,'271','Romeo y Julieta Short Churchills (10)',2,'Променен taxable. Добавени Цена \"180\".'),(1500,'2011-12-05 10:53:33',1,49,'273','Romeo y Julieta Short Churchills (25)',2,'Променен taxable. Добавени Цена \"450\".'),(1501,'2011-12-05 10:53:55',1,49,'272','Romeo y Julieta Short Churchills (3)',2,'Променен taxable. Добавени Цена \"66\".'),(1502,'2011-12-05 10:54:31',1,59,'32','romeo-y-julieta-romeo-n1',1,''),(1503,'2011-12-05 10:55:04',1,49,'274','Romeo y Julieta Romeo N1 (10)',2,'Променен taxable. Добавени Цена \"125\".'),(1504,'2011-12-05 10:55:40',1,49,'275','Romeo y Julieta Romeo N1 (3)',2,'Променен taxable. Добавени Цена \"37.50\".'),(1505,'2011-12-05 10:56:31',1,59,'34','romeo-y-julieta-romeo-n3',1,''),(1506,'2011-12-05 10:57:12',1,49,'276','Romeo y Julieta Romeo N3 (10)',2,'Променен taxable. Добавени Цена \"105\".'),(1507,'2011-12-05 10:57:34',1,49,'278','Romeo y Julieta Romeo N3 (25)',2,'Променен taxable. Добавени Цена \"262.50\".'),(1508,'2011-12-05 10:57:58',1,49,'277','Romeo y Julieta Romeo N3 (3)',2,'Променен taxable. Добавени Цена \"31.50\".'),(1509,'2011-12-05 10:58:32',1,59,'33','romeo-y-julieta-romeo-n2',1,''),(1510,'2011-12-05 10:59:15',1,49,'281','Romeo y Julieta Romeo N2 (25)',2,'Променен taxable. Добавени Цена \"275\".'),(1511,'2011-12-05 10:59:43',1,49,'279','Romeo y Julieta Romeo N2 (3)',2,'Променен taxable. Добавени Цена \"33\".'),(1512,'2011-12-05 11:00:13',1,49,'280','Romeo y Julieta Romeo N2 (5)',2,'Променен taxable. Добавени Цена \"55\".'),(1513,'2011-12-05 11:01:43',1,59,'44','partagas-serie-p-n2',1,''),(1514,'2011-12-05 11:02:21',1,49,'282','Partagas Serie P N2 (10)',2,'Променен taxable. Добавени Цена \"215\".'),(1515,'2011-12-05 11:02:41',1,49,'283','Partagas Serie P N2 (3 tubos)',2,'Променен taxable. Добавени Цена \"76.50\".'),(1516,'2011-12-05 11:03:12',1,59,'43','partagas-serie-d-n4',1,''),(1517,'2011-12-05 11:03:43',1,49,'284','Partagas Serie D N4 (10)',2,'Променен taxable. Добавени Цена \"180\".'),(1518,'2011-12-05 11:04:04',1,49,'285','Partagas Serie D N4 (3)',2,'Променен taxable. Добавени Цена \"54\".'),(1519,'2011-12-05 11:04:22',1,49,'286','Partagas Serie D N4 (3 tubos)',2,'Променен taxable. Добавени Цена \"66\".'),(1520,'2011-12-05 11:05:11',1,47,'19','Брой: 10 tubos',1,''),(1521,'2011-12-05 11:05:50',1,59,'40','partagas-de-luxe',1,''),(1522,'2011-12-05 11:06:30',1,49,'287','Partagas de Luxe (10 tubos)',2,'Променен taxable. Добавени Цена \"125\".'),(1523,'2011-12-05 11:06:53',1,49,'288','Partagas de Luxe (3 tubos)',2,'Променен taxable. Добавени Цена \"37.50\".'),(1524,'2011-12-05 11:07:15',1,59,'42','partagas-mille-fleur',1,''),(1525,'2011-12-05 11:07:48',1,49,'289','Partagas Mille Fleur (10)',2,'Променен taxable. Добавени Цена \"88\".'),(1526,'2011-12-05 11:08:08',1,49,'290','Partagas Mille Fleur (25)',2,'Променен taxable. Добавени Цена \"220\".'),(1527,'2011-12-05 11:09:26',1,59,'47','hoyo-de-monterrey-epicure-especial',1,''),(1528,'2011-12-05 11:14:26',1,49,'291','Hoyo de Monterrey Epicure Especial (10)',2,'Променен taxable. Добавени Цена \"200\".'),(1529,'2011-12-05 11:14:53',1,49,'292','Hoyo de Monterrey Epicure Especial (3 tubos)',2,'Променен taxable. Добавени Цена \"72\".'),(1530,'2011-12-05 11:15:30',1,59,'48','hoyo-de-monterrey-epicure-n1',1,''),(1531,'2011-12-05 11:16:08',1,49,'293','Hoyo de Monterrey Epicure N1 (3)',2,'Променен taxable. Добавени Цена \"55.50\".'),(1532,'2011-12-05 11:16:30',1,49,'294','Hoyo de Monterrey Epicure N1 (25)',2,'Променен taxable. Добавени Цена \"462.50\".'),(1533,'2011-12-05 11:16:59',1,59,'49','hoyo-de-monterrey-epicure-n2',1,''),(1534,'2011-12-05 11:17:33',1,49,'295','Hoyo de Monterrey Epicure N2 (3)',2,'Променен taxable. Добавени Цена \"52.50\".'),(1535,'2011-12-05 11:17:56',1,49,'296','Hoyo de Monterrey Epicure N2 (25)',2,'Променен taxable. Добавени Цена \"437.50\".'),(1536,'2011-12-05 11:22:59',1,59,'54','h-upmann-magnum-50',1,''),(1537,'2011-12-05 11:23:40',1,49,'297','H.Upmann Magnum 50 (10)',2,'Променен taxable. Добавени Цена \"215\".'),(1538,'2011-12-05 11:24:04',1,49,'298','H.Upmann Magnum 50 (3 tubos)',2,'Променен taxable. Добавени Цена \"76.50\".'),(1539,'2011-12-05 11:24:54',1,47,'20','Брой: 12',1,''),(1540,'2011-12-05 11:25:02',1,47,'21','Брой: 24',1,''),(1541,'2011-12-05 11:25:34',1,59,'58','trinidad-fundadores',1,''),(1542,'2011-12-05 11:26:12',1,49,'299','Trinidad Fundadores (12)',2,'Променен taxable. Добавени Цена \"456\".'),(1543,'2011-12-05 11:26:32',1,49,'300','Trinidad Fundadores (24)',2,'Променен taxable. Добавени Цена \"912\".'),(1544,'2011-12-05 11:27:04',1,59,'60','trinidad-robusto-extra',1,''),(1545,'2011-12-05 11:27:40',1,49,'301','Trinidad Robusto Extra (12)',2,'Променен taxable. Добавени Цена \"456\".'),(1546,'2011-12-05 11:27:58',1,49,'302','Trinidad Robusto Extra (3)',2,'Променен taxable. Добавени Цена \"114\".'),(1547,'2011-12-05 11:28:24',1,59,'61','trinidad-robusto-t',1,''),(1548,'2011-12-05 11:29:16',1,49,'303','Trinidad Robusto T (12)',2,'Променен taxable. Добавени Цена \"384\".'),(1549,'2011-12-05 11:29:34',1,49,'304','Trinidad Robusto T (24)',2,'Променен taxable. Добавени Цена \"768\".'),(1550,'2011-12-05 11:29:58',1,59,'59','trinidad-reyes',1,''),(1551,'2011-12-05 11:30:46',1,49,'305','Trinidad Reyes (12)',2,'Променен taxable. Добавени Цена \"174\".'),(1552,'2011-12-05 11:31:06',1,49,'306','Trinidad Reyes (5)',2,'Променен taxable. Добавени Цена \"72.50\".'),(1553,'2011-12-05 11:32:11',1,59,'67','vegas-robaina-famosos',1,''),(1554,'2011-12-05 11:32:50',1,49,'307','Vegas Robaina Famosos (5)',2,'Променен taxable. Добавени Цена \"83\".'),(1555,'2011-12-05 11:33:08',1,49,'308','Vegas Robaina Famosos (25)',2,'Променен taxable. Добавени Цена \"415\".'),(1556,'2011-12-05 11:37:53',1,49,'308','Vegas Robaina Famosos (25)',2,'Променен taxable. Променени price за Цена \"415.00\".'),(1557,'2011-12-05 11:38:57',1,59,'71','cuaba-exclusivos',1,''),(1558,'2011-12-05 11:39:36',1,49,'309','Cuaba Exclusivos (5)',2,'Променен taxable. Добавени Цена \"76\".'),(1559,'2011-12-05 11:39:54',1,49,'310','Cuaba Exclusivos (25)',2,'Променен taxable. Добавени Цена \"380\".'),(1560,'2011-12-05 11:51:22',1,47,'22','Брой: 1',1,''),(1561,'2011-12-05 11:51:36',1,47,'23','Брой: 1 tubos',1,''),(1562,'2011-12-05 11:52:19',1,59,'93','cristales',1,''),(1563,'2011-12-05 11:53:28',1,49,'311','Cristales (1)',2,'Променен taxable. Добавени Цена \"16.27\".'),(1564,'2011-12-05 11:53:56',1,49,'312','Cristales (5)',2,'Променен taxable. Добавени Цена \"22.50\".'),(1565,'2011-12-05 11:54:17',1,49,'311','Cristales (1)',2,'Променен taxable. Променени price за Цена \"4.50\".'),(1566,'2011-12-05 11:54:36',1,49,'313','Cristales (25)',2,'Променен taxable. Добавени Цена \"112.50\".'),(1567,'2011-12-05 11:55:51',1,59,'95','puritos',1,''),(1568,'2011-12-05 11:56:31',1,49,'314','Puritos (20)',2,'Променен taxable. Добавени Цена \"32\".'),(1569,'2011-12-05 11:56:47',1,49,'315','Puritos (5)',2,'Променен taxable. Добавени Цена \"8\".'),(1570,'2011-12-05 16:10:22',1,49,'1','Cohiba Behike BHK 52',2,'Променен taxable. Променени price за Цена \"520.00\". Добавени Product Image \"Image of Product cohiba-behike-bhk-52\".'),(1571,'2011-12-05 17:27:10',1,78,'1','Новини',1,''),(1572,'2011-12-05 18:05:24',1,76,'1','test',1,''),(1573,'2011-12-05 18:08:57',1,76,'1','test',2,'Променен author.'),(1574,'2011-12-05 18:10:17',1,76,'1','test',2,'Променен author.'),(1575,'2011-12-05 23:35:52',1,49,'151','Clan Aromatic',2,'Променен taxable и related_items. Променени price за Цена \"14.00\".'),(1576,'2011-12-05 23:38:06',1,49,'1','Cohiba Behike BHK 52',2,'Променен taxable. Променени price за Цена \"520.00\". Изтрити Product Image \"Image of Product cohiba-behike-bhk-52\".'),(1577,'2011-12-05 23:39:58',1,28,'34','Bulgaria',2,'Променени active за Administrative Area \"Bulgaria (general)\".'),(1578,'2011-12-06 10:02:53',1,76,'2','Bolivar 681 – Първото регионално издание на корпорация Habanos за България',1,''),(1579,'2011-12-06 10:10:51',1,76,'3','Най-значимото събитие в света на пурите ХIII Фестивал Habanos',1,''),(1580,'2011-12-06 10:11:29',1,76,'3','Най-значимото събитие в света на пурите ХIII Фестивал Habanos',2,'Променен summary и body.'),(1581,'2011-12-06 10:11:53',1,76,'3','Най-значимото събитие в света на пурите ХIII Фестивал Habanos',2,'Променен summary и body.'),(1582,'2011-12-06 10:14:10',1,76,'4','Habanos y HBO – Black label H.UPMANN NOELLAS /25/',1,''),(1583,'2011-12-06 10:16:11',1,76,'5','Habanos Grand Party IV - кубинска нощ в София от „Калиман Карибе“',1,''),(1584,'2011-12-06 10:17:42',1,76,'6','Ултралимитираната пура Cohiba Behike за първи път в България',1,''),(1585,'2011-12-06 10:31:48',1,76,'7','Отиде си легендата',1,''),(1586,'2011-12-06 10:34:27',1,76,'8','Аромат на пури Habanos в Пловдив',1,''),(1587,'2011-12-06 10:39:17',1,76,'9','Експерт от AGIO проведе обучение на служители на „Калиман Карибе”',1,''),(1588,'2011-12-06 10:40:52',1,76,'10','За първи път Gran Reserva',1,''),(1589,'2011-12-06 10:42:53',1,76,'11','Новите лимитирани серии кубински пури на Habanos s.a. за 2009 г. вече са в България',1,''),(1590,'2011-12-06 10:46:56',1,76,'12','EDICIONES LIMITADAS HABANOS 2009',1,''),(1591,'2011-12-06 10:48:22',1,76,'13','Upmann Magnum 48 (110 мм; 48 ринг)',1,''),(1592,'2011-12-06 10:50:03',1,76,'14','Bolivar Petit Belicosos (125 мм; 52 ринг)',1,''),(1593,'2011-12-06 11:01:25',1,76,'15','НОВАТА ЛИНИЯ MONTECRISTO OPEN ВЕЧЕ И В БЪГАРИЯ',1,''),(1594,'2011-12-06 11:03:22',1,76,'16','The First Montecristo Cup May 2-3, 2009',1,''),(1595,'2011-12-06 11:04:38',1,76,'17','НОМИНАЦИЯ',1,''),(1596,'2011-12-06 11:05:57',1,76,'18','Лимитирана серия на уникални пури Habanos ще зарадва истинските ценители и колекционери в България',1,''),(1597,'2011-12-06 11:33:01',1,76,'1','test',3,''),(1598,'2011-12-06 11:34:40',1,78,'2','Нови продукти',1,''),(1599,'2011-12-06 11:34:52',1,78,'3','Събития',1,''),(1600,'2011-12-06 11:34:59',1,78,'4','Любопитно',1,''),(1601,'2011-12-06 11:35:19',1,76,'2','Bolivar 681 – Първото регионално издание на корпорация Habanos за България',2,'Променен body и sections.'),(1602,'2011-12-06 15:06:29',1,76,'3','Най-значимото събитие в света на пурите ХIII Фестивал Habanos',2,'Променен featured.'),(1603,'2011-12-06 15:10:55',1,76,'4','Habanos y HBO – Black label H.UPMANN NOELLAS /25/',2,'Променен body и photos.'),(1604,'2011-12-06 15:11:27',1,76,'3','Най-значимото събитие в света на пурите ХIII Фестивал Habanos',2,'Променен body и sections.'),(1605,'2011-12-06 15:13:45',1,76,'4','Habanos y HBO – Black label H.UPMANN NOELLAS /25/',2,'Променен body и sections.'),(1606,'2011-12-06 15:14:56',1,76,'4','Habanos y HBO – Black label H.UPMANN NOELLAS /25/',2,'Променен body.'),(1607,'2011-12-06 15:16:35',1,76,'4','Habanos y HBO – Black label H.UPMANN NOELLAS /25/',2,'Променен body и sections.'),(1608,'2011-12-06 15:17:10',1,76,'9','Експерт от AGIO проведе обучение на служители на „Калиман Карибе”',2,'Променен body.'),(1609,'2011-12-06 15:19:09',1,76,'5','Habanos Grand Party IV - кубинска нощ в София от „Калиман Карибе“',2,'Променен body и sections.'),(1610,'2011-12-06 15:22:24',1,76,'6','Ултралимитираната пура Cohiba Behike за първи път в България',2,'Променен body и sections.'),(1611,'2011-12-06 15:24:10',1,76,'8','Аромат на пури Habanos в Пловдив',2,'Променен body и sections.'),(1612,'2011-12-06 15:25:58',1,76,'4','Habanos y HBO – Black label H.UPMANN NOELLAS /25/',2,'Променен photos.'),(1613,'2011-12-06 15:27:20',1,76,'10','За първи път Gran Reserva',2,'Променен body и sections.'),(1614,'2011-12-06 15:31:16',1,84,'1','for_news',1,''),(1615,'2011-12-06 15:37:40',1,40,'38','Пури и пурети :: Пури :: Habanos пури',2,'Променен is_active.'),(1616,'2011-12-06 15:39:43',1,81,'3','Нови лимитирани серии',1,''),(1617,'2011-12-06 15:39:58',1,76,'11','Новите лимитирани серии кубински пури на Habanos s.a. за 2009 г. вече са в България',2,'Променен body и photos.'),(1618,'2011-12-06 15:41:38',1,76,'11','Новите лимитирани серии кубински пури на Habanos s.a. за 2009 г. вече са в България',2,'Променен body.'),(1619,'2011-12-06 15:43:14',1,81,'4','Нови лимитирани серии 2',1,''),(1620,'2011-12-06 15:43:16',1,76,'11','Новите лимитирани серии кубински пури на Habanos s.a. за 2009 г. вече са в България',2,'Променен body и photos.'),(1621,'2011-12-06 15:43:31',1,76,'11','Новите лимитирани серии кубински пури на Habanos s.a. за 2009 г. вече са в България',2,'Променен body.'),(1622,'2011-12-06 15:45:04',1,81,'5','Нови лимитирани серии 3',1,''),(1623,'2011-12-06 15:45:06',1,76,'11','Новите лимитирани серии кубински пури на Habanos s.a. за 2009 г. вече са в България',2,'Променен photos.'),(1624,'2011-12-06 15:46:24',1,81,'6','Нови лимитирани серии 4',1,''),(1625,'2011-12-06 15:46:30',1,76,'11','Новите лимитирани серии кубински пури на Habanos s.a. за 2009 г. вече са в България',2,'Променен photos.'),(1626,'2011-12-06 15:47:24',1,76,'11','Новите лимитирани серии кубински пури на Habanos s.a. за 2009 г. вече са в България',2,'Променен sections.'),(1627,'2011-12-06 15:49:50',1,81,'7','Ediciones Limitadas Habanos 2009',1,''),(1628,'2011-12-06 15:49:59',1,76,'12','EDICIONES LIMITADAS HABANOS 2009',2,'Променен summary, body, sections и photos.'),(1629,'2011-12-06 15:50:24',1,76,'12','EDICIONES LIMITADAS HABANOS 2009',2,'Променен summary и body.'),(1630,'2011-12-06 15:52:51',1,81,'8','Upmann Magnum 48',1,''),(1631,'2011-12-06 15:52:53',1,76,'13','Upmann Magnum 48 (110 мм; 48 ринг)',2,'Променен body, sections и photos.'),(1632,'2011-12-06 15:54:24',1,81,'9','Upmann Magnum 48 2',1,''),(1633,'2011-12-06 15:54:30',1,76,'13','Upmann Magnum 48 (110 мм; 48 ринг)',2,'Променен photos.'),(1634,'2011-12-06 15:54:53',1,49,'236','Cohiba Siglo IV (5)',2,'Променен taxable. Променени price за Цена \"150.00\". Добавени Product Image \"Image of Product cohiba-siglo-iv_5\".'),(1635,'2011-12-06 15:55:15',1,76,'13','Upmann Magnum 48 (110 мм; 48 ринг)',2,'Променен body.'),(1636,'2011-12-06 15:57:49',1,81,'10','Bolivar Petit Belicosos',1,''),(1637,'2011-12-06 15:57:58',1,76,'14','Bolivar Petit Belicosos (125 мм; 52 ринг)',2,'Променен body и photos.'),(1638,'2011-12-06 15:58:15',1,76,'14','Bolivar Petit Belicosos (125 мм; 52 ринг)',2,'Променен body.'),(1639,'2011-12-06 16:11:54',1,81,'11','НОВАТА ЛИНИЯ MONTECRISTO OPEN',1,''),(1640,'2011-12-06 16:12:06',1,81,'12','НОВАТА ЛИНИЯ MONTECRISTO OPEN 2',1,''),(1641,'2011-12-06 16:12:24',1,81,'13','НОВАТА ЛИНИЯ MONTECRISTO OPEN 3',1,''),(1642,'2011-12-06 16:12:25',1,76,'15','НОВАТА ЛИНИЯ MONTECRISTO OPEN ВЕЧЕ И В БЪГАРИЯ',2,'Променен body, sections и photos.'),(1643,'2011-12-06 16:14:59',1,81,'14','The First Montecristo Cup',1,''),(1644,'2011-12-06 16:15:05',1,76,'16','The First Montecristo Cup May 2-3, 2009',2,'Променен body, sections и photos.'),(1645,'2011-12-06 16:15:18',1,76,'16','The First Montecristo Cup May 2-3, 2009',2,'Променен body.'),(1646,'2011-12-06 16:19:40',1,81,'15','НОМИНАЦИЯ 2',1,''),(1647,'2011-12-06 16:19:50',1,81,'16','НОМИНАЦИЯ',1,''),(1648,'2011-12-06 16:19:51',1,76,'17','НОМИНАЦИЯ',2,'Променен sections и photos.'),(1649,'2011-12-06 16:21:24',1,81,'17','Лимитирана серия на уникални пури',1,''),(1650,'2011-12-06 16:21:28',1,76,'18','Лимитирана серия на уникални пури Habanos ще зарадва истинските ценители и колекционери в България',2,'Променен body, sections и photos.'),(1651,'2011-12-06 16:22:58',1,76,'4','Habanos y HBO – Black label H.UPMANN NOELLAS /25/',2,'Променен body.'),(1652,'2011-12-06 16:28:28',1,81,'18','Обучение',1,''),(1653,'2011-12-06 16:28:46',1,81,'19','Обучение 2',1,''),(1654,'2011-12-06 16:28:58',1,81,'20','Обучение 3',1,''),(1655,'2011-12-06 16:29:00',1,76,'9','Експерт от AGIO проведе обучение на служители на „Калиман Карибе”',2,'Променен body, sections и photos.'),(1656,'2011-12-06 16:29:50',1,76,'6','Ултралимитираната пура Cohiba Behike за първи път в България',2,'Променен body и sections.'),(1657,'2011-12-06 16:33:44',1,81,'21','Ултралимитирана 3',1,''),(1658,'2011-12-06 16:33:56',1,81,'22','Ултралимитирана 2',1,''),(1659,'2011-12-06 16:34:10',1,81,'23','Ултралимитирана',1,''),(1660,'2011-12-06 16:34:11',1,76,'6','Ултралимитираната пура Cohiba Behike за първи път в България',2,'Променен photos.'),(1661,'2011-12-06 16:36:21',1,81,'24','Легенда',1,''),(1662,'2011-12-06 16:36:24',1,76,'7','Отиде си легендата',2,'Променен body и photos.'),(1663,'2011-12-06 16:36:35',1,76,'7','Отиде си легендата',2,'Променен body.'),(1664,'2011-12-06 16:39:20',1,76,'11','Новите лимитирани серии кубински пури на Habanos s.a. за 2009 г. вече са в България',2,'Променен sections.'),(1665,'2011-12-06 16:39:40',1,76,'11','Новите лимитирани серии кубински пури на Habanos s.a. за 2009 г. вече са в България',2,'Променен sections.'),(1666,'2011-12-06 16:40:08',1,76,'14','Bolivar Petit Belicosos (125 мм; 52 ринг)',2,'Променен sections.'),(1667,'2011-12-06 16:43:12',1,81,'25','Bolivar',1,''),(1668,'2011-12-06 16:43:14',1,76,'2','Bolivar 681 – Първото регионално издание на корпорация Habanos за България',2,'Променен body и photos.'),(1669,'2011-12-06 16:46:39',1,81,'26','Фестивал 4',1,''),(1670,'2011-12-06 16:46:59',1,81,'27','Фестивал 3',1,''),(1671,'2011-12-06 16:47:13',1,81,'28','Фестивал 2',1,''),(1672,'2011-12-06 16:47:26',1,81,'29','Фестивал',1,''),(1673,'2011-12-06 16:47:27',1,76,'3','Най-значимото събитие в света на пурите ХIII Фестивал Habanos',2,'Променен photos.'),(1674,'2011-12-06 16:50:49',1,81,'30','Парти 4',1,''),(1675,'2011-12-06 16:51:02',1,81,'31','Парти 3',1,''),(1676,'2011-12-06 16:51:17',1,81,'32','Парти 2',1,''),(1677,'2011-12-06 16:51:31',1,81,'33','Парти',1,''),(1678,'2011-12-06 16:51:32',1,76,'5','Habanos Grand Party IV - кубинска нощ в София от „Калиман Карибе“',2,'Променен body и photos.'),(1679,'2011-12-06 16:52:10',1,76,'8','Аромат на пури Habanos в Пловдив',2,'Променен body.'),(1680,'2011-12-06 16:56:08',1,81,'34','Grand 3',1,''),(1681,'2011-12-06 16:56:18',1,81,'35','Grand 2',1,''),(1682,'2011-12-06 16:56:30',1,81,'36','Grand',1,''),(1683,'2011-12-06 16:56:31',1,76,'10','За първи път Gran Reserva',2,'Променен body и photos.'),(1684,'2011-12-06 16:56:54',1,76,'11','Новите лимитирани серии кубински пури на Habanos s.a. за 2009 г. вече са в България',2,'Променен body.'),(1685,'2011-12-06 16:57:14',1,76,'16','The First Montecristo Cup May 2-3, 2009',2,'Променен body.'),(1686,'2011-12-06 16:57:38',1,76,'9','Експерт от AGIO проведе обучение на служители на „Калиман Карибе”',2,'Променен body.'),(1687,'2011-12-06 16:58:20',1,76,'4','Habanos y HBO – Black label H.UPMANN NOELLAS /25/',2,'Променен body.'),(1688,'2011-12-06 16:59:18',1,76,'12','EDICIONES LIMITADAS HABANOS 2009',2,'Променен body.'),(1689,'2011-12-06 16:59:36',1,76,'13','Upmann Magnum 48 (110 мм; 48 ринг)',2,'Променен body.'),(1690,'2011-12-06 16:59:56',1,76,'14','Bolivar Petit Belicosos (125 мм; 52 ринг)',2,'Променен body.'),(1691,'2011-12-06 17:00:12',1,76,'15','НОВАТА ЛИНИЯ MONTECRISTO OPEN ВЕЧЕ И В БЪГАРИЯ',2,'Променен body.'),(1692,'2011-12-06 17:05:32',1,81,'37','COHIBA BEHIKE ЗА ПЪРВИ ПЪТ В БЪЛГАРИЯ',1,''),(1693,'2011-12-06 17:05:42',1,81,'38','COHIBA BEHIKE ЗА ПЪРВИ ПЪТ В БЪЛГАРИЯ 2',1,''),(1694,'2011-12-06 17:05:43',1,76,'6','Ултралимитираната пура Cohiba Behike за първи път в България',2,'Променен photos.'),(1695,'2011-12-06 17:07:37',1,81,'23','Ултралимитирана',3,''),(1696,'2011-12-06 17:07:37',1,81,'22','Ултралимитирана 2',3,''),(1697,'2011-12-06 17:07:37',1,81,'21','Ултралимитирана 3',3,''),(1698,'2011-12-06 17:08:19',1,81,'37','COHIBA BEHIKE ЗА ПЪРВИ ПЪТ В БЪЛГАРИЯ',3,''),(1699,'2011-12-06 17:09:38',1,81,'15','НОМИНАЦИЯ 2',3,''),(1700,'2011-12-06 17:11:12',1,81,'13','НОВАТА ЛИНИЯ MONTECRISTO OPEN 3',3,''),(1701,'2011-12-06 17:11:12',1,81,'12','НОВАТА ЛИНИЯ MONTECRISTO OPEN 2',3,''),(1702,'2011-12-06 17:25:12',1,1,'1','kalimancaribe.com',2,'Променен domain и name.'),(1703,'2011-12-06 17:28:13',1,2,'1','Калиман Карибе',2,'Променен store_name.'),(1704,'2011-12-07 00:31:55',1,49,'8','Cohiba Siglo IV',2,'Променен taxable. Променени price за Цена \"30.00\".'),(1705,'2011-12-07 00:33:15',1,45,'1','Опаковка',2,'Променен name. Променени price_change за Option Item \"Опаковка: 5\". Променени price_change за Option Item \"Опаковка: 25\".'),(1706,'2011-12-07 00:34:47',1,49,'236','Cohiba Siglo IV (5)',2,'Променен taxable. Променени price за Цена \"150.00\". Изтрити Product Image \"Image of Product cohiba-siglo-iv_5\".'),(1707,'2011-12-07 00:35:40',1,59,'236','cohiba-siglo-iv_5',1,''),(1708,'2011-12-07 00:36:35',1,59,'10','cohiba-siglo-vi',1,''),(1709,'2011-12-07 00:37:45',1,49,'316','Cohiba Siglo VI (3)',2,'Променен taxable. Добавени Цена \"150\".'),(1710,'2011-12-07 00:38:13',1,49,'10','Cohiba Siglo VI',2,'Променен taxable. Променени price за Цена \"50.00\".'),(1711,'2011-12-07 00:45:54',1,47,'22','Опаковка: 1 ',2,'Променен name и value.'),(1712,'2011-12-07 00:46:03',1,47,'15','Опаковка: 3 ',2,'Променен name и value.'),(1713,'2011-12-07 09:58:53',1,81,'39','Habanos y HBO – Black label H.UPMANN NOELLAS /25/ 9',1,''),(1714,'2011-12-07 09:59:26',1,81,'40','Habanos y HBO – Black label H.UPMANN NOELLAS /25/ 8',1,''),(1715,'2011-12-07 09:59:41',1,81,'41','Habanos y HBO – Black label H.UPMANN NOELLAS /25/ 7',1,''),(1716,'2011-12-07 09:59:54',1,81,'42','Habanos y HBO – Black label H.UPMANN NOELLAS /25/ 6',1,''),(1717,'2011-12-07 10:00:09',1,81,'43','Habanos y HBO – Black label H.UPMANN NOELLAS /25/ 5',1,''),(1718,'2011-12-07 10:00:24',1,81,'44','Habanos y HBO – Black label H.UPMANN NOELLAS /25/ 4',1,''),(1719,'2011-12-07 10:00:51',1,81,'45','Habanos y HBO – Black label H.UPMANN NOELLAS /25/ 1',1,''),(1720,'2011-12-07 10:02:24',1,76,'4','Habanos y HBO – Black label H.UPMANN NOELLAS /25/',2,'Променен photos.'),(1721,'2011-12-07 10:04:50',1,81,'42','Habanos y HBO – Black label H.UPMANN NOELLAS /25/ 6',3,''),(1722,'2011-12-07 10:04:50',1,81,'40','Habanos y HBO – Black label H.UPMANN NOELLAS /25/ 8',3,''),(1723,'2011-12-07 10:06:54',1,76,'4','Habanos y HBO – Black label H.UPMANN NOELLAS /25/',2,'Променен sections.'),(1724,'2011-12-07 10:22:03',1,78,'5','Newsletter',1,''),(1725,'2011-12-07 10:34:54',1,81,'46','Cohiba Behike за първи път в България new',1,''),(1726,'2011-12-07 10:34:58',1,76,'6','Ултралимитираната пура Cohiba Behike за първи път в България',2,'Променен photos.'),(1727,'2011-12-07 10:42:58',1,81,'5','Нови лимитирани серии 3',3,''),(1728,'2011-12-07 10:45:00',1,81,'47','Новите лимитирани серии кубински пури на Habanos s.a. за 2009 г. вече са в България',1,''),(1729,'2011-12-07 10:45:02',1,76,'11','Новите лимитирани серии кубински пури на Habanos s.a. за 2009 г. вече са в България',2,'Променен photos.'),(1730,'2011-12-07 10:49:02',1,81,'48','Magnum',1,''),(1731,'2011-12-07 10:49:08',1,76,'13','Upmann Magnum 48 (110 мм; 48 ринг)',2,'Променен photos.'),(1732,'2011-12-07 11:22:35',1,76,'13','Upmann Magnum 48 (110 мм; 48 ринг)',2,'Променен photos.'),(1733,'2011-12-07 11:29:30',1,81,'49','Open',1,''),(1734,'2011-12-07 11:29:37',1,76,'15','НОВАТА ЛИНИЯ MONTECRISTO OPEN ВЕЧЕ И В БЪГАРИЯ',2,'Променен photos.'),(1735,'2011-12-07 11:38:11',1,76,'18','Лимитирана серия на уникални пури Habanos ще зарадва истинските ценители и колекционери в България',2,'Променен body.'),(1736,'2011-12-07 11:51:36',1,81,'50','Unikalni pyri',1,''),(1737,'2011-12-07 11:51:43',1,76,'18','Лимитирана серия на уникални пури Habanos ще зарадва истинските ценители и колекционери в България',2,'Променен photos.'),(1738,'2011-12-07 11:56:26',1,76,'3','Най-значимото събитие в света на пурите ХIII Фестивал Habanos',2,'Променен body.'),(1739,'2011-12-07 13:17:37',1,40,'3','Habanos Пури',2,'Променен description.'),(1740,'2011-12-07 13:17:52',1,40,'2','Habanos Пури :: Habanos Premium :: Cohiba',2,'Променен description.'),(1741,'2011-12-07 13:34:05',1,40,'43','Пури и пурети :: Пурети :: Agio',2,'Променен name.'),(1742,'2011-12-07 13:34:23',1,40,'45','Пури и пурети :: Пурети :: Mehari`s',2,'Променен name.'),(1743,'2011-12-07 13:34:43',1,40,'46','Пури и пурети :: Пурети :: Panter',2,'Променен name.'),(1744,'2011-12-07 13:34:57',1,40,'47','Пури и пурети :: Пурети :: Villiger',2,'Променен name.'),(1745,'2011-12-07 13:35:17',1,40,'48','Пури и пурети :: Пурети :: Minis Cubanos',2,'Променен name.'),(1746,'2011-12-07 13:35:38',1,40,'72','Аксесоари :: Porsche Design',2,'Променен name.'),(1747,'2011-12-07 13:37:39',1,49,'10','Cohiba Siglo VI',2,'Променен category, description и taxable. Променени price за Цена \"50.00\".'),(1748,'2011-12-07 13:38:34',1,49,'12','Cohiba Maduro Magicos',2,'Променен description и taxable. Променени price за Цена \"365.00\".'),(1749,'2011-12-07 13:39:40',1,49,'13','Cohiba Maduro Genios',2,'Променен description и taxable. Променени price за Цена \"400.00\".'),(1750,'2011-12-07 13:40:24',1,49,'15','Cohiba Esplendidos',2,'Променен description и taxable. Променени price за Цена \"150.00\".'),(1751,'2011-12-07 13:46:17',1,49,'24','Montecristo Edmundo',2,'Променен description и taxable. Променени price за Цена \"550.00\".'),(1752,'2011-12-07 13:46:37',1,49,'25','Montecristo Petit Edmundo',2,'Променен description и taxable. Променени price за Цена \"185.00\".'),(1753,'2011-12-07 13:51:47',1,49,'40','Partagas de Luxe',2,'Променен description и taxable. Променени price за Цена \"125.00\".'),(1754,'2011-12-07 13:53:25',1,49,'45','Partagas 8.9.8',2,'Променен description и taxable. Променени price за Цена \"220.00\".'),(1755,'2011-12-07 13:55:01',1,49,'49','Hoyo de Monterrey Epicure N2',2,'Променен description и taxable. Променени price за Цена \"52.50\".'),(1756,'2011-12-07 13:55:51',1,49,'51','Hoyo de Monterrey Petit Robustos',2,'Променен description и taxable. Променени price за Цена \"45.00\".'),(1757,'2011-12-07 13:57:58',1,49,'53','H.Upmann Magnum 46',2,'Променен taxable. Променени price за Цена \"69.00\".'),(1758,'2011-12-07 14:00:01',1,49,'57','Trinidad Coloniales',2,'Променен description и taxable. Променени price за Цена \"90.00\".'),(1759,'2011-12-07 14:00:48',1,49,'58','Trinidad Fundadores',2,'Променен description и taxable. Променени price за Цена \"912.00\".'),(1760,'2011-12-07 14:05:12',1,49,'62','San Cristobal La Punta',2,'Променен description и taxable. Променени price за Цена \"480.00\".'),(1761,'2011-12-07 14:09:34',1,49,'63','San Cristobal El Principe',2,'Променен taxable. Променени price за Цена \"275.00\".'),(1762,'2011-12-07 14:10:47',1,49,'64','San Cristobal La Fuerza',2,'Променен description и taxable. Променени price за Цена \"525.00\".'),(1763,'2011-12-07 14:12:06',1,49,'65','Vegas Robaina Clasicos',2,'Променен taxable. Променени price за Цена \"90.00\".'),(1764,'2011-12-07 14:13:30',1,49,'66','Vegas Robaina Don Alejandro',2,'Променен description и taxable. Променени price за Цена \"725.00\".'),(1765,'2011-12-07 14:15:12',1,49,'67','Vegas Robaina Famosos',2,'Променен taxable. Променени price за Цена \"83.00\".'),(1766,'2011-12-07 14:18:25',1,49,'69','Punch Coronation',2,'Променен description и taxable. Променени price за Цена \"275.00\".'),(1767,'2011-12-07 14:32:13',1,49,'78','Bolivar Gold Medal',2,'Променен description и taxable. Променени price за Цена \"175.00\".'),(1768,'2011-12-07 14:34:39',1,49,'79','La Gloria Cubana Inmensos',2,'Променен taxable. Променени price за Цена \"290.00\".'),(1769,'2011-12-07 14:36:31',1,49,'80','Partagas Salomones',2,'Променен description и taxable. Променени price за Цена \"280.00\".'),(1770,'2011-12-07 14:38:13',1,49,'81','Estuche X Festival',2,'Променен description и taxable. Променени price за Цена \"680.00\".'),(1771,'2011-12-07 14:39:41',1,49,'82','Romeo y Julieta Duke 2009',2,'Променен taxable. Променени price за Цена \"280.00\".'),(1772,'2011-12-07 14:41:54',1,49,'83','Montecristo Grand Edmundo - 2010',2,'Променен description и taxable. Променени price за Цена \"340.00\".'),(1773,'2011-12-07 14:44:32',1,49,'84','Partagas Serie D Especial - 2010',2,'Променен taxable. Променени price за Цена \"280.00\".'),(1774,'2011-12-07 14:49:42',1,49,'84','Partagas Serie D Especial - 2010',2,'Променен taxable. Променени price за Цена \"280.00\".'),(1775,'2011-12-07 14:53:08',1,49,'86','Travel Retail Selection Pack 2008',2,'Променен taxable. Променени price за Цена \"168.00\".'),(1776,'2011-12-07 14:54:58',1,49,'87','Partagas Serie P N1 2009',2,'Променен taxable. Променени price за Цена \"800.00\".'),(1777,'2011-12-07 14:56:54',1,49,'88','San Cristobal',2,'Променен taxable. Променени price за Цена \"2000.00\".'),(1778,'2011-12-07 15:03:06',1,49,'96','Belinda',2,'Променен description и taxable. Променени price за Цена \"15.00\".'),(1779,'2011-12-07 15:04:20',1,49,'98','Montecristo Mini ',2,'Променен description и taxable. Променени price за Цена \"16.00\".'),(1780,'2011-12-07 15:04:44',1,49,'99','Partagas Mini ',2,'Променен description и taxable. Променени price за Цена \"12.50\".'),(1781,'2011-12-07 15:05:14',1,49,'100','Cohiba Club',2,'Променен description и taxable. Променени price за Цена \"25.00\".'),(1782,'2011-12-07 15:05:41',1,49,'101','Montecristo Club',2,'Променен description и taxable. Променени price за Цена \"19.00\".'),(1783,'2011-12-07 15:06:21',1,49,'102','Partagas Club',2,'Променен description и taxable. Променени price за Цена \"15.00\".'),(1784,'2011-12-07 15:06:44',1,49,'103','Romeo y Julieta Club',2,'Променен description и taxable. Променени price за Цена \"30.00\".'),(1785,'2011-12-07 15:07:11',1,49,'104','Partagas Chicos',2,'Променен description и taxable. Променени price за Цена \"10.50\".'),(1786,'2011-12-07 15:07:32',1,49,'105','Romeo i Julieta Puritos',2,'Променен description и taxable.'),(1787,'2011-12-07 15:08:00',1,49,'209','Classic Blue',2,'Променен description и taxable. Променени price за Цена \"6.00\".'),(1788,'2011-12-07 15:08:27',1,49,'210','Classic Bright Red Tin',2,'Променен name, description и taxable. Променени price за Цена \"27.50\".'),(1789,'2011-12-07 15:08:47',1,49,'211','Classic Red',2,'Променен description и taxable. Променени price за Цена \"6.00\".'),(1790,'2011-12-07 15:10:38',1,49,'119','Mahari’s Sweet Orient Filter Tin',2,'Променен name и taxable.'),(1791,'2011-12-07 15:16:54',1,49,'150','Romeo y Julieta Puritos',2,'Променен description и taxable. Променени price за Цена \"12.50\".'),(1792,'2011-12-07 15:17:34',1,49,'153','Clan Highland Gold',2,'Променен description и taxable. Променени price за Цена \"11.50\".'),(1793,'2011-12-07 15:17:55',1,49,'154','W. O. Larsen 1864',2,'Променен description и taxable. Променени price за Цена \"49.50\".'),(1794,'2011-12-07 15:18:10',1,49,'155','W. O. Larsen Classic',2,'Променен description и taxable. Променени price за Цена \"49.50\".'),(1795,'2011-12-07 15:18:32',1,49,'156','W. O. Larsen Signature',2,'Променен description и taxable. Променени price за Цена \"49.50\".'),(1796,'2011-12-07 15:18:49',1,49,'157','W. O. Larsen Old Fashioned',2,'Променен description и taxable. Променени price за Цена \"49.50\".'),(1797,'2011-12-07 15:23:28',1,49,'158','Stanwell Classic',2,'Променен description и taxable. Променени price за Цена \"18.50\".'),(1798,'2011-12-07 15:23:48',1,49,'159','Stanwell Full Aroma',2,'Променен description и taxable. Променени price за Цена \"18.50\".'),(1799,'2011-12-07 15:24:31',1,49,'160','Stanwell Melange',2,'Променен description и taxable. Променени price за Цена \"18.50\".'),(1800,'2011-12-07 15:24:51',1,49,'161','Stanwell Vanilla',2,'Променен description и taxable. Променени price за Цена \"18.50\".'),(1801,'2011-12-07 15:25:09',1,49,'162','Alsbo Black',2,'Променен description и taxable. Променени price за Цена \"17.50\".'),(1802,'2011-12-07 15:25:24',1,49,'163','Erinmore Mixture',2,'Променен description и taxable. Променени price за Цена \"18.50\".'),(1803,'2011-12-07 15:25:41',1,49,'164','Colts American Mixture',2,'Променен description и taxable. Променени price за Цена \"14.00\".'),(1804,'2011-12-07 15:25:58',1,49,'165','Colts Gold Deluxe',2,'Променен description и taxable. Променени price за Цена \"14.00\".'),(1805,'2011-12-07 15:26:13',1,49,'166','Original Choice',2,'Променен description и taxable. Променени price за Цена \"18.50\".'),(1806,'2011-12-07 15:26:28',1,49,'167','Aromatic Choice',2,'Променен description и taxable. Променени price за Цена \"18.50\".'),(1807,'2011-12-07 15:26:42',1,49,'168','Black Ambrosia',2,'Променен description и taxable. Променени price за Цена \"18.50\".'),(1808,'2011-12-07 15:26:59',1,49,'169','Cherry Ambrosia',2,'Променен description и taxable. Променени price за Цена \"18.50\".'),(1809,'2011-12-07 15:27:17',1,49,'170','Golden Ambrosia',2,'Променен description и taxable. Променени price за Цена \"18.50\".'),(1810,'2011-12-07 15:27:30',1,49,'171','7 Seas Gold Blend',2,'Променен description и taxable. Променени price за Цена \"14.00\".'),(1811,'2011-12-07 15:27:47',1,49,'172','7 Seas Regular Blend',2,'Променен description и taxable. Променени price за Цена \"14.00\".'),(1812,'2011-12-07 15:28:05',1,49,'173','7 Seas Royal Blend',2,'Променен description и taxable. Променени price за Цена \"14.00\".'),(1813,'2011-12-07 15:28:49',1,49,'176','Bali Shag Halfzware',2,'Променен description и taxable. Променени price за Цена \"11.00\".'),(1814,'2011-12-07 15:29:10',1,49,'177','Bali Shag Mellow Taste Virginia',2,'Променен description и taxable. Променени price за Цена \"11.00\".'),(1815,'2011-12-07 15:29:29',1,49,'178','Bali Shag Rounded Virginia',2,'Променен description и taxable. Променени price за Цена \"11.00\".'),(1816,'2011-12-07 15:29:54',1,49,'179','Mac Baren Aromatic Choice Ryo',2,'Променен name, description и taxable. Променени price за Цена \"13.50\".'),(1817,'2011-12-07 15:30:08',1,49,'180','Mac Baren Cherry Choice RYO',2,'Променен description и taxable. Променени price за Цена \"13.50\".'),(1818,'2011-12-07 15:30:29',1,49,'181','Mac Baren Grape Choice Ryo',2,'Променен name, description и taxable. Променени price за Цена \"13.50\".'),(1819,'2011-12-07 15:30:49',1,49,'182','Mac Baren Original Choice Ryo',2,'Променен name, description и taxable. Променени price за Цена \"13.50\".'),(1820,'2011-12-07 15:31:07',1,49,'183','Mac Baren Vanilla Choice Ryo',2,'Променен name, description и taxable. Променени price за Цена \"13.50\".'),(1821,'2011-12-07 15:33:06',1,49,'184','Mac Baren Ice Tea Choice Ryo',2,'Променен name, description и taxable.'),(1822,'2011-12-07 15:33:28',1,49,'185','Mac Baren Apple Choice Ryo',2,'Променен name, description и taxable. Променени price за Цена \"13.50\".'),(1823,'2011-12-07 15:35:55',1,49,'199','Che Red',2,'Променен description и taxable. Променени price за Цена \"5.50\".'),(1824,'2011-12-07 15:38:59',1,49,'212','Classic Blue tin',2,'Променен description и taxable. Променени price за Цена \"27.50\".'),(1825,'2011-12-07 15:46:33',1,49,'195','Lexington Vanilla',2,'Променен description и taxable. Променени price за Цена \"7.90\".'),(1826,'2011-12-07 15:46:58',1,49,'196','Black Devil Special Flavour',2,'Променен description и taxable. Променени price за Цена \"6.00\".'),(1827,'2011-12-07 15:47:12',1,49,'197','Black Devil Finest Flavour',2,'Променен description и taxable. Променени price за Цена \"6.00\".'),(1828,'2011-12-07 15:49:44',1,49,'204','Especially Selected',2,'Променен description и taxable. Променени price за Цена \"387.50\".'),(1829,'2011-12-07 15:50:38',1,49,'212','Classic Blue Tin',2,'Променен name и taxable. Променени price за Цена \"27.50\".'),(1830,'2011-12-07 15:52:28',1,49,'228','Cohiba Siglo I (25)',2,'Променен name и taxable. Променени price за Цена \"450.00\".'),(1831,'2011-12-07 15:52:42',1,49,'227','Cohiba Siglo I (3)',2,'Променен name и taxable. Променени price за Цена \"67.50\".'),(1832,'2011-12-07 15:52:57',1,49,'226','Cohiba Siglo I (5)',2,'Променен name и taxable. Променени price за Цена \"90.00\".');
/*!40000 ALTER TABLE `django_admin_log` ENABLE KEYS */;
UNLOCK TABLES;

--
-- Table structure for table `django_comment_flags`
--

DROP TABLE IF EXISTS `django_comment_flags`;
/*!40101 SET @saved_cs_client     = @@character_set_client */;
/*!40101 SET character_set_client = utf8 */;
CREATE TABLE `django_comment_flags` (
  `id` int(11) NOT NULL auto_increment,
  `user_id` int(11) NOT NULL,
  `comment_id` int(11) NOT NULL,
  `flag` varchar(30) NOT NULL,
  `flag_date` datetime NOT NULL,
  PRIMARY KEY  (`id`),
  UNIQUE KEY `user_id` (`user_id`,`comment_id`,`flag`),
  KEY `django_comment_flags_403f60f` (`user_id`),
  KEY `django_comment_flags_64c238ac` (`comment_id`),
  KEY `django_comment_flags_111c90f9` (`flag`)
) ENGINE=MyISAM DEFAULT CHARSET=utf8;
/*!40101 SET character_set_client = @saved_cs_client */;

--
-- Dumping data for table `django_comment_flags`
--

LOCK TABLES `django_comment_flags` WRITE;
/*!40000 ALTER TABLE `django_comment_flags` DISABLE KEYS */;
/*!40000 ALTER TABLE `django_comment_flags` ENABLE KEYS */;
UNLOCK TABLES;

--
-- Table structure for table `django_comments`
--

DROP TABLE IF EXISTS `django_comments`;
/*!40101 SET @saved_cs_client     = @@character_set_client */;
/*!40101 SET character_set_client = utf8 */;
CREATE TABLE `django_comments` (
  `id` int(11) NOT NULL auto_increment,
  `content_type_id` int(11) NOT NULL,
  `object_pk` longtext NOT NULL,
  `site_id` int(11) NOT NULL,
  `user_id` int(11) default NULL,
  `user_name` varchar(50) NOT NULL,
  `user_email` varchar(75) NOT NULL,
  `user_url` varchar(200) NOT NULL,
  `comment` longtext NOT NULL,
  `submit_date` datetime NOT NULL,
  `ip_address` char(15) default NULL,
  `is_public` tinyint(1) NOT NULL,
  `is_removed` tinyint(1) NOT NULL,
  PRIMARY KEY  (`id`),
  KEY `django_comments_1bb8f392` (`content_type_id`),
  KEY `django_comments_6223029` (`site_id`),
  KEY `django_comments_403f60f` (`user_id`)
) ENGINE=MyISAM DEFAULT CHARSET=utf8;
/*!40101 SET character_set_client = @saved_cs_client */;

--
-- Dumping data for table `django_comments`
--

LOCK TABLES `django_comments` WRITE;
/*!40000 ALTER TABLE `django_comments` DISABLE KEYS */;
/*!40000 ALTER TABLE `django_comments` ENABLE KEYS */;
UNLOCK TABLES;

--
-- Table structure for table `django_content_type`
--

DROP TABLE IF EXISTS `django_content_type`;
/*!40101 SET @saved_cs_client     = @@character_set_client */;
/*!40101 SET character_set_client = utf8 */;
CREATE TABLE `django_content_type` (
  `id` int(11) NOT NULL auto_increment,
  `name` varchar(100) NOT NULL,
  `app_label` varchar(100) NOT NULL,
  `model` varchar(100) NOT NULL,
  PRIMARY KEY  (`id`),
  UNIQUE KEY `app_label` (`app_label`,`model`)
) ENGINE=MyISAM AUTO_INCREMENT=88 DEFAULT CHARSET=utf8;
/*!40101 SET character_set_client = @saved_cs_client */;

--
-- Dumping data for table `django_content_type`
--

LOCK TABLES `django_content_type` WRITE;
/*!40000 ALTER TABLE `django_content_type` DISABLE KEYS */;
INSERT INTO `django_content_type` VALUES (1,'site','sites','site'),(2,'Store Configuration','shop','config'),(3,'Shopping Cart','shop','cart'),(4,'Cart Item','shop','cartitem'),(5,'Cart Item Detail','shop','cartitemdetails'),(6,'Order variable','shop','ordervariable'),(7,'Product Order','shop','order'),(8,'Order Line Item','shop','orderitem'),(9,'Order Item Detail','shop','orderitemdetail'),(10,'Order Status','shop','orderstatus'),(11,'Order Payment Authorization','shop','orderauthorization'),(12,'Order Payment','shop','orderpayment'),(13,'Order Pending Payment','shop','orderpendingpayment'),(14,'order payment failure','shop','orderpaymentfailure'),(15,'Order tax detail','shop','ordertaxdetail'),(16,'log entry','admin','logentry'),(17,'permission','auth','permission'),(18,'group','auth','group'),(19,'user','auth','user'),(20,'message','auth','message'),(21,'content type','contenttypes','contenttype'),(22,'comment','comments','comment'),(23,'comment flag','comments','commentflag'),(24,'session','sessions','session'),(25,'registration profile','registration','registrationprofile'),(26,'setting','livesettings','setting'),(27,'long setting','livesettings','longsetting'),(28,'Country','l10n','country'),(29,'Administrative Area','l10n','adminarea'),(30,'contact role','contact','contactrole'),(31,'Contact organization type','contact','contactorganization'),(32,'contact organization role','contact','contactorganizationrole'),(33,'contact interaction type','contact','contactinteractiontype'),(34,'Organization','contact','organization'),(35,'Contact','contact','contact'),(36,'Interaction','contact','interaction'),(37,'Phone Number','contact','phonenumber'),(38,'Address Book','contact','addressbook'),(39,'Tax Rate','area','taxrate'),(40,'Category','product','category'),(41,'Category Translation','product','categorytranslation'),(42,'Category Image','product','categoryimage'),(43,'Category Image Translation','product','categoryimagetranslation'),(44,'Discount','product','discount'),(45,'Option Group','product','optiongroup'),(46,'Option Group Translation','product','optiongrouptranslation'),(47,'Option Item','product','option'),(48,'Option Translation','product','optiontranslation'),(49,'Product','product','product'),(50,'Product Translation','product','producttranslation'),(51,'product price lookup','product','productpricelookup'),(52,'attribute option','product','attributeoption'),(53,'Product Attribute','product','productattribute'),(54,'Category Attribute','product','categoryattribute'),(55,'Price','product','price'),(56,'Product Image','product','productimage'),(57,'Product Image Translation','product','productimagetranslation'),(58,'Tax Class','product','taxclass'),(59,'Configurable Product','configurable','configurableproduct'),(60,'Product variation','configurable','productvariation'),(61,'Custom Product','custom','customproduct'),(62,'custom text field','custom','customtextfield'),(63,'CustomTextField Translation','custom','customtextfieldtranslation'),(64,'Payment Option','payment','paymentoption'),(65,'Credit Card','payment','creditcarddetail'),(66,'plugin point','app_plugins','pluginpoint'),(67,'plugin','app_plugins','plugin'),(68,'user plugin preference','app_plugins','userpluginpreference'),(69,'kv store','thumbnail','kvstore'),(70,'migration history','south','migrationhistory'),(71,'subscription','newsletter','subscription'),(72,'Subscription Attribute','newsletter','subscriptionattribute'),(73,'news author','simple_news','newsauthor'),(74,'news category','simple_news','newscategory'),(75,'news item','simple_news','newsitem'),(76,'article','pressroom','article'),(77,'document','pressroom','document'),(78,'section','pressroom','section'),(79,'gallery','photologue','gallery'),(80,'gallery upload','photologue','galleryupload'),(81,'photo','photologue','photo'),(82,'photo effect','photologue','photoeffect'),(83,'watermark','photologue','watermark'),(84,'photo size','photologue','photosize'),(85,'tag','tagging','tag'),(86,'tagged item','tagging','taggeditem'),(87,'store','places','store');
/*!40000 ALTER TABLE `django_content_type` ENABLE KEYS */;
UNLOCK TABLES;

--
-- Table structure for table `django_session`
--

DROP TABLE IF EXISTS `django_session`;
/*!40101 SET @saved_cs_client     = @@character_set_client */;
/*!40101 SET character_set_client = utf8 */;
CREATE TABLE `django_session` (
  `session_key` varchar(40) NOT NULL,
  `session_data` longtext NOT NULL,
  `expire_date` datetime NOT NULL,
  PRIMARY KEY  (`session_key`),
  KEY `django_session_3da3d3d8` (`expire_date`)
) ENGINE=MyISAM DEFAULT CHARSET=utf8;
/*!40101 SET character_set_client = @saved_cs_client */;

--
-- Dumping data for table `django_session`
--

LOCK TABLES `django_session` WRITE;
/*!40000 ALTER TABLE `django_session` DISABLE KEYS */;
INSERT INTO `django_session` VALUES ('85cf4ddcf2eb84640ac3eb2d1091b7bd','ODAyNTllOWFmMGRiYjQ1OGIwZjJiZjdkOTlkMmUxMjBmZDRjYmZlYjqAAn1xAShVBGNhcnRLBFUK\ndGVzdGNvb2tpZVUGd29ya2VkcQJVDV9hdXRoX3VzZXJfaWRLAVUSX2F1dGhfdXNlcl9iYWNrZW5k\nVSlkamFuZ28uY29udHJpYi5hdXRoLmJhY2tlbmRzLk1vZGVsQmFja2VuZHUu\n','2011-11-24 09:44:24'),('bbe918b424a45c32d3287a71bd2985e5','OTdjNmZiNTUyYWY5OTc1MzkwODk0ZTc3YTNiMjc1MWJmNzAwNmRlMjqAAn1xAVUEY2FydHECSwFz\nLg==\n','2011-11-11 11:31:58'),('d37652425ac0de44959f16a987d9a64c','NTkyMjNhZDBmOThiMGUxYTg5ZTAwZTJmYmY4ZDM3YzQzNjZmZGY3NTqAAn1xAShVBmN1c3RJREsE\nVRJfYXV0aF91c2VyX2JhY2tlbmRxAlUpZGphbmdvLmNvbnRyaWIuYXV0aC5iYWNrZW5kcy5Nb2Rl\nbEJhY2tlbmRxA1UKdGVzdGNvb2tpZVUGd29ya2VkVQ1fYXV0aF91c2VyX2lkcQRLAVUEY2FydEsD\ndS4=\n','2011-11-14 15:58:40'),('df69e3223c2105bd3cbfde6a2bcdc917','ZmViYjY0YmQ2OWY4YWRmZmFlNzliNGY3YzQzZmJhZjdmYjQyYzUwYjqAAn1xAShVEl9hdXRoX3Vz\nZXJfYmFja2VuZHECVSlkamFuZ28uY29udHJpYi5hdXRoLmJhY2tlbmRzLk1vZGVsQmFja2VuZHED\nVQ1fYXV0aF91c2VyX2lkcQRLAXUu\n','2011-11-15 15:24:55'),('f96308196c0e48232648a31c9df651d3','gAJ9cQEuOGQxMGU0YzE1OWQ3OGEzYjM5OGJkYTIwZWVlNTAwYjc=\n','2011-11-23 09:42:42'),('77a37a88050c5bda6cf90101c5576951','gAJ9cQEuOGQxMGU0YzE1OWQ3OGEzYjM5OGJkYTIwZWVlNTAwYjc=\n','2011-11-23 09:42:43'),('3e603106ec33672210af2a418c209099','gAJ9cQEuOGQxMGU0YzE1OWQ3OGEzYjM5OGJkYTIwZWVlNTAwYjc=\n','2011-11-23 09:42:43'),('4b2b34c490d4c39a11e41bc7d4062d9f','gAJ9cQEuOGQxMGU0YzE1OWQ3OGEzYjM5OGJkYTIwZWVlNTAwYjc=\n','2011-11-23 09:43:14'),('0800d99a754b4b9bda7f1f9d609a0def','gAJ9cQEuOGQxMGU0YzE1OWQ3OGEzYjM5OGJkYTIwZWVlNTAwYjc=\n','2011-11-23 09:43:14'),('b55842d0934acc42aa96431fb33b9539','gAJ9cQEuOGQxMGU0YzE1OWQ3OGEzYjM5OGJkYTIwZWVlNTAwYjc=\n','2011-11-23 09:43:15'),('e548ad55f2bf00fd9f7874f1250d1660','OGMwN2U5Mjc0NmQzNDMxNjM1NWIyMzdkZmMxODk4MDE5ZTNjMDE1ZjqAAn1xAS4=\n','2011-11-28 16:50:14'),('4fbe67b19fe57a95aa934787952d5a66','MjFlZWY0MDE2YTQ4MjU4YTRmYzJmOGRlMDU1MzQyZjM1ZjY0YjQxMDqAAn1xAShVEl9hdXRoX3Vz\nZXJfYmFja2VuZHECVSlkamFuZ28uY29udHJpYi5hdXRoLmJhY2tlbmRzLk1vZGVsQmFja2VuZHED\nVQ1fYXV0aF91c2VyX2lkcQSKAQF1Lg==\n','2011-11-30 13:07:59'),('b744e5ba917a28ffc146b62cdf9b41e1','NDc3OGNjYTlkZDkzNGVmMjk4OTFkZTM5YTE2OWZhNTQyNGNiZjNhOTqAAn1xAShVEl9hdXRoX3Vz\nZXJfYmFja2VuZFUpZGphbmdvLmNvbnRyaWIuYXV0aC5iYWNrZW5kcy5Nb2RlbEJhY2tlbmRVDV9h\ndXRoX3VzZXJfaWSKAQF1Lg==\n','2011-11-29 13:11:52'),('e57568c8c88b29dac3f0b4b8d724582c','YzlkZTIxZmU0MDJkMGQ2YzQ5OGZmNjRlZDMyOWQ2MzRmMDAwYTc2MTqAAn1xAVUEY2FydHECigEc\ncy4=\n','2011-12-20 12:00:33'),('5acdddca92effecd4786219e5502daab','NGY4YzFhMWZjZWM3ZWFiZGY3ZGY0NGQ1ZDA4YTU3OWZkYjdiNWQyNDqAAn1xAShVBGNhcnSKARtV\nBmN1c3RJRIoBB1UNX2F1dGhfdXNlcl9pZIoBAVUSX2F1dGhfdXNlcl9iYWNrZW5kVSlkamFuZ28u\nY29udHJpYi5hdXRoLmJhY2tlbmRzLk1vZGVsQmFja2VuZHUu\n','2011-12-21 16:02:08'),('6bf47c45c8cda1c13ed7f59f963101ef','MjFlZWY0MDE2YTQ4MjU4YTRmYzJmOGRlMDU1MzQyZjM1ZjY0YjQxMDqAAn1xAShVEl9hdXRoX3Vz\nZXJfYmFja2VuZHECVSlkamFuZ28uY29udHJpYi5hdXRoLmJhY2tlbmRzLk1vZGVsQmFja2VuZHED\nVQ1fYXV0aF91c2VyX2lkcQSKAQF1Lg==\n','2011-11-30 09:44:58'),('a66aa74132ca9ac6dd3b57bea5f98efd','NGFkNDI0NDI5MzQ2NDBiMjdjMTBiOGJkMjkxOWVjNjZlNmYzZGZhYTqAAn1xAShVBmN1c3RJRIoB\nClUNX2F1dGhfdXNlcl9pZIoBBlUKdGVzdGNvb2tpZVUGd29ya2VkVRJfYXV0aF91c2VyX2JhY2tl\nbmRVKWRqYW5nby5jb250cmliLmF1dGguYmFja2VuZHMuTW9kZWxCYWNrZW5kVQRjYXJ0igEhdS4=\n','2011-12-21 10:47:56'),('a4bb7b4ee54624f38e97abdcfaa3dc41','MjFlZWY0MDE2YTQ4MjU4YTRmYzJmOGRlMDU1MzQyZjM1ZjY0YjQxMDqAAn1xAShVEl9hdXRoX3Vz\nZXJfYmFja2VuZHECVSlkamFuZ28uY29udHJpYi5hdXRoLmJhY2tlbmRzLk1vZGVsQmFja2VuZHED\nVQ1fYXV0aF91c2VyX2lkcQSKAQF1Lg==\n','2011-12-09 10:52:54'),('7de79f655ef1a4729186f59ce195b341','OGJlOTFlZWZmY2FkMDMzMDlhNDViZDUxMzJmZGFkN2I4MjEwM2JmOTqAAn1xAShVCnRlc3Rjb29r\naWVVBndvcmtlZFUEY2FydHECigEJdS4=\n','2011-12-16 15:05:47'),('76d960828ec84c1b67a3253fdea1d490','NDUxNjBhMjQ1NzMxNGFhYzBhMDRmNWQ5YWNlNGE0YzBjM2E3YjQ5ODqAAn1xAShVCnRlc3Rjb29r\naWVxAlUGd29ya2VkcQNVBGNhcnSKAQ91Lg==\n','2011-12-16 17:35:09'),('c523d81a435cb91f41a04e98cb9d7fb7','MjI2NzE1MDhmMDI5MjU1NjM3NmVmNDc5NWVlYTJjOWZiNzcyZjdiNDqAAn1xAShVCnRlc3Rjb29r\naWVxAlUGd29ya2VkcQNVBGNhcnSKASB1Lg==\n','2011-12-21 00:47:02'),('7ff6085f6cf72f085d7f877ad8ffc1b0','ZWJmYmQ0ZGJhMmZlYTk0ZjkzOTA0ZTkyYmM2ZTljNzVhZDQxOWJiMDqAAn1xAShVBGNhcnSKASZV\nBmN1c3RJRIoBB1UNX2F1dGhfdXNlcl9pZIoBAVUSX2F1dGhfdXNlcl9iYWNrZW5kVSlkamFuZ28u\nY29udHJpYi5hdXRoLmJhY2tlbmRzLk1vZGVsQmFja2VuZHUu\n','2011-12-21 16:01:02'),('de85188bee60677dd117450b52a2ca66','MzJhYjA2NjgyNzA0OGY3NDlmM2JiOWNkZTZiMDYyNGM0MGIzZWNkNjqAAn1xAShVCnRlc3Rjb29r\naWVVBndvcmtlZHECVQZjdXN0SUSKAQlVBGNhcnSKAR51Lg==\n','2011-12-21 15:13:55'),('2a457f0e3cea5ba8b3e8e1a403d7ec9c','NWE5ZmVjMWMyZjZlOTEzYTM2ZjI3YWQ5ZTIzNjI2N2RiZThlY2MyNjqAAn1xAShVDV9hdXRoX3Vz\nZXJfaWSKAQFVBmN1c3RJRIoBB1USX2F1dGhfdXNlcl9iYWNrZW5kVSlkamFuZ28uY29udHJpYi5h\ndXRoLmJhY2tlbmRzLk1vZGVsQmFja2VuZFUEY2FydIoBF3Uu\n','2011-12-19 22:23:11'),('e5e17bf55ff36823e722887ee61f985c','MDk5M2U2Y2JkMTgxOWIyZTlmYzU0MmVkNTBmNzQxZjliNmFkMmQ2YTqAAn1xAShVBGNhcnSKARpV\nBmN1c3RJRIoBB1USX2F1dGhfdXNlcl9iYWNrZW5kVSlkamFuZ28uY29udHJpYi5hdXRoLmJhY2tl\nbmRzLk1vZGVsQmFja2VuZFUNX2F1dGhfdXNlcl9pZIoBAXUu\n','2011-12-19 23:56:26'),('727876b28dfe81046ec490f818ace75b','MTY2NDE0NGRiZjNlNWM5Mzc1MjJkYTM2Y2JjMzMyODRlZTAyNTBjMDqAAn1xAShVCnRlc3Rjb29r\naWVVBndvcmtlZHECVQRjYXJ0igEZdS4=\n','2011-12-19 23:48:12'),('d5a45821087f9f3e387983a0e6505ef7','MmVmM2JkMGExZjFlMzZhMGMyZTVjZTJlMDYzMzNiZmVlM2I0OTJiZDqAAn1xAShVCnRlc3Rjb29r\naWVxAlUGd29ya2VkcQNVBGNhcnSKASV1Lg==\n','2011-12-21 13:39:01');
/*!40000 ALTER TABLE `django_session` ENABLE KEYS */;
UNLOCK TABLES;

--
-- Table structure for table `django_site`
--

DROP TABLE IF EXISTS `django_site`;
/*!40101 SET @saved_cs_client     = @@character_set_client */;
/*!40101 SET character_set_client = utf8 */;
CREATE TABLE `django_site` (
  `id` int(11) NOT NULL auto_increment,
  `domain` varchar(100) NOT NULL,
  `name` varchar(50) NOT NULL,
  PRIMARY KEY  (`id`)
) ENGINE=MyISAM AUTO_INCREMENT=2 DEFAULT CHARSET=utf8;
/*!40101 SET character_set_client = @saved_cs_client */;

--
-- Dumping data for table `django_site`
--

LOCK TABLES `django_site` WRITE;
/*!40000 ALTER TABLE `django_site` DISABLE KEYS */;
INSERT INTO `django_site` VALUES (1,'kalimancaribe.com','kalimancaribe.com');
/*!40000 ALTER TABLE `django_site` ENABLE KEYS */;
UNLOCK TABLES;

--
-- Table structure for table `l10n_adminarea`
--

DROP TABLE IF EXISTS `l10n_adminarea`;
/*!40101 SET @saved_cs_client     = @@character_set_client */;
/*!40101 SET character_set_client = utf8 */;
CREATE TABLE `l10n_adminarea` (
  `id` int(11) NOT NULL auto_increment,
  `country_id` int(11) NOT NULL,
  `name` varchar(60) NOT NULL,
  `abbrev` varchar(3) default NULL,
  `active` tinyint(1) NOT NULL,
  PRIMARY KEY  (`id`),
  KEY `l10n_adminarea_534dd89` (`country_id`)
) ENGINE=MyISAM AUTO_INCREMENT=4914 DEFAULT CHARSET=utf8;
/*!40101 SET character_set_client = @saved_cs_client */;

--
-- Dumping data for table `l10n_adminarea`
--

LOCK TABLES `l10n_adminarea` WRITE;
/*!40000 ALTER TABLE `l10n_adminarea` DISABLE KEYS */;
INSERT INTO `l10n_adminarea` VALUES (1,231,'Alabama','AL',1),(2,231,'Alaska','AK',1),(3,231,'American Samoa','AS',1),(4,231,'Arizona','AZ',1),(5,231,'Arkansas','AR',1),(6,231,'Armed Forces Africa','AE',1),(7,231,'Armed Forces Americas (except Canada)','AA',1),(8,231,'Armed Forces Canada','AE',1),(9,231,'Armed Forces Europe','AE',1),(10,231,'Armed Forces Middle East','AE',1),(11,231,'Armed Forces Pacific','AP',1),(12,231,'California','CA',1),(13,231,'Colorado','CO',1),(14,231,'Connecticut','CT',1),(15,231,'Delaware','DE',1),(16,231,'District of Columbia','DC',1),(17,231,'Federated States of Micronesia','FM',1),(18,231,'Florida','FL',1),(19,231,'Georgia','GA',1),(20,231,'Guam','GU',1),(21,231,'Hawaii','HI',1),(22,231,'Idaho','ID',1),(23,231,'Illinois','IL',1),(24,231,'Indiana','IN',1),(25,231,'Iowa','IA',1),(26,231,'Kansas','KS',1),(27,231,'Kentucky','KY',1),(28,231,'Louisiana','LA',1),(29,231,'Maine','ME',1),(30,231,'Marshall Islands','MH',1),(31,231,'Maryland','MD',1),(32,231,'Massachusetts','MA',1),(33,231,'Michigan','MI',1),(34,231,'Minnesota','MN',1),(35,231,'Mississippi','MS',1),(36,231,'Missouri','MO',1),(37,231,'Montana','MT',1),(38,231,'Nebraska','NE',1),(39,231,'Nevada','NV',1),(40,231,'New Hampshire','NH',1),(41,231,'New Jersey','NJ',1),(42,231,'New Mexico','NM',1),(43,231,'New York','NY',1),(44,231,'North Carolina','NC',1),(45,231,'North Dakota','ND',1),(46,231,'Northern Mariana Islands','MP',1),(47,231,'Ohio','OH',1),(48,231,'Oklahoma','OK',1),(49,231,'Oregon','OR',1),(50,231,'Palau','PW',1),(51,231,'Pennsylvania','PA',1),(52,231,'Puerto Rico','PR',1),(53,231,'Rhode Island','RI',1),(54,231,'South Carolina','SC',1),(55,231,'South Dakota','SD',1),(56,231,'Tennessee','TN',1),(57,231,'Texas','TX',1),(58,231,'Utah','UT',1),(59,231,'Vermont','VT',1),(60,231,'Virgin Islands','VI',1),(61,231,'Virginia','VA',1),(62,231,'Washington','WA',1),(63,231,'West Virginia','WV',1),(64,231,'Wisconsin','WI',1),(65,231,'Wyoming','WY',1),(66,6,'Andorra (general)','',1),(67,6,'Andorra','',1),(68,6,'Canillo','',1),(69,6,'Encamp','',1),(70,6,'La Massana','',1),(71,6,'Ordino','',1),(72,6,'Sant Julià de Lòria','',1),(73,6,'Andorra la Vella','',1),(74,6,'Escaldes-Engordany','',1),(75,229,'United Arab Emirates (general)','',1),(76,229,'Abū Z̧aby','',1),(77,229,'‘Ajmān','',1),(78,229,'Dubayy','',1),(79,229,'Al Fujayrah','',1),(80,229,'Raʼs al Khaymah','',1),(81,229,'Ash Shāriqah','',1),(82,229,'Umm al Qaywayn','',1),(83,1,'Afghanistan (general)','',1),(84,1,'Badakhshān','',1),(85,1,'Badghis Province','',1),(86,1,'Baghlān','',1),(87,1,'Bāmīān','',1),(88,1,'Farāh','',1),(89,1,'Faryab Province','',1),(90,1,'Ghaznī','',1),(91,1,'Ghowr','',1),(92,1,'Helmand','',1),(93,1,'Herat Province','',1),(94,1,'Kabul Province','',1),(95,1,'Kāpīsā','',1),(96,1,'Konarha','',1),(97,1,'Laghman','',1),(98,1,'Lowgar','',1),(99,1,'Nangarhār','',1),(100,1,'Nīmrūz','',1),(101,1,'Orūzgān','',1),(102,1,'Paktika','',1),(103,1,'Parvān','',1),(104,1,'Kandahār','',1),(105,1,'Kunduz Province','',1),(106,1,'Takhār','',1),(107,1,'Vardak','',1),(108,1,'Zabul Province','',1),(109,1,'Paktīkā','',1),(110,1,'Balkh','',1),(111,1,'Jowzjān','',1),(112,1,'Samangān','',1),(113,1,'Sar-e Pol','',1),(114,1,'Konar','',1),(115,1,'Laghmān','',1),(116,1,'Paktia Province','',1),(117,1,'Khowst','',1),(118,1,'Nūrestān','',1),(119,1,'Orūzgān Province','',1),(120,1,'Parvān','',1),(121,1,'Dāykondī','',1),(122,1,'Panjshīr','',1),(123,10,'Antigua and Barbuda (general)','',1),(124,10,'Barbuda','',1),(125,10,'Saint George','',1),(126,10,'Saint John','',1),(127,10,'Saint Mary','',1),(128,10,'Saint Paul','',1),(129,10,'Saint Peter','',1),(130,10,'Saint Philip','',1),(131,8,'Anguilla (general)','',1),(132,3,'Albania (general)','',1),(133,3,'Berat','',1),(134,3,'Dibër','',1),(135,3,'Durrës','',1),(136,3,'Elbasan','',1),(137,3,'Fier','',1),(138,3,'Gjirokastër','',1),(139,3,'Korçë','',1),(140,3,'Kukës','',1),(141,3,'Lezhë','',1),(142,3,'Shkodër','',1),(143,3,'Tiranë','',1),(144,3,'Vlorë','',1),(145,12,'Armenia (general)','',1),(146,12,'Aragatsotn','',1),(147,12,'Ararat','',1),(148,12,'Armavir','',1),(149,12,'Gegharkʼunikʼ','',1),(150,12,'Kotaykʼ','',1),(151,12,'Lorri','',1),(152,12,'Shirak','',1),(153,12,'Syunikʼ','',1),(154,12,'Tavush','',1),(155,12,'Vayotsʼ Dzor','',1),(156,12,'Yerevan','',1),(157,156,'Netherlands Antilles (general)','',1),(158,7,'Angola (general)','',1),(159,7,'Benguela','',1),(160,7,'Bié','',1),(161,7,'Cabinda','',1),(162,7,'Cuando Cubango','',1),(163,7,'Cuanza Norte','',1),(164,7,'Cuanza Sul','',1),(165,7,'Cunene','',1),(166,7,'Huambo','',1),(167,7,'Huíla','',1),(168,7,'Luanda','',1),(169,7,'Malanje','',1),(170,7,'Namibe','',1),(171,7,'Moxico','',1),(172,7,'Uíge','',1),(173,7,'Zaire','',1),(174,7,'Lunda Norte','',1),(175,7,'Lunda Sul','',1),(176,7,'Bengo','',1),(177,9,'Antarctica (general)','',1),(178,11,'Argentina (general)','',1),(179,11,'Buenos Aires','',1),(180,11,'Catamarca','',1),(181,11,'Chaco','',1),(182,11,'Chubut','',1),(183,11,'Córdoba','',1),(184,11,'Corrientes','',1),(185,11,'Distrito Federal','',1),(186,11,'Entre Ríos','',1),(187,11,'Formosa','',1),(188,11,'Jujuy','',1),(189,11,'La Pampa','',1),(190,11,'La Rioja','',1),(191,11,'Mendoza','',1),(192,11,'Misiones','',1),(193,11,'Neuquén','',1),(194,11,'Río Negro','',1),(195,11,'Salta','',1),(196,11,'San Juan','',1),(197,11,'San Luis','',1),(198,11,'Santa Cruz','',1),(199,11,'Santa Fe','',1),(200,11,'Santiago del Estero','',1),(201,11,'Tierra del Fuego, Antártida e Islas del Atlántico Sur','',1),(202,11,'Tucumán','',1),(203,15,'Austria (general)','',1),(204,15,'Burgenland','',1),(205,15,'Carinthia','',1),(206,15,'Lower Austria','',1),(207,15,'Oberösterreich','',1),(208,15,'Salzburg','',1),(209,15,'Steiermark','',1),(210,15,'Tirol','',1),(211,15,'Vorarlberg','',1),(212,15,'Wien','',1),(213,14,'Heard Island and McDonald Islands (general)','',1),(214,14,'Australian Capital Territory','ACT',1),(215,14,'New South Wales','NSW',1),(216,14,'Northern Territory','NT',1),(217,14,'Queensland','QLD',1),(218,14,'South Australia','SA',1),(219,14,'Tasmania','TAS',1),(220,14,'Victoria','VIC',1),(221,14,'Western Australia','WA',1),(222,16,'Azerbaijan (general)','',1),(223,16,'Abşeron','',1),(224,16,'Ağcabǝdi','',1),(225,16,'Ağdam','',1),(226,16,'Ağdaş','',1),(227,16,'Ağstafa','',1),(228,16,'Ağsu','',1),(229,16,'Əli Bayramli','',1),(230,16,'Astara','',1),(231,16,'Baki','',1),(232,16,'Balakǝn','',1),(233,16,'Bǝrdǝ','',1),(234,16,'Beylǝqan','',1),(235,16,'Bilǝsuvar','',1),(236,16,'Cǝbrayıl','',1),(237,16,'Cǝlilabad','',1),(238,16,'Daşkǝsǝn','',1),(239,16,'Dǝvǝçi','',1),(240,16,'Füzuli','',1),(241,16,'Gǝdǝbǝy','',1),(242,16,'Gǝncǝ','',1),(243,16,'Goranboy','',1),(244,16,'Göyçay','',1),(245,16,'Hacıqabul','',1),(246,16,'İmişli','',1),(247,16,'İsmayıllı','',1),(248,16,'Kǝlbǝcǝr','',1),(249,16,'Kürdǝmir','',1),(250,16,'Laçın','',1),(251,16,'Lǝnkǝran','',1),(252,16,'Lǝnkǝran','',1),(253,16,'Lerik','',1),(254,16,'Masallı','',1),(255,16,'Mingǝcevir','',1),(256,16,'Naftalan','',1),(257,16,'Nakhichevan','',1),(258,16,'Neftçala','',1),(259,16,'Oğuz','',1),(260,16,'Qǝbǝlǝ','',1),(261,16,'Qǝx','',1),(262,16,'Qazax','',1),(263,16,'Qobustan','',1),(264,16,'Quba','',1),(265,16,'Qubadlı','',1),(266,16,'Qusar','',1),(267,16,'Saatlı','',1),(268,16,'Sabirabad','',1),(269,16,'Şǝki','',1),(270,16,'Şǝki','',1),(271,16,'Salyan','',1),(272,16,'Şamaxı','',1),(273,16,'Şǝmkir','',1),(274,16,'Samux','',1),(275,16,'Siyǝzǝn','',1),(276,16,'Sumqayit','',1),(277,16,'Şuşa','',1),(278,16,'Şuşa','',1),(279,16,'Tǝrtǝr','',1),(280,16,'Tovuz','',1),(281,16,'Ucar','',1),(282,16,'Xaçmaz','',1),(283,16,'Xankǝndi','',1),(284,16,'Xanlar','',1),(285,16,'Xızı','',1),(286,16,'Xocalı','',1),(287,16,'Xocavǝnd','',1),(288,16,'Yardımlı','',1),(289,16,'Yevlax','',1),(290,16,'Yevlax','',1),(291,16,'Zǝngilan','',1),(292,16,'Zaqatala','',1),(293,16,'Zǝrdab','',1),(294,28,'Bosnia and Herzegovina (general)','',1),(295,28,'Federation of Bosnia and Herzegovina','',1),(296,28,'Republika Srpska','',1),(297,28,'Brčko Distrikt','',1),(298,20,'Barbados (general)','',1),(299,20,'Christ Church','',1),(300,20,'Saint Andrew','',1),(301,20,'Saint George','',1),(302,20,'Saint James','',1),(303,20,'Saint John','',1),(304,20,'Saint Joseph','',1),(305,20,'Saint Lucy','',1),(306,20,'Saint Michael','',1),(307,20,'Saint Peter','',1),(308,20,'Saint Philip','',1),(309,20,'Saint Thomas','',1),(310,19,'Bangladesh (general)','',1),(311,19,'BG80','',1),(312,19,'Dhaka','',1),(313,19,'Khulna','',1),(314,19,'Rājshāhi','',1),(315,19,'Chittagong','',1),(316,19,'Barisāl','',1),(317,19,'Sylhet','',1),(318,22,'Belgium (general)','',1),(319,22,'Antwerpen','',1),(320,22,'Brabant Provincie','',1),(321,22,'Hainaut','',1),(322,22,'Liège','',1),(323,22,'Limburg','',1),(324,22,'Luxembourg','',1),(325,22,'Namur','',1),(326,22,'Oost-Vlaanderen','',1),(327,22,'West-Vlaanderen','',1),(328,22,'Brabant Wallon','',1),(329,22,'Bruxelles-Capitale','',1),(330,22,'Vlaams-Brabant','',1),(331,35,'Burkina Faso (general)','',1),(332,35,'Bam','',1),(333,35,'Mayaguana District','',1),(334,35,'New Providence','',1),(335,35,'Ragged Island District','',1),(336,35,'Boulkiemdé','',1),(337,35,'Ganzourgou','',1),(338,35,'Gnagna','',1),(339,35,'Harbour Island District','',1),(340,35,'New Providence District','',1),(341,35,'Acklins and Crooked Islands District','',1),(342,35,'Freeport District','',1),(343,35,'Fresh Creek District','',1),(344,35,'Governor’s Harbour District','',1),(345,35,'Kouritenga','',1),(346,35,'High Rock District','',1),(347,35,'Kemps Bay District','',1),(348,35,'Marsh Harbour District','',1),(349,35,'Nichollstown and Berry Islands District','',1),(350,35,'Oudalan','',1),(351,35,'Passore','',1),(352,35,'San Salvador and Rum Cay District','',1),(353,35,'Sanguié','',1),(354,35,'(UV37)','',1),(355,35,'(UV38)','',1),(356,35,'(UV39)','',1),(357,35,'Soum','',1),(358,35,'(UV41)','',1),(359,35,'Tapoa','',1),(360,35,'(UV43)','',1),(361,35,'Zoundwéogo','',1),(362,35,'Balé','',1),(363,35,'Banwa','',1),(364,35,'Bazèga','',1),(365,35,'Bougouriba','',1),(366,35,'Boulgou','',1),(367,35,'Gourma','',1),(368,35,'Houet','',1),(369,35,'Ioba','',1),(370,35,'Kadiogo','',1),(371,35,'Kènèdougou','',1),(372,35,'Comoé','',1),(373,35,'Komondjari','',1),(374,35,'Kompienga','',1),(375,35,'Kossi','',1),(376,35,'Koulpélogo','',1),(377,35,'Kourwéogo','',1),(378,35,'Léraba','',1),(379,35,'Loroum','',1),(380,35,'Mouhoun','',1),(381,35,'Namentenga','',1),(382,35,'Nahouri','',1),(383,35,'Nayala','',1),(384,35,'Noumbiel','',1),(385,35,'Oubritenga','',1),(386,35,'Poni','',1),(387,35,'Sanmatenga','',1),(388,35,'Séno','',1),(389,35,'Sissili','',1),(390,35,'Sourou','',1),(391,35,'Tuy','',1),(392,35,'Yagha','',1),(393,35,'Yatenga','',1),(394,35,'Ziro','',1),(395,35,'Zondoma','',1),(396,34,'Bulgaria (general)','',0),(397,34,'Chattagram','',0),(398,34,'Chuadanga','',0),(399,34,'Cox’s Bazar','',0),(400,34,'Dhaka','',0),(401,34,'Монтана','',1),(402,34,'Dinajpur','',0),(403,34,'Feni','',0),(404,34,'Gaibandha','',0),(405,34,'Gazipur','',0),(406,34,'Благоевград','',1),(407,34,'Бургас','',1),(408,34,'Добрич','',1),(409,34,'Габрово','',1),(410,34,'Sofiya-Grad','',0),(411,34,'Хасково','',1),(412,34,'Кърджали','',1),(413,34,'Кюстендил','',1),(414,34,'Ловеч','',1),(415,34,'Montana','',0),(416,34,'Пазарджик','',1),(417,34,'Перник','',1),(418,34,'Плевен','',1),(419,34,'Пловдив','',1),(420,34,'Разград','',1),(421,34,'Русе','',1),(422,34,'Шумен','',1),(423,34,'Силистра','',1),(424,34,'Сливен','',1),(425,34,'Смолян','',1),(426,34,'София','',1),(427,34,'Стара Загора','',1),(428,34,'Търговище','',1),(429,34,'Варна','',1),(430,34,'Велико Търново','',1),(431,34,'Видин','',1),(432,34,'Враца','',1),(433,34,'Ямбол','',1),(434,18,'Bahrain (general)','',1),(435,18,'Al Ḩadd','',1),(436,18,'Al Manāmah','',1),(437,18,'Al Muḩarraq','',1),(438,18,'Jidd Ḩafş','',1),(439,18,'Sitrah','',1),(440,18,'(BA07)','',1),(441,18,'Al Minţaqah al Gharbīyah','',1),(442,18,'Minţaqat Juzur Ḩawār','',1),(443,18,'Al Minţaqah ash Shamālīyah','',1),(444,18,'Al Minţaqah al Wusţá','',1),(445,18,'Madīnat ‘Īsá','',1),(446,18,'Ar Rifā‘ wa al Minţaqah al Janūbīyah','',1),(447,18,'Madīnat Ḩamad','',1),(448,36,'Burundi (general)','',1),(449,36,'Bujumbura','',1),(450,36,'(BY05)','',1),(451,36,'Bubanza','',1),(452,36,'Bururi','',1),(453,36,'Cankuzo','',1),(454,36,'Cibitoke','',1),(455,36,'Gitega','',1),(456,36,'Karuzi','',1),(457,36,'Kayanza','',1),(458,36,'Kirundo','',1),(459,36,'Makamba','',1),(460,36,'Muyinga','',1),(461,36,'Ngozi','',1),(462,36,'Rutana','',1),(463,36,'Ruyigi','',1),(464,36,'Muramvya','',1),(465,36,'Mwaro','',1),(466,24,'Benin (general)','',1),(467,24,'Atakora','',1),(468,24,'Atlantique','',1),(469,24,'Borgou','',1),(470,24,'Mono','',1),(471,24,'Oueme','',1),(472,24,'Zou','',1),(473,24,'Alibori','',1),(474,24,'Atakora','',1),(475,24,'Atlantique','',1),(476,24,'Borgou','',1),(477,24,'Collines','',1),(478,24,'Kouffo','',1),(479,24,'Donga','',1),(480,24,'Littoral','',1),(481,24,'Mono','',1),(482,24,'Quémé','',1),(483,24,'Plateau','',1),(484,24,'Zou','',1),(485,25,'Bermuda (general)','',1),(486,25,'Devonshire','',1),(487,25,'Hamilton','',1),(488,25,'Hamilton','',1),(489,25,'Paget','',1),(490,25,'Pembroke','',1),(491,25,'Saint George','',1),(492,25,'Saint George\'s','',1),(493,25,'Sandys','',1),(494,25,'Smith\'s','',1),(495,25,'Southampton','',1),(496,25,'Warwick','',1),(497,33,'Brunei (general)','',1),(498,33,'Belait','',1),(499,33,'Brunei and Muara','',1),(500,33,'Temburong','',1),(501,33,'Tutong','',1),(502,27,'Bolivia (general)','',1),(503,27,'Chuquisaca','',1),(504,27,'Cochabamba','',1),(505,27,'El Beni','',1),(506,27,'La Paz','',1),(507,27,'Oruro','',1),(508,27,'Pando','',1),(509,27,'Potosí','',1),(510,27,'Santa Cruz','',1),(511,27,'Tarija','',1),(512,31,'Brazil (general)','',1),(513,31,'Acre','AC',1),(514,31,'Alagoas','AL',1),(515,31,'Amapá','AM',1),(516,31,'Amazonas','AM',1),(517,31,'Bahia','BA',1),(518,31,'Ceará','CE',1),(519,31,'Distrito Federal','DF',1),(520,31,'Espírito Santo','ES',1),(521,31,'Fernando de Noronha','',1),(523,31,'Mato Grosso do Sul','MS',1),(524,31,'Maranhão','MA',1),(525,31,'Mato Grosso','MT',1),(526,31,'Minas Gerais','MG',1),(527,31,'Pará','PA',1),(528,31,'Paraíba','PB',1),(529,31,'Paraná','PR',1),(530,31,'Pernambuco','PE',1),(531,31,'Piauí','PI',1),(532,31,'Rio de Janeiro','RJ',1),(533,31,'Rio Grande do Norte','RN',1),(534,31,'Rio Grande do Sul','RS',1),(535,31,'Rondônia','RO',1),(536,31,'Roraima','RR',1),(537,31,'Santa Catarina','SC',1),(538,31,'São Paulo','SP',1),(539,31,'Sergipe','SE',1),(540,31,'Goiás','GO',1),(542,31,'Tocantins','TO',1),(543,17,'Bahamas, The (general)','',1),(544,17,'Bimini','',1),(545,17,'Cat Island','',1),(546,17,'Exuma','',1),(547,17,'Inagua','',1),(548,17,'Long Island','',1),(549,17,'Mayaguana','',1),(550,17,'Ragged Island','',1),(551,17,'Harbour Island','',1),(552,17,'New Providence','',1),(553,17,'Acklins and Crooked Islands','',1),(554,17,'Freeport','',1),(555,17,'Fresh Creek','',1),(556,17,'Governor\'s Harbour','',1),(557,17,'Green Turtle Cay','',1),(558,17,'High Rock','',1),(559,17,'Kemps Bay','',1),(560,17,'Marsh Harbour','',1),(561,17,'Nichollstown and Berry Islands','',1),(562,17,'Rock Sound','',1),(563,17,'Sandy Point','',1),(564,17,'San Salvador and Rum Cay','',1),(565,26,'Bhutan (general)','',1),(566,26,'Bumthang','',1),(567,26,'Chhukha','',1),(568,26,'Chirang','',1),(569,26,'Daga','',1),(570,26,'Geylegphug','',1),(571,26,'Ha','',1),(572,26,'Lhuntshi','',1),(573,26,'Mongar','',1),(574,26,'Paro District','',1),(575,26,'Pemagatsel','',1),(576,26,'Punakha','',1),(577,26,'Samchi','',1),(578,26,'Samdrup Jongkhar District','',1),(579,26,'Shemgang','',1),(580,26,'Tashigang','',1),(581,26,'Thimphu','',1),(582,26,'Tongsa','',1),(583,26,'Wangdi Phodrang','',1),(584,29,'Botswana (general)','',1),(585,29,'Central','',1),(586,29,'Chobe','',1),(587,29,'Ghanzi','',1),(588,29,'Kgalagadi','',1),(589,29,'Kgatleng','',1),(590,29,'Kweneng','',1),(591,29,'Ngamiland','',1),(592,29,'North East','',1),(593,29,'South East','',1),(594,29,'Southern','',1),(595,29,'North West','',1),(596,21,'Belarus (general)','',1),(597,21,'Brestskaya Voblastsʼ','',1),(598,21,'Homyelʼskaya Voblastsʼ','',1),(599,21,'Hrodzyenskaya Voblastsʼ','',1),(600,21,'Mahilyowskaya Voblastsʼ','',1),(601,21,'Horad Minsk','',1),(602,21,'Minskaya Voblastsʼ','',1),(603,21,'Vitsyebskaya Voblastsʼ','',1),(604,23,'Belize (general)','',1),(605,23,'Belize','',1),(606,23,'Cayo','',1),(607,23,'Corozal','',1),(608,23,'Orange Walk','',1),(609,23,'Stann Creek','',1),(610,23,'Toledo','',1),(611,39,'Canada (general)','',1),(612,39,'Alberta','AB',1),(613,39,'British Columbia','BC',1),(614,39,'Manitoba','MB',1),(615,39,'New Brunswick','NB',1),(616,39,'Newfoundland and Labrador','NL',1),(617,39,'Nova Scotia','NS',1),(618,39,'Ontario','ON',1),(619,39,'Prince Edward Island','PE',1),(620,39,'Quebec','QC',1),(621,39,'Saskatchewan','SK',1),(622,39,'Yukon Territory','YT',1),(623,39,'Northwest Territories','NT',1),(624,39,'Nunavut','NU',1),(625,47,'Cocos (Keeling) Islands (general)','',1),(626,51,'Congo, Democratic Republic of The (general)','',1),(627,51,'Bandundu','',1),(628,51,'Équateur','',1),(629,51,'Kasaï-Occidental','',1),(630,51,'Kasaï-Oriental','',1),(631,51,'Katanga','',1),(632,51,'Kinshasa','',1),(633,51,'Kivu Région du','',1),(634,51,'Bas-Congo','',1),(635,51,'Orientale','',1),(636,51,'Maniema','',1),(637,51,'Nord-Kivu','',1),(638,51,'Sud-Kivu','',1),(639,42,'Central African Republic (general)','',1),(640,42,'Bamingui-Bangoran','',1),(641,42,'Basse-Kotto','',1),(642,42,'Haute-Kotto','',1),(643,42,'Mambéré-Kadéï','',1),(644,42,'Haut-Mbomou','',1),(645,42,'Kémo','',1),(646,42,'Lobaye','',1),(647,42,'Mbomou','',1),(648,42,'Nana-Mambéré','',1),(649,42,'Ouaka','',1),(650,42,'Ouham','',1),(651,42,'Ouham-Pendé','',1),(652,42,'Vakaga','',1),(653,42,'Nana-Grébizi','',1),(654,42,'Sangha-Mbaéré','',1),(655,42,'Ombella-Mpoko','',1),(656,42,'Bangui','',1),(657,50,'Congo (general)','',1),(658,50,'Bouenza','',1),(659,50,'CF03','',1),(660,50,'Kouilou','',1),(661,50,'Lékoumou','',1),(662,50,'Likouala','',1),(663,50,'Niari','',1),(664,50,'Plateaux','',1),(665,50,'Sangha','',1),(666,50,'Pool','',1),(667,50,'Brazzaville','',1),(668,50,'Cuvette','',1),(669,50,'Cuvette-Ouest','',1),(670,211,'Switzerland (general)','',1),(671,211,'Aargau','',1),(672,211,'Appenzell Innerrhoden','',1),(673,211,'Appenzell Ausserrhoden','',1),(674,211,'Bern','',1),(675,211,'Basel-Landschaft','',1),(676,211,'Basel-Stadt','',1),(677,211,'Fribourg','',1),(678,211,'Genève','',1),(679,211,'Glarus','',1),(680,211,'Graubünden','',1),(681,211,'Jura','',1),(682,211,'Luzern','',1),(683,211,'Neuchâtel','',1),(684,211,'Nidwalden','',1),(685,211,'Obwalden','',1),(686,211,'Sankt Gallen','',1),(687,211,'Schaffhausen','',1),(688,211,'Solothurn','',1),(689,211,'Schwyz','',1),(690,211,'Thurgau','',1),(691,211,'Ticino','',1),(692,211,'Uri','',1),(693,211,'Vaud','',1),(694,211,'Valais','',1),(695,211,'Zug','',1),(696,211,'Zürich','',1),(697,54,'Côte d\'Ivoire (general)','',1),(698,54,'Valparaíso Region','',1),(699,54,'Antofagasta Region','',1),(700,54,'Araucanía Region','',1),(701,54,'Atacama Region','',1),(702,54,'Biobío Region','',1),(703,54,'Coquimbo Region','',1),(704,54,'Maule Region','',1),(705,54,'Santiago Metropolitan Region','',1),(706,54,'Danane','',1),(707,54,'Divo','',1),(708,54,'Ferkessedougou','',1),(709,54,'Gagnoa','',1),(710,54,'Katiola','',1),(711,54,'Korhogo','',1),(712,54,'Odienne','',1),(713,54,'Seguela','',1),(714,54,'Touba','',1),(715,54,'Bongouanou','',1),(716,54,'Issia','',1),(717,54,'Lakota','',1),(718,54,'Mankono','',1),(719,54,'Oume','',1),(720,54,'Soubre','',1),(721,54,'Tingrela','',1),(722,54,'Zuenoula','',1),(723,54,'(IV35)','',1),(724,54,'Bangolo','',1),(725,54,'Beoumi','',1),(726,54,'Bondoukou','',1),(727,54,'Bouafle','',1),(728,54,'Bouake','',1),(729,54,'Daloa','',1),(730,54,'Daoukro','',1),(731,54,'(IV43)','',1),(732,54,'Duekoue','',1),(733,54,'Grand-Lahou','',1),(734,54,'(IV46)','',1),(735,54,'Man','',1),(736,54,'Mbahiakro','',1),(737,54,'Sakassou','',1),(738,54,'San Pedro','',1),(739,54,'Sassandra','',1),(740,54,'Sinfra','',1),(741,54,'Tabou','',1),(742,54,'Tanda','',1),(743,54,'Tiassale','',1),(744,54,'Toumodi','',1),(745,54,'Vavoua','',1),(746,54,'(IV58)','',1),(747,54,'(IV59)','',1),(748,54,'(IV60)','',1),(749,54,'Abidjan','',1),(750,54,'Aboisso','',1),(751,54,'Adiake','',1),(752,54,'Alepe','',1),(753,54,'Bocanda','',1),(754,54,'Dabou','',1),(755,54,'Dimbokro','',1),(756,54,'Grand-Bassam','',1),(757,54,'Guiglo','',1),(758,54,'Jacqueville','',1),(759,54,'Tiebissou','',1),(760,54,'Toulepleu','',1),(761,54,'Yamoussoukro','',1),(762,54,'Agnéby','',1),(763,54,'Bafing','',1),(764,54,'Bas-Sassandra','',1),(765,54,'Denguélé','',1),(766,54,'Dix-Huit Montagnes','',1),(767,54,'Fromager','',1),(768,54,'Haut-Sassandra','',1),(769,54,'Lacs','',1),(770,54,'Lagunes','',1),(771,54,'Marahoué','',1),(772,54,'Moyen-Cavally','',1),(773,54,'Moyen-Comoé','',1),(774,54,'Nʼzi-Comoé','',1),(775,54,'Savanes','',1),(776,54,'Sud-Bandama','',1),(777,54,'Sud-Comoé','',1),(778,54,'Vallée du Bandama','',1),(779,54,'Worodougou','',1),(780,54,'Zanzan','',1),(781,52,'Cook Islands (general)','',1),(782,44,'Chile (general)','',1),(783,44,'Valparaíso','',1),(784,44,'Aisén del General Carlos Ibáñez del Campo','',1),(785,44,'Antofagasta','',1),(786,44,'Araucanía','',1),(787,44,'Atacama','',1),(788,44,'Bío-Bío','',1),(789,44,'Coquimbo','',1),(790,44,'Libertador General Bernardo O\'Higgins','',1),(791,44,'Los Lagos','',1),(792,44,'Magallanes y Antártica Chilena','',1),(793,44,'Maule','',1),(794,44,'Región Metropolitana','',1),(795,44,'Tarapacá','',1),(796,38,'Cameroon (general)','',1),(797,38,'Est','',1),(798,38,'Littoral','',1),(799,38,'North-West Province','',1),(800,38,'Ouest','',1),(801,38,'South-West Province','',1),(802,38,'Adamaoua','',1),(803,38,'Centre','',1),(804,38,'Extreme-Nord','',1),(805,38,'North Province','',1),(806,38,'South Province','',1),(807,45,'Paracel Islands (general)','',1),(808,45,'Anhui','',1),(809,45,'Zhejiang','',1),(810,45,'Jiangxi','',1),(811,45,'Nanjing','',1),(812,45,'Jilin','',1),(813,45,'Qinghai','',1),(814,45,'Fujian','',1),(815,45,'Heilongjiang','',1),(816,45,'Henan','',1),(817,45,'disputed','',1),(818,45,'Hebei','',1),(819,45,'Hunan Province','',1),(820,45,'Hubei','',1),(821,45,'Xinjiang','',1),(822,45,'Xizang','',1),(823,45,'Gansu','',1),(824,45,'Guangxi','',1),(825,45,'Guizhou','',1),(826,45,'Liaoning Province','',1),(827,45,'Nei Mongol','',1),(828,45,'Ningxia','',1),(829,45,'Beijing','',1),(830,45,'Shanghai','',1),(831,45,'Shanxi','',1),(832,45,'Shandong','',1),(833,45,'Shaanxi','',1),(834,45,'Tianjin','',1),(835,45,'Yunnan Province','',1),(836,45,'Guangdong','',1),(837,45,'Hainan Province','',1),(838,45,'Sichuan','',1),(839,45,'Chongqing','',1),(840,45,'PF99','',1),(841,48,'Colombia (general)','',1),(842,48,'Amazonas','',1),(843,48,'Antioquia','',1),(844,48,'Arauca','',1),(845,48,'Atlántico','',1),(846,48,'Bolívar','',1),(847,48,'Boyacá','',1),(848,48,'Caldas','',1),(849,48,'Caquetá','',1),(850,48,'Cauca','',1),(851,48,'Cesar','',1),(852,48,'Chocó','',1),(853,48,'Córdoba','',1),(854,48,'Guaviare','',1),(855,48,'Guainía','',1),(856,48,'Huila','',1),(857,48,'La Guajira','',1),(858,48,'Magdalena','',1),(859,48,'Meta','',1),(860,48,'Nariño','',1),(861,48,'Norte de Santander','',1),(862,48,'Putumayo','',1),(863,48,'Quindío','',1),(864,48,'Risaralda','',1),(865,48,'Archipiélago de San Andrés, Providencia y Santa Catalina','',1),(866,48,'Santander','',1),(867,48,'Sucre','',1),(868,48,'Tolima','',1),(869,48,'Valle del Cauca','',1),(870,48,'Vaupés','',1),(871,48,'Vichada','',1),(872,48,'Casanare','',1),(873,48,'Cundinamarca','',1),(874,48,'Distrito Capital','',1),(875,48,'Bolívar','',1),(876,48,'Boyacá','',1),(877,48,'Caldas','',1),(878,48,'Magdalena','',1),(879,53,'Costa Rica (general)','',1),(880,53,'Alajuela','',1),(881,53,'Cartago','',1),(882,53,'Guanacaste','',1),(883,53,'Heredia','',1),(884,53,'Limón','',1),(885,53,'Puntarenas','',1),(886,53,'San José','',1),(887,53,'Serbia and Montenegro (general)','',1),(888,53,'Crna Gora (Montenegro)','',1),(889,53,'Srbija (Serbia)','',1),(890,56,'Cuba (general)','',1),(891,56,'Pinar del Río','',1),(892,56,'Ciudad de La Habana','',1),(893,56,'Matanzas','',1),(894,56,'Isla de la Juventud','',1),(895,56,'Camagüey','',1),(896,56,'Ciego de Ávila','',1),(897,56,'Cienfuegos','',1),(898,56,'Granma','',1),(899,56,'Guantánamo','',1),(900,56,'La Habana','',1),(901,56,'Holguín','',1),(902,56,'Las Tunas','',1),(903,56,'Sancti Spíritus','',1),(904,56,'Santiago de Cuba','',1),(905,56,'Villa Clara','',1),(906,40,'Cape Verde (general)','',1),(907,40,'Boa Vista','',1),(908,40,'Brava','',1),(909,40,'Fogo Concelho do','',1),(910,40,'Maio','',1),(911,40,'Paul','',1),(912,40,'Praia','',1),(913,40,'Ribeira Grande','',1),(914,40,'Sal','',1),(915,40,'Santa Catarina','',1),(916,40,'São Nicolau','',1),(917,40,'São Vicente','',1),(918,40,'Tarrafal','',1),(919,40,'Mosteiros','',1),(920,40,'Praia','',1),(921,40,'Santa Catarina','',1),(922,40,'Santa Cruz','',1),(923,40,'São Domingos','',1),(924,40,'São Filipe','',1),(925,40,'São Miguel','',1),(926,40,'Tarrafal','',1),(927,46,'Christmas Island (general)','',1),(928,57,'Cyprus (general)','',1),(929,57,'Famagusta','',1),(930,57,'Kyrenia','',1),(931,57,'Larnaca','',1),(932,57,'Nicosia','',1),(933,57,'Limassol','',1),(934,57,'Paphos','',1),(935,58,'Czech Republic (general)','',1),(936,58,'Hradec Kralove','',1),(937,58,'Jablonec nad Nisou','',1),(938,58,'Jiein','',1),(939,58,'Jihlava','',1),(940,58,'Kolin','',1),(941,58,'Liberec','',1),(942,58,'Melnik','',1),(943,58,'Mlada Boleslav','',1),(944,58,'Nachod','',1),(945,58,'Nymburk','',1),(946,58,'Pardubice','',1),(947,58,'Hlavní Mesto Praha','',1),(948,58,'Semily','',1),(949,58,'Trutnov','',1),(950,58,'(EZ73)','',1),(951,58,'South Moravian Region','',1),(952,58,'Jihočeský Kraj','',1),(953,58,'Vysočina','',1),(954,58,'Karlovarský Kraj','',1),(955,58,'Královéhradecký Kraj','',1),(956,58,'Liberecký Kraj','',1),(957,58,'Olomoucký Kraj','',1),(958,58,'Moravskoslezský Kraj','',1),(959,58,'Pardubický Kraj','',1),(960,58,'Plzeňský Kraj','',1),(961,58,'Středočeský Kraj','',1),(962,58,'Ústecký Kraj','',1),(963,58,'Zlínský Kraj','',1),(964,81,'Germany (general)','',1),(965,81,'Baden-Württemberg','',1),(966,81,'Bavaria','',1),(967,81,'Bremen','',1),(968,81,'Hamburg','',1),(969,81,'Hessen','',1),(970,81,'Niedersachsen','',1),(971,81,'Nordrhein-Westfalen','',1),(972,81,'Rheinland-Pfalz','',1),(973,81,'Saarland','',1),(974,81,'Schleswig-Holstein','',1),(975,81,'Brandenburg','',1),(976,81,'Mecklenburg-Vorpommern','',1),(977,81,'Sachsen','',1),(978,81,'Sachsen-Anhalt','',1),(979,81,'Thüringen','',1),(980,81,'Berlin','',1),(981,60,'Djibouti (general)','',1),(982,60,'Ali Sabieh','',1),(983,60,'Dikhil','',1),(984,60,'Djibouti','',1),(985,60,'Obock','',1),(986,60,'Tadjourah','',1),(987,60,'Dikhil','',1),(988,60,'Djibouti','',1),(989,60,'Arta','',1),(990,59,'Århus','',1),(991,59,'Bornholm','',1),(992,59,'Frederiksborg','',1),(993,59,'Fyn','',1),(994,59,'Copenhagen city','',1),(995,59,'København','',1),(996,59,'Nordjylland','',1),(997,59,'Ribe','',1),(998,59,'Ringkøbing','',1),(999,59,'Roskilde','',1),(1000,59,'Sønderjylland','',1),(1001,59,'Storstrøm','',1),(1002,59,'Vejle','',1),(1003,59,'Vestsjælland','',1),(1004,59,'Viborg','',1),(1005,59,'Fredriksberg','',1),(1006,59,'Region Hovedstaden','',1),(1007,59,'Region Midtjylland','',1),(1008,59,'Region Nordjylland','',1),(1009,59,'Region Sjæland','',1),(1010,59,'Region Syddanmark','',1),(1011,61,'Dominica (general)','',1),(1012,61,'Saint Andrew','',1),(1013,61,'Saint David','',1),(1014,61,'Saint George','',1),(1015,61,'Saint John','',1),(1016,61,'Saint Joseph','',1),(1017,61,'Saint Luke','',1),(1018,61,'Saint Mark','',1),(1019,61,'Saint Patrick','',1),(1020,61,'Saint Paul','',1),(1021,61,'Saint Peter','',1),(1022,62,'Dominican Republic (general)','',1),(1023,62,'Azua','',1),(1024,62,'Baoruco','',1),(1025,62,'Barahona','',1),(1026,62,'Dajabón','',1),(1027,62,'Duarte','',1),(1028,62,'Espaillat','',1),(1029,62,'Independencia','',1),(1030,62,'La Altagracia','',1),(1031,62,'Elías Piña','',1),(1032,62,'La Romana','',1),(1033,62,'María Trinidad Sánchez','',1),(1034,62,'Monte Cristi','',1),(1035,62,'Pedernales','',1),(1036,62,'Puerto Plata','',1),(1037,62,'Salcedo','',1),(1038,62,'Samaná','',1),(1039,62,'Sánchez Ramírez','',1),(1040,62,'San Juan','',1),(1041,62,'San Pedro de Macorís','',1),(1042,62,'Santiago','',1),(1043,62,'Santiago Rodríguez','',1),(1044,62,'Valverde','',1),(1045,62,'El Seíbo','',1),(1046,62,'Hato Mayor','',1),(1047,62,'La Vega','',1),(1048,62,'Monseñor Nouel','',1),(1049,62,'Monte Plata','',1),(1050,62,'San Cristóbal','',1),(1051,62,'Distrito Nacional','',1),(1052,62,'Peravia','',1),(1053,62,'Provincia de San José de Ocoa','',1),(1054,62,'Provincia de Santo Domingo','',1),(1055,4,'Algeria (general)','',1),(1056,4,'Alger','',1),(1057,4,'Batna','',1),(1058,4,'Constantine','',1),(1059,4,'Médéa','',1),(1060,4,'Mostaganem','',1),(1061,4,'Oran','',1),(1062,4,'Saïda','',1),(1063,4,'Sétif','',1),(1064,4,'Tiaret','',1),(1065,4,'Tizi Ouzou','',1),(1066,4,'Tlemcen','',1),(1067,4,'Bejaïa','',1),(1068,4,'Biskra','',1),(1069,4,'Blida','',1),(1070,4,'Bouira','',1),(1071,4,'Djelfa','',1),(1072,4,'Guelma','',1),(1073,4,'Jijel','',1),(1074,4,'Laghouat','',1),(1075,4,'Mascara','',1),(1076,4,'Mʼsila','',1),(1077,4,'Oum el Bouaghi','',1),(1078,4,'Sidi Bel Abbès','',1),(1079,4,'Skikda','',1),(1080,4,'Tébessa','',1),(1081,4,'Adrar','',1),(1082,4,'Aïn Defla','',1),(1083,4,'Aïn Temouchent','',1),(1084,4,'Annaba','',1),(1085,4,'Béchar','',1),(1086,4,'Bordj Bou Arréridj','',1),(1087,4,'Boumerdes','',1),(1088,4,'Chlef','',1),(1089,4,'El Bayadh','',1),(1090,4,'El Oued','',1),(1091,4,'El Tarf','',1),(1092,4,'Ghardaïa','',1),(1093,4,'Illizi','',1),(1094,4,'Khenchela','',1),(1095,4,'Mila','',1),(1096,4,'Naama','',1),(1097,4,'Ouargla','',1),(1098,4,'Relizane','',1),(1099,4,'Souk Ahras','',1),(1100,4,'Tamanghasset','',1),(1101,4,'Tindouf','',1),(1102,4,'Tipaza','',1),(1103,4,'Tissemsilt','',1),(1104,63,'Ecuador (general)','',1),(1105,63,'Galápagos','',1),(1106,63,'Azuay','',1),(1107,63,'Bolívar','',1),(1108,63,'Cañar','',1),(1109,63,'Carchi','',1),(1110,63,'Chimborazo','',1),(1111,63,'Cotopaxi','',1),(1112,63,'El Oro','',1),(1113,63,'Esmeraldas','',1),(1114,63,'Guayas','',1),(1115,63,'Imbabura','',1),(1116,63,'Loja','',1),(1117,63,'Los Ríos','',1),(1118,63,'Manabí','',1),(1119,63,'Morona-Santiago','',1),(1120,63,'Napo','',1),(1121,63,'Pastaza','',1),(1122,63,'Pichincha','',1),(1123,63,'Tungurahua','',1),(1124,63,'Zamora-Chinchipe','',1),(1125,63,'Sucumbios','',1),(1126,63,'Napo','',1),(1127,63,'Orellana','',1),(1128,68,'Estonia (general)','',1),(1129,68,'Harjumaa','',1),(1130,68,'Hiiumaa','',1),(1131,68,'Ida-Virumaa','',1),(1132,68,'Järvamaa','',1),(1133,68,'Jõgevamaa','',1),(1134,68,'Läänemaa','',1),(1135,68,'Lääne-Virumaa','',1),(1136,68,'Pärnumaa','',1),(1137,68,'Põlvamaa','',1),(1138,68,'Raplamaa','',1),(1139,68,'Saaremaa','',1),(1140,68,'Tartumaa','',1),(1141,68,'Valgamaa','',1),(1142,68,'Viljandimaa','',1),(1143,68,'Võrumaa','',1),(1144,64,'Egypt (general)','',1),(1145,64,'Ad Daqahlīyah','',1),(1146,64,'Al Baḩr al Aḩmar','',1),(1147,64,'Al Buḩayrah','',1),(1148,64,'Al Fayyūm','',1),(1149,64,'Al Gharbīyah','',1),(1150,64,'Alexandria','',1),(1151,64,'Al Ismā‘īlīyah','',1),(1152,64,'Al Jīzah','',1),(1153,64,'Al Minūfīyah','',1),(1154,64,'Al Minyā','',1),(1155,64,'Al Qāhirah','',1),(1156,64,'Al Qalyūbīyah','',1),(1157,64,'Al Wādī al Jadīd','',1),(1158,64,'Ash Sharqīyah','',1),(1159,64,'As Suways','',1),(1160,64,'Aswān','',1),(1161,64,'Asyūţ','',1),(1162,64,'Banī Suwayf','',1),(1163,64,'Būr Sa‘īd','',1),(1164,64,'Dumyāţ','',1),(1165,64,'Kafr ash Shaykh','',1),(1166,64,'Maţrūḩ','',1),(1167,64,'Qinā','',1),(1168,64,'Sūhāj','',1),(1169,64,'Janūb Sīnāʼ','',1),(1170,64,'Shamāl Sīnāʼ','',1),(1171,241,'Western Sahara (general)','',1),(1172,67,'Eritrea (general)','',1),(1173,67,'Ānseba','',1),(1174,67,'Debub','',1),(1175,67,'Debubawī Kʼeyih Bahrī','',1),(1176,67,'Gash Barka','',1),(1177,67,'Maʼākel','',1),(1178,67,'Semēnawī Kʼeyih Bahrī','',1),(1179,204,'Spain (general)','',1),(1180,204,'Balearic Islands','',1),(1181,204,'La Rioja','',1),(1182,204,'(SP28)','',1),(1183,204,'Autonomous Region of Madrid','',1),(1184,204,'Murcia','',1),(1185,204,'Autonomous Region of Navarre','',1),(1186,204,'Principality of Asturias','',1),(1187,204,'Cantabria','',1),(1188,204,'Andalusia','',1),(1189,204,'Aragon','',1),(1190,204,'Canary Islands','',1),(1191,204,'Castille-La Mancha','',1),(1192,204,'Castille and León','',1),(1193,204,'Catalonia','',1),(1194,204,'Estremadura','',1),(1195,204,'Galicia','',1),(1196,204,'Basque Country','',1),(1197,204,'Valencian Community','',1),(1198,69,'Ethiopia (general)','',1),(1199,69,'Arsi','',1),(1200,69,'Gonder','',1),(1201,69,'Bale','',1),(1202,69,'Eritrea','',1),(1203,69,'Gamo Gofa','',1),(1204,69,'Gojam','',1),(1205,69,'Harerge','',1),(1206,69,'Ilubabor','',1),(1207,69,'Kefa','',1),(1208,69,'Addis Abeba','',1),(1209,69,'Sidamo','',1),(1210,69,'Tigray','',1),(1211,69,'Welega Kifle Hāger','',1),(1212,69,'Welo','',1),(1213,69,'Adis Abeba','',1),(1214,69,'Asosa','',1),(1215,69,'Borena','',1),(1216,69,'Debub Gonder','',1),(1217,69,'Debub Shewa','',1),(1218,69,'Debub Welo','',1),(1219,69,'Dire Dawa','',1),(1220,69,'Gambela','',1),(1221,69,'Metekel','',1),(1222,69,'Mirab Gojam','',1),(1223,69,'Mirab Harerge','',1),(1224,69,'Mirab Shewa','',1),(1225,69,'Misrak Gojam','',1),(1226,69,'Misrak Harerge','',1),(1227,69,'Nazret','',1),(1228,69,'Ogaden','',1),(1229,69,'Omo','',1),(1230,69,'Semen Gonder','',1),(1231,69,'Semen Shewa','',1),(1232,69,'Semen Welo','',1),(1233,69,'Tigray','',1),(1234,69,'Bale','',1),(1235,69,'Gamo Gofa','',1),(1236,69,'Ilubabor','',1),(1237,69,'Kefa','',1),(1238,69,'Sidamo','',1),(1239,69,'Welega','',1),(1240,69,'Ādīs Ābeba','',1),(1241,69,'Āfar','',1),(1242,69,'Āmara','',1),(1243,69,'Bīnshangul Gumuz','',1),(1244,69,'Dirē Dawa','',1),(1245,69,'Gambēla Hizboch','',1),(1246,69,'Hārerī Hizb','',1),(1247,69,'Oromīya','',1),(1248,69,'Sumalē','',1),(1249,69,'Tigray','',1),(1250,69,'YeDebub Bihēroch Bihēreseboch na Hizboch','',1),(1251,73,'Finland (general)','',1),(1252,73,'Province of Åland','',1),(1253,73,'Hame','',1),(1254,73,'Keski-Suomi','',1),(1255,73,'Kuopio','',1),(1256,73,'Kymi','',1),(1257,73,'Lappi','',1),(1258,73,'Mikkeli','',1),(1259,73,'Province of Oulu','',1),(1260,73,'Pohjois-Karjala','',1),(1261,73,'Turku ja Pori','',1),(1262,73,'Uusimaa','',1),(1263,73,'Vaasa','',1),(1264,73,'Etelä-Suomen Lääni','',1),(1265,73,'Itä-Suomen Lääni','',1),(1266,73,'Länsi-Suomen Lääni','',1),(1267,72,'Fiji (general)','',1),(1268,72,'Central','',1),(1269,72,'Eastern','',1),(1270,72,'Northern','',1),(1271,72,'Rotuma','',1),(1272,72,'Western','',1),(1273,70,'Falkland Islands (Islas Malvinas) (general)','',1),(1274,143,'Micronesia, Federated States of (general)','',1),(1275,143,'Kosrae','',1),(1276,143,'Pohnpei','',1),(1277,143,'Chuuk','',1),(1278,143,'Yap','',1),(1279,143,'','',1),(1280,71,'Faroe Islands','',1),(1281,74,'France (general)','',1),(1282,74,'Aquitaine','',1),(1283,74,'Auvergne','',1),(1284,74,'Basse-Normandie','',1),(1285,74,'Bourgogne','',1),(1286,74,'Brittany','',1),(1287,74,'Centre','',1),(1288,74,'Champagne-Ardenne','',1),(1289,74,'Corsica','',1),(1290,74,'Franche-Comté','',1),(1291,74,'Haute-Normandie','',1),(1292,74,'Île-de-France','',1),(1293,74,'Languedoc-Roussillon','',1),(1294,74,'Limousin','',1),(1295,74,'Lorraine','',1),(1296,74,'Midi-Pyrénées','',1),(1297,74,'Nord-Pas-de-Calais','',1),(1298,74,'Pays de la Loire','',1),(1299,74,'Picardie','',1),(1300,74,'Poitou-Charentes','',1),(1301,74,'Provence-Alpes-Côte d\'Azur','',1),(1302,74,'Rhône-Alpes','',1),(1303,74,'Alsace','',1),(1304,78,'Gabon (general)','',1),(1305,78,'Estuaire','',1),(1306,78,'Haut-Ogooué','',1),(1307,78,'Moyen-Ogooué','',1),(1308,78,'Ngounié','',1),(1309,78,'Nyanga','',1),(1310,78,'Ogooué-Ivindo','',1),(1311,78,'Ogooué-Lolo','',1),(1312,78,'Ogooué-Maritime','',1),(1313,78,'Woleu-Ntem','',1),(1314,230,'Estuaire Province','',1),(1315,230,'Ogooué-Maritime Province','',1),(1316,230,'(UK11)','',1),(1317,230,'(UK12)','',1),(1318,230,'(UK13)','',1),(1319,230,'Greater London','',1),(1320,230,'(UK19)','',1),(1321,230,'(UK29)','',1),(1322,230,'(UK32)','',1),(1323,230,'(UK36)','',1),(1324,230,'(UK52)','',1),(1325,230,'(UK64)','',1),(1326,230,'(UK80)','',1),(1327,230,'(UK81)','',1),(1328,230,'Grampian','',1),(1329,230,'(UK83)','',1),(1330,230,'Lothian','',1),(1331,230,'(UK85)','',1),(1332,230,'(UK86)','',1),(1333,230,'Strathclyde','',1),(1334,230,'Tayside','',1),(1335,230,'(UK89)','',1),(1336,230,'Clwyd','',1),(1337,230,'Dyfed','',1),(1338,230,'Gwent','',1),(1339,230,'(UK93)','',1),(1340,230,'South Glamorgan','',1),(1341,230,'London Borough of Barking and Dagenham','',1),(1342,230,'London Borough of Barnet','',1),(1343,230,'Barnsley','',1),(1344,230,'Bath and North East Somerset','',1),(1345,230,'Bedfordshire','',1),(1346,230,'Bexley','',1),(1347,230,'Birmingham','',1),(1348,230,'Blackburn with Darwen','',1),(1349,230,'Blackpool','',1),(1350,230,'Bolton','',1),(1351,230,'Bournemouth','',1),(1352,230,'Bracknell Forest','',1),(1353,230,'Bradford','',1),(1354,230,'Brent','',1),(1355,230,'Brighton and Hove','',1),(1356,230,'City of Bristol','',1),(1357,230,'Bromley','',1),(1358,230,'Buckinghamshire','',1),(1359,230,'Bury','',1),(1360,230,'Calderdale','',1),(1361,230,'Cambridgeshire','',1),(1362,230,'London Borough of Camden','',1),(1363,230,'Cheshire','',1),(1364,230,'Cornwall','',1),(1365,230,'Coventry','',1),(1366,230,'London Borough of Croydon','',1),(1367,230,'Cumbria','',1),(1368,230,'Darlington','',1),(1369,230,'Derby','',1),(1370,230,'Derbyshire','',1),(1371,230,'Devon','',1),(1372,230,'Doncaster','',1),(1373,230,'Dorset','',1),(1374,230,'Dudley','',1),(1375,230,'Durham','',1),(1376,230,'Ealing','',1),(1377,230,'East Riding of Yorkshire','',1),(1378,230,'East Sussex','',1),(1379,230,'London Borough of Enfield','',1),(1380,230,'Essex','',1),(1381,230,'Gateshead','',1),(1382,230,'Gloucestershire','',1),(1383,230,'London Borough of Greenwich','',1),(1384,230,'London Borough of Hackney','',1),(1385,230,'Halton','',1),(1386,230,'London Borough of Hammersmith and Fulham','',1),(1387,230,'Hampshire','',1),(1388,230,'Haringey','',1),(1389,230,'Harrow','',1),(1390,230,'Hartlepool','',1),(1391,230,'London Borough of Havering','',1),(1392,230,'Herefordshire','',1),(1393,230,'Hertfordshire','',1),(1394,230,'Hillingdon','',1),(1395,230,'Hounslow','',1),(1396,230,'Isle of Wight','',1),(1397,230,'London Borough of Islington','',1),(1398,230,'Kensington and Chelsea','',1),(1399,230,'Kent','',1),(1400,230,'City of Kingston upon Hull','',1),(1401,230,'Kingston upon Thames','',1),(1402,230,'Kirklees','',1),(1403,230,'Knowsley','',1),(1404,230,'London Borough of Lambeth','',1),(1405,230,'Lancashire','',1),(1406,230,'Leeds','',1),(1407,230,'Leicester','',1),(1408,230,'Leicestershire','',1),(1409,230,'London Borough of Lewisham','',1),(1410,230,'Lincolnshire','',1),(1411,230,'Liverpool','',1),(1412,230,'City of London','',1),(1413,230,'Luton','',1),(1414,230,'Manchester','',1),(1415,230,'Medway','',1),(1416,230,'London Borough of Merton','',1),(1417,230,'Middlesbrough','',1),(1418,230,'Milton Keynes','',1),(1419,230,'Newcastle upon Tyne','',1),(1420,230,'Newham','',1),(1421,230,'Norfolk','',1),(1422,230,'Isles of Scilly','',1),(1423,230,'Northamptonshire','',1),(1424,230,'North East Lincolnshire','',1),(1425,230,'North Lincolnshire','',1),(1426,230,'North Somerset','',1),(1427,230,'North Tyneside','',1),(1428,230,'Northumberland','',1),(1429,230,'North Yorkshire','',1),(1430,230,'Nottingham','',1),(1431,230,'Nottinghamshire','',1),(1432,230,'Oldham','',1),(1433,230,'Oxfordshire','',1),(1434,230,'Peterborough','',1),(1435,230,'Plymouth','',1),(1436,230,'Poole','',1),(1437,230,'Portsmouth','',1),(1438,230,'Reading','',1),(1439,230,'London Borough of Redbridge','',1),(1440,230,'Redcar and Cleveland','',1),(1441,230,'London Borough of Richmond upon Thames','',1),(1442,230,'Rochdale','',1),(1443,230,'Rotherham','',1),(1444,230,'Rutland','',1),(1445,230,'Salford','',1),(1446,230,'Shropshire','',1),(1447,230,'Sandwell','',1),(1448,230,'Sefton','',1),(1449,230,'Sheffield','',1),(1450,230,'Slough','',1),(1451,230,'Solihull','',1),(1452,230,'Somerset','',1),(1453,230,'Southampton','',1),(1454,230,'Southend-on-Sea','',1),(1455,230,'South Gloucestershire','',1),(1456,230,'South Tyneside','',1),(1457,230,'Southwark','',1),(1458,230,'Staffordshire','',1),(1460,230,'Stockport','',1),(1461,230,'Stockton-on-Tees','',1),(1462,230,'Stoke-on-Trent','',1),(1463,230,'Suffolk','',1),(1464,230,'Sunderland','',1),(1465,230,'Surrey','',1),(1466,230,'Sutton','',1),(1467,230,'Swindon','',1),(1468,230,'Tameside','',1),(1469,230,'Telford and Wrekin','',1),(1470,230,'Thurrock','',1),(1471,230,'Torbay','',1),(1472,230,'Tower Hamlets','',1),(1473,230,'Trafford','',1),(1474,230,'Wakefield','',1),(1475,230,'Walsall','',1),(1476,230,'London Borough of Waltham Forest','',1),(1477,230,'Wandsworth','',1),(1478,230,'Warrington','',1),(1479,230,'Warwickshire','',1),(1480,230,'West Berkshire','',1),(1481,230,'Westminster','',1),(1482,230,'West Sussex','',1),(1483,230,'Wigan','',1),(1484,230,'Wiltshire','',1),(1485,230,'Windsor and Maidenhead','',1),(1486,230,'Wirral','',1),(1487,230,'Wokingham','',1),(1488,230,'Wolverhampton','',1),(1489,230,'Worcestershire','',1),(1490,230,'York City','',1),(1491,230,'Antrim','',1),(1492,230,'Ards','',1),(1493,230,'Armagh','',1),(1494,230,'Ballymena','',1),(1495,230,'Ballymoney','',1),(1496,230,'Banbridge','',1),(1497,230,'Belfast','',1),(1498,230,'Carrickfergus','',1),(1499,230,'Castlereagh','',1),(1500,230,'Coleraine','',1),(1501,230,'Cookstown','',1),(1502,230,'Craigavon','',1),(1503,230,'Down','',1),(1504,230,'Dungannon','',1),(1505,230,'Fermanagh','',1),(1506,230,'Larne','',1),(1507,230,'Limavady','',1),(1508,230,'Lisburn','',1),(1509,230,'Londonderry','',1),(1510,230,'Magherafelt','',1),(1511,230,'Moyle','',1),(1512,230,'Newry and Mourne','',1),(1513,230,'Newtownabbey','',1),(1514,230,'North Down','',1),(1515,230,'Omagh','',1),(1516,230,'Strabane','',1),(1517,230,'Aberdeen City','',1),(1518,230,'Aberdeenshire','',1),(1519,230,'Angus','',1),(1520,230,'Argyll and Bute','',1),(1521,230,'The Scottish Borders','',1),(1522,230,'Clackmannanshire','',1),(1523,230,'Dumfries and Galloway','',1),(1524,230,'Dundee City','',1),(1525,230,'East Ayrshire','',1),(1526,230,'East Dunbartonshire','',1),(1527,230,'East Lothian','',1),(1528,230,'East Renfrewshire','',1),(1529,230,'City of Edinburgh','',1),(1530,230,'Falkirk','',1),(1531,230,'Fife','',1),(1532,230,'Glasgow City','',1),(1533,230,'Highland','',1),(1534,230,'Inverclyde','',1),(1535,230,'Midlothian','',1),(1536,230,'Moray','',1),(1537,230,'North Ayrshire','',1),(1538,230,'North Lanarkshire','',1),(1539,230,'Orkney','',1),(1540,230,'Perth and Kinross','',1),(1541,230,'Renfrewshire','',1),(1542,230,'Shetland','',1),(1543,230,'South Ayrshire','',1),(1544,230,'South Lanarkshire','',1),(1545,230,'Stirling','',1),(1546,230,'West Dunbartonshire','',1),(1547,230,'Western Isles','',1),(1548,230,'West Lothian','',1),(1549,230,'Isle of Anglesey','',1),(1550,230,'County Borough of Blaenau Gwent','',1),(1551,230,'County Borough of Bridgend','',1),(1552,230,'Caerphilly','',1),(1553,230,'City and County of Cardiff','',1),(1554,230,'Cardiganshire','',1),(1555,230,'Carmarthenshire','',1),(1556,230,'County Borough of Conwy','',1),(1557,230,'Denbighshire','',1),(1558,230,'Flintshire','',1),(1559,230,'Gwynedd','',1),(1560,230,'Merthyr Tydfil','',1),(1561,230,'County of Monmouthshire','',1),(1562,230,'County Borough of Neath Port Talbot','',1),(1563,230,'County Borough of Newport','',1),(1564,230,'County of Pembrokeshire','',1),(1565,230,'Powys','',1),(1566,230,'County Borough of Rhondda Cynon Taff','',1),(1567,230,'Swansea','',1),(1568,230,'Torfaen','',1),(1569,230,'Vale of Glamorgan','',1),(1570,230,'Wrexham','',1),(1571,86,'Grenada (general)','',1),(1572,86,'Saint Andrew','',1),(1573,86,'Saint David','',1),(1574,86,'Saint George','',1),(1575,86,'Saint John','',1),(1576,86,'Saint Mark','',1),(1577,86,'Saint Patrick','',1),(1578,80,'Georgia (general)','',1),(1579,80,'Abashis Raioni','',1),(1580,80,'Abkhazia [provisional]','',1),(1581,80,'Adigenis Raioni','',1),(1582,80,'Ajaria','',1),(1583,80,'Akhalgoris Raioni','',1),(1584,80,'Akhalkʼalakʼis Raioni','',1),(1585,80,'Akhaltsʼikhis Raioni','',1),(1586,80,'Akhmetis Raioni','',1),(1587,80,'Ambrolauris Raioni','',1),(1588,80,'Aspindzis Raioni','',1),(1589,80,'Baghdatʼis Raioni','',1),(1590,80,'Bolnisis Raioni','',1),(1591,80,'Borjomis Raioni','',1),(1592,80,'Chiat\'ura','',1),(1593,80,'Chʼkhorotsqus Raioni','',1),(1594,80,'Chʼokhatauris Raioni','',1),(1595,80,'Dedopʼlistsqaros Raioni','',1),(1596,80,'Dmanisis Raioni','',1),(1597,80,'Dushetʼis Raioni','',1),(1598,80,'Gardabanis Raioni','',1),(1599,80,'Gori','',1),(1600,80,'Goris Raioni','',1),(1601,80,'Gurjaanis Raioni','',1),(1602,80,'Javis Raioni','',1),(1603,80,'Kʼarelis Raioni','',1),(1604,80,'Kaspis Raioni','',1),(1605,80,'Kharagaulis Raioni','',1),(1606,80,'Khashuris Raioni','',1),(1607,80,'Khobis Raioni','',1),(1608,80,'Khonis Raioni','',1),(1609,80,'K\'ut\'aisi','',1),(1610,80,'Lagodekhis Raioni','',1),(1611,80,'Lanchʼkhutʼis Raioni','',1),(1612,80,'Lentekhis Raioni','',1),(1613,80,'Marneulis Raioni','',1),(1614,80,'Martvilis Raioni','',1),(1615,80,'Mestiis Raioni','',1),(1616,80,'Mtsʼkhetʼis Raioni','',1),(1617,80,'Ninotsmindis Raioni','',1),(1618,80,'Onis Raioni','',1),(1619,80,'Ozurgetʼis Raioni','',1),(1620,80,'P\'ot\'i','',1),(1621,80,'Qazbegis Raioni','',1),(1622,80,'Qvarlis Raioni','',1),(1623,80,'Rust\'avi','',1),(1624,80,'Sachʼkheris Raioni','',1),(1625,80,'Sagarejos Raioni','',1),(1626,80,'Samtrediis Raioni','',1),(1627,80,'Senakis Raioni','',1),(1628,80,'Sighnaghis Raioni','',1),(1629,80,'T\'bilisi','',1),(1630,80,'Tʼelavis Raioni','',1),(1631,80,'Tʼerjolis Raioni','',1),(1632,80,'Tʼetʼritsqaros Raioni','',1),(1633,80,'Tʼianetʼis Raioni','',1),(1634,80,'Tqibuli','',1),(1635,80,'Tsʼageris Raioni','',1),(1636,80,'Tsalenjikhis Raioni','',1),(1637,80,'Tsalkis Raioni','',1),(1638,80,'Tsqaltubo','',1),(1639,80,'Vanis Raioni','',1),(1640,80,'Zestapʼonis Raioni','',1),(1641,80,'Zugdidi','',1),(1642,80,'Zugdidis Raioni','',1),(1643,75,'French Guiana','',1),(1644,82,'Ghana (general)','',1),(1645,82,'Greater Accra','',1),(1646,82,'Ashanti','',1),(1647,82,'Brong-Ahafo Region','',1),(1648,82,'Central','',1),(1649,82,'Eastern','',1),(1650,82,'Northern','',1),(1651,82,'Volta','',1),(1652,82,'Western','',1),(1653,82,'Upper East','',1),(1654,82,'Upper West','',1),(1655,83,'Gibraltar (general)','',1),(1656,85,'Greenland (general)','',1),(1657,85,'Nordgrønland','',1),(1658,85,'Østgrønland','',1),(1659,85,'Vestgrønland','',1),(1660,79,'Gambia, The (general)','',1),(1661,79,'Banjul','',1),(1662,79,'Lower River','',1),(1663,79,'Central River','',1),(1664,79,'Upper River','',1),(1665,79,'Western','',1),(1666,79,'North Bank','',1),(1667,91,'Guinea (general)','',1),(1668,91,'Beyla','',1),(1669,91,'Boffa','',1),(1670,91,'Boké','',1),(1671,91,'Conakry','',1),(1672,91,'Dabola','',1),(1673,91,'Dalaba','',1),(1674,91,'Dinguiraye','',1),(1675,91,'(GV08)','',1),(1676,91,'Faranah','',1),(1677,91,'Forécariah','',1),(1678,91,'Fria','',1),(1679,91,'Gaoual','',1),(1680,91,'Guéckédou','',1),(1681,91,'(GV14)','',1),(1682,91,'Kérouané','',1),(1683,91,'Kindia','',1),(1684,91,'Kissidougou','',1),(1685,91,'Koundara','',1),(1686,91,'Kouroussa','',1),(1687,91,'(GV20)','',1),(1688,91,'Macenta','',1),(1689,91,'Mali','',1),(1690,91,'Mamou','',1),(1691,91,'(GV24)','',1),(1692,91,'Pita','',1),(1693,91,'(GV26)','',1),(1694,91,'Télimélé','',1),(1695,91,'Tougué','',1),(1696,91,'Yomou','',1),(1697,91,'Coyah','',1),(1698,91,'Dubréka','',1),(1699,91,'Kankan','',1),(1700,91,'Koubia','',1),(1701,91,'Labé','',1),(1702,91,'Lélouma','',1),(1703,91,'Lola','',1),(1704,91,'Mandiana','',1),(1705,91,'Nzérékoré','',1),(1706,91,'Siguiri','',1),(1707,87,'Department of Guadeloupe','',1),(1708,66,'Equatorial Guinea (general)','',1),(1709,66,'Annobón','',1),(1710,66,'Bioko Norte','',1),(1711,66,'Bioko Sur','',1),(1712,66,'Centro Sur','',1),(1713,66,'Kié-Ntem','',1),(1714,66,'Litoral','',1),(1715,66,'Wele-Nzas','',1),(1716,84,'Piraiós Nomós','',1),(1717,84,'Évros','',1),(1718,84,'Rodópi','',1),(1719,84,'Xánthi','',1),(1720,84,'Dráma','',1),(1721,84,'Sérrai','',1),(1722,84,'Kilkís','',1),(1723,84,'Pélla','',1),(1724,84,'Flórina','',1),(1725,84,'Kastoriá','',1),(1726,84,'Grevená','',1),(1727,84,'Kozáni','',1),(1728,84,'Imathía','',1),(1729,84,'Thessaloníki','',1),(1730,84,'Kavála','',1),(1731,84,'Chalcidice','',1),(1732,84,'Piería','',1),(1733,84,'Ioánnina','',1),(1734,84,'Thesprotia','',1),(1735,84,'Préveza','',1),(1736,84,'Árta','',1),(1737,84,'Lárisa','',1),(1738,84,'Tríkala','',1),(1739,84,'Kardítsa','',1),(1740,84,'Magnisía','',1),(1741,84,'Kérkyra','',1),(1742,84,'Lefkás','',1),(1743,84,'Kefallinía','',1),(1744,84,'Zákynthos','',1),(1745,84,'Phthiotis','',1),(1746,84,'Evrytanía','',1),(1747,84,'Aitolía kai Akarnanía','',1),(1748,84,'Phocis','',1),(1749,84,'Voiotía','',1),(1750,84,'Évvoia','',1),(1751,84,'Attikí','',1),(1752,84,'Argolís','',1),(1753,84,'Korinthía','',1),(1754,84,'Achaḯa','',1),(1755,84,'Ileía','',1),(1756,84,'Messenia','',1),(1757,84,'Arcadia','',1),(1758,84,'Laconia','',1),(1759,84,'Chaníon','',1),(1760,84,'Rethýmnis','',1),(1761,84,'Irákleion','',1),(1762,84,'Lasíthi','',1),(1763,84,'Dodekánisos','',1),(1764,84,'Sámos','',1),(1765,84,'Kykládes','',1),(1766,84,'Chíos','',1),(1767,84,'Lésvos','',1),(1768,203,'South Georgia and The South Sandwich Islands (general)','',1),(1769,89,'Guatemala (general)','',1),(1770,89,'Alta Verapaz','',1),(1771,89,'Baja Verapaz','',1),(1772,89,'Chimaltenango','',1),(1773,89,'Chiquimula','',1),(1774,89,'El Progreso','',1),(1775,89,'Escuintla','',1),(1776,89,'Guatemala','',1),(1777,89,'Huehuetenango','',1),(1778,89,'Izabal','',1),(1779,89,'Jalapa','',1),(1780,89,'Jutiapa','',1),(1781,89,'Petén','',1),(1782,89,'Quetzaltenango','',1),(1783,89,'Quiché','',1),(1784,89,'Retalhuleu','',1),(1785,89,'Sacatepéquez','',1),(1786,89,'San Marcos','',1),(1787,89,'Santa Rosa','',1),(1788,89,'Sololá','',1),(1789,89,'Suchitepéquez','',1),(1790,89,'Totonicapán','',1),(1791,89,'Zacapa','',1),(1792,92,'Guinea-Bissau (general)','',1),(1793,92,'Bafatá','',1),(1794,92,'Quinara','',1),(1795,92,'Oio','',1),(1796,92,'Bolama','',1),(1797,92,'Cacheu','',1),(1798,92,'Tombali','',1),(1799,92,'Gabú','',1),(1800,92,'Bissau','',1),(1801,92,'Biombo','',1),(1802,93,'Guyana (general)','',1),(1803,93,'Barima-Waini','',1),(1804,93,'Cuyuni-Mazaruni','',1),(1805,93,'Demerara-Mahaica','',1),(1806,93,'East Berbice-Corentyne','',1),(1807,93,'Essequibo Islands-West Demerara','',1),(1808,93,'Mahaica-Berbice','',1),(1809,93,'Pomeroon-Supenaam','',1),(1810,93,'Potaro-Siparuni','',1),(1811,93,'Upper Demerara-Berbice','',1),(1812,93,'Upper Takutu-Upper Essequibo','',1),(1813,98,'Hong Kong (general)','',1),(1814,97,'Honduras (general)','',1),(1815,97,'Atlántida','',1),(1816,97,'Choluteca','',1),(1817,97,'Colón','',1),(1818,97,'Comayagua','',1),(1819,97,'Copán','',1),(1820,97,'Cortés','',1),(1821,97,'El Paraíso','',1),(1822,97,'Francisco Morazán','',1),(1823,97,'Gracias a Dios','',1),(1824,97,'Intibucá','',1),(1825,97,'Islas de la Bahía','',1),(1826,97,'La Paz','',1),(1827,97,'Lempira','',1),(1828,97,'Ocotepeque','',1),(1829,97,'Olancho','',1),(1830,97,'Santa Bárbara','',1),(1831,97,'Valle','',1),(1832,97,'Yoro','',1),(1833,55,'Croatia (general)','',1),(1834,55,'Bjelovarsko-Bilogorska','',1),(1835,55,'Brodsko-Posavska','',1),(1836,55,'Dubrovačko-Neretvanska','',1),(1837,55,'Istarska','',1),(1838,55,'Karlovačka','',1),(1839,55,'Koprivničko-Križevačka','',1),(1840,55,'Krapinsko-Zagorska','',1),(1841,55,'Ličko-Senjska','',1),(1842,55,'Međimurska','',1),(1843,55,'Osječko-Baranjska','',1),(1844,55,'Požeško-Slavonska','',1),(1845,55,'Primorsko-Goranska','',1),(1846,55,'Šibensko-Kniniska','',1),(1847,55,'Sisačko-Moslavačka','',1),(1848,55,'Splitsko-Dalmatinska','',1),(1849,55,'Varaždinska','',1),(1850,55,'Virovitičk-Podravska','',1),(1851,55,'Vukovarsko-Srijemska','',1),(1852,55,'Zadarska','',1),(1853,55,'Zagrebačka','',1),(1854,55,'Grad Zagreb','',1),(1855,94,'Haiti (general)','',1),(1856,94,'Nord-Ouest','',1),(1857,94,'Artibonite','',1),(1858,94,'Centre','',1),(1859,94,'Nord','',1),(1860,94,'Nord-Est','',1),(1861,94,'Ouest','',1),(1862,94,'Sud','',1),(1863,94,'Sud-Est','',1),(1864,94,'Grand\'Anse','',1),(1865,99,'Hungary (general)','',1),(1866,99,'Bács-Kiskun','',1),(1867,99,'Baranya','',1),(1868,99,'Békés','',1),(1869,99,'Borsod-Abaúj-Zemplén','',1),(1870,99,'Budapest','',1),(1871,99,'Csongrád','',1),(1872,99,'Debrecen','',1),(1873,99,'Fejér','',1),(1874,99,'Győr-Moson-Sopron','',1),(1875,99,'Hajdú-Bihar','',1),(1876,99,'Heves','',1),(1877,99,'Komárom-Esztergom','',1),(1878,99,'Miskolc','',1),(1879,99,'Nógrád','',1),(1880,99,'Pécs','',1),(1881,99,'Pest','',1),(1882,99,'Somogy','',1),(1883,99,'Szabolcs-Szatmár-Bereg','',1),(1884,99,'Szeged','',1),(1885,99,'Jász-Nagykun-Szolnok','',1),(1886,99,'Tolna','',1),(1887,99,'Vas','',1),(1888,99,'Veszprém','',1),(1889,99,'Zala','',1),(1890,99,'Győr','',1),(1891,99,'Békéscsaba','',1),(1892,99,'Dunaújváros','',1),(1893,99,'Eger','',1),(1894,99,'Hódmezővásárhely','',1),(1895,99,'Kaposvár','',1),(1896,99,'Kecskemét','',1),(1897,99,'Nagykanizsa','',1),(1898,99,'Nyíregyháza','',1),(1899,99,'Sopron','',1),(1900,99,'Székesfehérvár','',1),(1901,99,'Szolnok','',1),(1902,99,'Szombathely','',1),(1903,99,'Tatabánya','',1),(1904,99,'Veszprém','',1),(1905,99,'Zalaegerszeg','',1),(1906,99,'SalgótarjánMegyei Város','',1),(1907,99,'SzekszárdMegyei Város','',1),(1908,102,'Indonesia (general)','',1),(1909,102,'Aceh','',1),(1910,102,'Bali','',1),(1911,102,'Bengkulu','',1),(1912,102,'Jakarta Raya','',1),(1913,102,'Jambi','',1),(1914,102,'Jawa Barat','',1),(1915,102,'Central Java','',1),(1916,102,'East Java','',1),(1917,102,'(ID09)','',1),(1918,102,'Yogyakarta','',1),(1919,102,'West Kalimantan','',1),(1920,102,'South Kalimantan','',1),(1921,102,'Kalimantan Tengah','',1),(1922,102,'East Kalimantan','',1),(1923,102,'Lampung','',1),(1924,102,'Maluku Province','',1),(1925,102,'Nusa Tenggara Barat','',1),(1926,102,'Nusa Tenggara Timur','',1),(1927,102,'(ID19)','',1),(1928,102,'(ID20)','',1),(1929,102,'Central Sulawesi','',1),(1930,102,'Sulawesi Tenggara','',1),(1931,102,'Sulawesi Utara','',1),(1932,102,'West Sumatra','',1),(1933,102,'Sumatera Selatan','',1),(1934,102,'North Sumatra','',1),(1935,102,'Maluku','',1),(1936,102,'Maluku Utara','',1),(1937,102,'West Java','',1),(1938,102,'North Sulawesi','',1),(1939,102,'South Sumatra','',1),(1940,102,'Banten','',1),(1941,102,'Gorontalo','',1),(1942,102,'Bangka-Belitung','',1),(1943,102,'Papua','',1),(1944,102,'Riau','',1),(1945,102,'South Sulawesi','',1),(1946,102,'Irian Jaya Barat','',1),(1947,102,'Kepulauan Riau','',1),(1948,102,'Sulawesi Barat','',1),(1949,105,'Ireland (general)','',1),(1950,105,'Carlow','',1),(1951,105,'County Cavan','',1),(1952,105,'County Clare','',1),(1953,105,'Cork','',1),(1954,105,'Donegal','',1),(1955,105,'County Dublin','',1),(1956,105,'Galway','',1),(1957,105,'County Kerry','',1),(1958,105,'County Kildare','',1),(1959,105,'County Kilkenny','',1),(1960,105,'Leitrim','',1),(1961,105,'County Laois','',1),(1962,105,'Limerick','',1),(1963,105,'County Longford','',1),(1964,105,'County Louth','',1),(1965,105,'County Mayo','',1),(1966,105,'County Meath','',1),(1967,105,'Monaghan','',1),(1968,105,'County Offaly','',1),(1969,105,'County Roscommon','',1),(1970,105,'County Sligo','',1),(1971,105,'Tipperary','',1),(1972,105,'County Waterford','',1),(1973,105,'County Westmeath','',1),(1974,105,'County Wexford','',1),(1975,105,'County Wicklow','',1),(1976,107,'Israel (general)','',1),(1977,107,'HaDarom','',1),(1978,107,'HaMerkaz','',1),(1979,107,'Northern District','',1),(1980,107,'H̱efa','',1),(1981,107,'Tel Aviv','',1),(1982,107,'Yerushalayim','',1),(1983,101,'India (general)','',1),(1984,101,'Andaman and Nicobar Islands','',1),(1985,101,'Andhra Pradesh','',1),(1986,101,'Assam','',1),(1987,101,'Bihar','',1),(1988,101,'Chandīgarh','',1),(1989,101,'Dādra and Nagar Haveli','',1),(1990,101,'Delhi','',1),(1991,101,'Gujarāt','',1),(1992,101,'Haryāna','',1),(1993,101,'Himāchal Pradesh','',1),(1994,101,'Jammu and Kashmīr','',1),(1995,101,'Kerala','',1),(1996,101,'Lakshadweep','',1),(1997,101,'Madhya Pradesh','',1),(1998,101,'Mahārāshtra','',1),(1999,101,'Manipur','',1),(2000,101,'Meghālaya','',1),(2001,101,'Karnātaka','',1),(2002,101,'Nāgāland','',1),(2003,101,'Orissa','',1),(2004,101,'Puducherry','',1),(2005,101,'Punjab','',1),(2006,101,'Rājasthān','',1),(2007,101,'Tamil Nādu','',1),(2008,101,'Tripura','',1),(2009,101,'Uttar Pradesh','',1),(2010,101,'Bengal','',1),(2011,101,'Sikkim','',1),(2012,101,'Arunāchal Pradesh','',1),(2013,101,'Mizoram','',1),(2014,101,'Daman and Diu','',1),(2015,101,'Goa','',1),(2016,101,'Bihār','',1),(2017,101,'Madhya Pradesh','',1),(2018,101,'Uttar Pradesh','',1),(2019,101,'Chhattisgarh','',1),(2020,101,'Jharkhand','',1),(2021,101,'State of Uttarakhand','',1),(2022,104,'Iraq (general)','',1),(2023,104,'Al Anbār','',1),(2024,104,'Al Başrah','',1),(2025,104,'Al Muthanná','',1),(2026,104,'Al Qādisīyah','',1),(2027,104,'As Sulaymānīyah','',1),(2028,104,'Bābil','',1),(2029,104,'Baghdād','',1),(2030,104,'Dahūk','',1),(2031,104,'Dhī Qār','',1),(2032,104,'Diyālá','',1),(2033,104,'Arbīl','',1),(2034,104,'Karbalāʼ','',1),(2035,104,'At Taʼmīm','',1),(2036,104,'Maysān','',1),(2037,104,'Nīnawá','',1),(2038,104,'Wāsiţ','',1),(2039,104,'An Najaf','',1),(2040,104,'Şalāḩ ad Dīn','',1),(2041,103,'Iran (general)','',1),(2042,103,'Āz̄ārbāyjān-e Gharbī','',1),(2043,103,'Ostān-e Āz̄arbāyjān-e Sharqī','',1),(2044,103,'Chahār Maḩāll va Bakhtīārī','',1),(2045,103,'Sīstān va Balūchestān','',1),(2046,103,'Kohgīlūyeh va Būyer Aḩmad','',1),(2047,103,'Fārs Province','',1),(2048,103,'Gīlān','',1),(2049,103,'Hamadān','',1),(2050,103,'Īlām','',1),(2051,103,'Hormozgān Province','',1),(2052,103,'Kerman','',1),(2053,103,'Kermānshāh','',1),(2054,103,'Khūzestān','',1),(2055,103,'Kordestān','',1),(2056,103,'Mazandaran','',1),(2057,103,'Semnān Province','',1),(2058,103,'Markazi','',1),(2059,103,'Zanjan','',1),(2060,103,'Bushehr Province','',1),(2061,103,'Lorestān','',1),(2062,103,'Markazi','',1),(2063,103,'Semnān','',1),(2064,103,'Tehrān','',1),(2065,103,'Zanjan','',1),(2066,103,'Eşfahān','',1),(2067,103,'Kermān','',1),(2068,103,'Khorasan Ostan-e','',1),(2069,103,'Yazd','',1),(2070,103,'Ardabīl','',1),(2071,103,'Āz̄ārbāyjān-e Sharqī','',1),(2072,103,'Markazi Province','',1),(2073,103,'Māzandarān Province','',1),(2074,103,'Zanjan Province','',1),(2075,103,'Golestān','',1),(2076,103,'Qazvīn','',1),(2077,103,'Qom','',1),(2078,103,'Yazd','',1),(2079,103,'Khorāsān-e Jonūbī','',1),(2080,103,'Razavi Khorasan Province','',1),(2081,103,'Khorāsān-e Shomālī','',1),(2082,100,'Iceland (general)','',1),(2083,100,'Borgarfjardarsysla','',1),(2084,100,'Dalasysla','',1),(2085,100,'Eyjafjardarsysla','',1),(2086,100,'Gullbringusysla','',1),(2087,100,'Hafnarfjördur','',1),(2088,100,'Husavik','',1),(2089,100,'Isafjördur','',1),(2090,100,'Keflavik','',1),(2091,100,'Kjosarsysla','',1),(2092,100,'Kopavogur','',1),(2093,100,'Myrasysla','',1),(2094,100,'Neskaupstadur','',1),(2095,100,'Nordur-Isafjardarsysla','',1),(2096,100,'Nordur-Mulasysla','',1),(2097,100,'Nordur-Tingeyjarsysla','',1),(2098,100,'Olafsfjördur','',1),(2099,100,'Rangarvallasysla','',1),(2100,100,'Reykjavík','',1),(2101,100,'Saudarkrokur','',1),(2102,100,'Seydisfjordur','',1),(2103,100,'Siglufjordur','',1),(2104,100,'Skagafjardarsysla','',1),(2105,100,'Snafellsnes- og Hnappadalssysla','',1),(2106,100,'Strandasysla','',1),(2107,100,'Sudur-Mulasysla','',1),(2108,100,'Sudur-Tingeyjarsysla','',1),(2109,100,'Vestmannaeyjar','',1),(2110,100,'Vestur-Bardastrandarsysla','',1),(2111,100,'Vestur-Hunavatnssysla','',1),(2112,100,'Vestur-Isafjardarsysla','',1),(2113,100,'Vestur-Skaftafellssysla','',1),(2114,100,'East','',1),(2115,100,'Capital Region','',1),(2116,100,'Northeast','',1),(2117,100,'Northwest','',1),(2118,100,'South','',1),(2119,100,'Southern Peninsula','',1),(2120,100,'Westfjords','',1),(2121,100,'West','',1),(2122,108,'Italy (general)','',1),(2123,108,'Abruzzo','',1),(2124,108,'Regione Basilicata','',1),(2125,108,'Calabria','',1),(2126,108,'Campania','',1),(2127,108,'Emilia-Romagna','',1),(2128,108,'Friuli','',1),(2129,108,'Lazio','',1),(2130,108,'Liguria','',1),(2131,108,'Lombardia','',1),(2132,108,'The Marches','',1),(2133,108,'Regione Molise','',1),(2134,108,'Piemonte','',1),(2135,108,'Apulia','',1),(2136,108,'Sardinia','',1),(2137,108,'Sicily','',1),(2138,108,'Tuscany','',1),(2139,108,'Trentino','',1),(2140,108,'Umbria','',1),(2141,108,'Regione Autonoma Valle d\'Aosta','',1),(2142,108,'Veneto','',1),(2143,109,'Jamaica (general)','',1),(2144,109,'Clarendon','',1),(2145,109,'Hanover Parish','',1),(2146,109,'Manchester','',1),(2147,109,'Portland','',1),(2148,109,'Saint Andrew','',1),(2149,109,'Saint Ann','',1),(2150,109,'Saint Catherine','',1),(2151,109,'Saint Elizabeth','',1),(2152,109,'Saint James','',1),(2153,109,'Saint Mary','',1),(2154,109,'Saint Thomas','',1),(2155,109,'Trelawny','',1),(2156,109,'Westmoreland','',1),(2157,109,'Kingston','',1),(2158,112,'Jordan (general)','',1),(2159,112,'Al Balqāʼ','',1),(2160,112,'Ma’an','',1),(2161,112,'Al Karak','',1),(2162,112,'Al Mafraq','',1),(2163,112,'Muḩāfaz̧at `Ammān','',1),(2164,112,'Aţ Ţafīlah','',1),(2165,112,'Az Zarqa','',1),(2166,112,'Irbid','',1),(2167,112,'Al Mafraq','',1),(2168,112,'‘Ammān','',1),(2169,112,'Aţ Ţafīlah','',1),(2170,112,'Irbid','',1),(2171,112,'Ma‘ān','',1),(2172,112,'‘Ajlūn','',1),(2173,112,'Al ‘Aqabah','',1),(2174,112,'Jarash','',1),(2175,112,'Mādabā','',1),(2176,110,'Japan (general)','',1),(2177,110,'Aichi','',1),(2178,110,'Akita','',1),(2179,110,'Aomori','',1),(2180,110,'Chiba','',1),(2181,110,'Ehime','',1),(2182,110,'Fukui','',1),(2183,110,'Fukuoka','',1),(2184,110,'Fukushima','',1),(2185,110,'Gifu','',1),(2186,110,'Gumma','',1),(2187,110,'Hiroshima','',1),(2188,110,'Hokkaidō','',1),(2189,110,'Hyōgo','',1),(2190,110,'Ibaraki','',1),(2191,110,'Ishikawa','',1),(2192,110,'Iwate','',1),(2193,110,'Kagawa','',1),(2194,110,'Kagoshima','',1),(2195,110,'Kanagawa','',1),(2196,110,'Kōchi','',1),(2197,110,'Kumamoto','',1),(2198,110,'Kyōto','',1),(2199,110,'Mie','',1),(2200,110,'Miyagi','',1),(2201,110,'Miyazaki','',1),(2202,110,'Nagano','',1),(2203,110,'Nagasaki','',1),(2204,110,'Nara','',1),(2205,110,'Niigata','',1),(2206,110,'Ōita','',1),(2207,110,'Okayama','',1),(2208,110,'Ōsaka','',1),(2209,110,'Saga','',1),(2210,110,'Saitama','',1),(2211,110,'Shiga','',1),(2212,110,'Shimane','',1),(2213,110,'Shizuoka','',1),(2214,110,'Tochigi','',1),(2215,110,'Tokushima','',1),(2216,110,'Tōkyō','',1),(2217,110,'Tottori','',1),(2218,110,'Toyama','',1),(2219,110,'Wakayama','',1),(2220,110,'Yamagata','',1),(2221,110,'Yamaguchi','',1),(2222,110,'Yamanashi','',1),(2223,110,'Okinawa','',1),(2224,114,'Kenya (general)','',1),(2225,114,'Central','',1),(2226,114,'Coast','',1),(2227,114,'Eastern','',1),(2228,114,'Nairobi Area','',1),(2229,114,'North-Eastern','',1),(2230,114,'Nyanza','',1),(2231,114,'Rift Valley','',1),(2232,114,'Western','',1),(2233,119,'Kyrgyzstan (general)','',1),(2234,119,'Bishkek','',1),(2235,119,'Chüy','',1),(2236,119,'Jalal-Abad','',1),(2237,119,'Naryn','',1),(2238,119,'(KG05)','',1),(2239,119,'Talas','',1),(2240,119,'Ysyk-Köl','',1),(2241,119,'Osh','',1),(2242,119,'Batken','',1),(2243,37,'Khétt Bântéay Méan Cheăy','',1),(2244,37,'Khétt Bătdâmbâng','',1),(2245,37,'Kâmpóng Cham','',1),(2246,37,'Kâmpóng Chhnăng','',1),(2247,37,'Khétt Kâmpóng Spœ','',1),(2248,37,'Kâmpóng Thum','',1),(2249,37,'Khétt Kâmpôt','',1),(2250,37,'Kândal','',1),(2251,37,'Kaôh Kŏng','',1),(2252,37,'Krâchéh','',1),(2253,37,'Môndól Kiri','',1),(2254,37,'Phnum Penh','',1),(2255,37,'Poŭthĭsăt','',1),(2256,37,'Preăh Vihéar','',1),(2257,37,'Prey Vêng','',1),(2258,37,'Khétt Rôtânăh Kiri','',1),(2259,37,'Khétt Siĕm Réab','',1),(2260,37,'Stœ̆ng Trêng','',1),(2261,37,'Svay Riĕng','',1),(2262,37,'Takêv','',1),(2263,37,'(CB20)','',1),(2264,37,'Kâmpôt','',1),(2265,37,'Phnum Pénh','',1),(2266,37,'Rôtânăh Kiri','',1),(2267,37,'Siĕm Réab','',1),(2268,37,'Bantéay Méan Cheăy','',1),(2269,37,'Kêb','',1),(2270,37,'Ŏtdâr Méan Cheăy','',1),(2271,37,'Preăh Seihânŭ','',1),(2272,37,'Bătdâmbâng','',1),(2273,37,'Palĭn','',1),(2274,115,'Kiribati (general)','',1),(2275,115,'Gilbert Islands','',1),(2276,115,'Line Islands','',1),(2277,115,'Phoenix Islands','',1),(2278,49,'Comoros (general)','',1),(2279,49,'Anjouan','',1),(2280,49,'Grande Comore','',1),(2281,49,'Mohéli','',1),(2282,185,'Saint Kitts and Nevis (general)','',1),(2283,185,'Christ Church Nichola Town','',1),(2284,185,'Saint Anne Sandy Point','',1),(2285,185,'Saint George Basseterre','',1),(2286,185,'Saint George Gingerland','',1),(2287,185,'Saint James Windwa','',1),(2288,185,'Saint John Capesterre','',1),(2289,185,'Saint John Figtree','',1),(2290,185,'Saint Mary Cayon','',1),(2291,185,'Saint Paul Capesterre','',1),(2292,185,'Saint Paul Charlestown','',1),(2293,185,'Saint Peter Basseterre','',1),(2294,185,'Saint Thomas Lowland','',1),(2295,185,'Saint Thomas Middle Island','',1),(2296,185,'Trinity Palmetto Point','',1),(2297,116,'North Korea (general)','',1),(2298,116,'Chagang-do','',1),(2299,116,'Hamgyŏng-namdo','',1),(2300,116,'Hwanghae-namdo','',1),(2301,116,'Hwanghae-bukto','',1),(2302,116,'Kaesŏng-si','',1),(2303,116,'Kangwŏn-do','',1),(2304,116,'P\'yŏngan-bukto','',1),(2305,116,'P\'yŏngyang-si','',1),(2306,116,'Yanggang-do','',1),(2307,116,'Namp\'o-si','',1),(2308,116,'P\'yŏngan-namdo','',1),(2309,116,'(KN16)','',1),(2310,116,'Hamgyŏng-bukto','',1),(2311,116,'Najin Sŏnbong-si','',1),(2312,117,'South Korea (general)','',1),(2313,117,'Cheju-do','',1),(2314,117,'Chŏlla-bukto','',1),(2315,117,'Ch\'ungch\'ŏng-bukto','',1),(2316,117,'Kangwŏn-do','',1),(2317,117,'Pusan-gwangyŏksi','',1),(2318,117,'Sŏul-t\'ŭkpyŏlsi','',1),(2319,117,'Inch\'ŏn-gwangyŏksi','',1),(2320,117,'Kyŏnggi-do','',1),(2321,117,'Kyŏngsang-bukto','',1),(2322,117,'Taegu-gwangyŏksi','',1),(2323,117,'Chŏlla-namdo','',1),(2324,117,'Ch\'ungch\'ŏng-namdo','',1),(2325,117,'Kwangju-gwangyŏksi','',1),(2326,117,'Taejŏn-gwangyŏksi','',1),(2327,117,'Kyŏngsang-namdo','',1),(2328,117,'Ulsan-gwangyŏksi','',1),(2329,118,'Muḩāfaz̧atalWafrah','',1),(2330,118,'Al ‘Āşimah','',1),(2331,118,'Ḩawallī','',1),(2332,118,'Al Aḩmadī','',1),(2333,118,'Al Jahrāʼ','',1),(2334,118,'Al Farwaniyah','',1),(2335,41,'Cayman Islands (general)','',1),(2336,41,'Creek','',1),(2337,41,'Eastern','',1),(2338,41,'Midland','',1),(2339,41,'South Town','',1),(2340,41,'Spot Bay','',1),(2341,41,'Stake Bay','',1),(2342,41,'West End','',1),(2343,41,'Western','',1),(2344,113,'Zhezqazghan Oblysy','',1),(2345,113,'Almaty','',1),(2346,113,'Almaty Qalasy','',1),(2347,113,'Aqmola','',1),(2348,113,'Aqtöbe','',1),(2349,113,'Astana Qalasy','',1),(2350,113,'Atyraū','',1),(2351,113,'Batys Qazaqstan','',1),(2352,113,'Bayqongyr Qalasy','',1),(2353,113,'Mangghystaū','',1),(2354,113,'Ongtüstik Qazaqstan','',1),(2355,113,'Pavlodar','',1),(2356,113,'Qaraghandy','',1),(2357,113,'Qostanay','',1),(2358,113,'Qyzylorda','',1),(2359,113,'Shyghys Qazaqstan','',1),(2360,113,'Soltüstik Qazaqstan','',1),(2361,113,'Zhambyl','',1),(2362,120,'Laos (general)','',1),(2363,120,'Attapu','',1),(2364,120,'Champasak','',1),(2365,120,'Houaphan','',1),(2366,120,'Khammouan','',1),(2367,120,'Louang Namtha','',1),(2368,120,'Louangphrabang','',1),(2369,120,'Oudômxai','',1),(2370,120,'Phongsali','',1),(2371,120,'Saravan','',1),(2372,120,'Savannakhet','',1),(2373,120,'Vientiane','',1),(2374,120,'Xiagnabouli','',1),(2375,120,'Xiangkhoang','',1),(2376,120,'Khammouan','',1),(2377,120,'Loungnamtha','',1),(2378,120,'Louangphabang','',1),(2379,120,'Phôngsali','',1),(2380,120,'Salavan','',1),(2381,120,'Savannahkhét','',1),(2382,120,'Khouèng Viangchan','',1),(2383,120,'Bokèo','',1),(2384,120,'Bolikhamxai','',1),(2385,120,'Viangchan','',1),(2386,120,'Xaisômboun','',1),(2387,120,'Xékong','',1),(2388,120,'Viangchan','',1),(2389,122,'Lebanon (general)','',1),(2390,122,'Béqaa','',1),(2391,122,'(LE02)','',1),(2392,122,'Liban-Nord','',1),(2393,122,'Beyrouth','',1),(2394,122,'Mont-Liban','',1),(2395,122,'Liban-Sud','',1),(2396,122,'Nabatîyé','',1),(2397,122,'Béqaa','',1),(2398,122,'Liban-Nord','',1),(2399,122,'Aakkâr','',1),(2400,122,'Baalbek-Hermel','',1),(2401,186,'Saint Lucia (general)','',1),(2402,186,'Anse-la-Raye','',1),(2403,186,'Dauphin','',1),(2404,186,'Castries','',1),(2405,186,'Choiseul','',1),(2406,186,'Dennery','',1),(2407,186,'Gros-Islet','',1),(2408,186,'Laborie','',1),(2409,186,'Micoud','',1),(2410,186,'Soufrière','',1),(2411,186,'Vieux-Fort','',1),(2412,186,'Praslin','',1),(2413,126,'Liechtenstein (general)','',1),(2414,126,'Balzers','',1),(2415,126,'Eschen','',1),(2416,126,'Gamprin','',1),(2417,126,'Mauren','',1),(2418,126,'Planken','',1),(2419,126,'Ruggell','',1),(2420,126,'Schaan','',1),(2421,126,'Schellenberg','',1),(2422,126,'Triesen','',1),(2423,126,'Triesenberg','',1),(2424,126,'Vaduz','',1),(2425,205,'Sri Lanka (general)','',1),(2426,205,'Central','',1),(2427,205,'North Central','',1),(2428,205,'North Eastern','',1),(2429,205,'North Western','',1),(2430,205,'Sabaragamuwa','',1),(2431,205,'Southern','',1),(2432,205,'Uva','',1),(2433,205,'Western','',1),(2434,124,'Liberia (general)','',1),(2435,124,'Bong','',1),(2436,124,'Grand Jide','',1),(2437,124,'Grand Cape Mount','',1),(2438,124,'Lofa','',1),(2439,124,'(LI08)','',1),(2440,124,'Nimba','',1),(2441,124,'Sinoe','',1),(2442,124,'Grand Bassa County','',1),(2443,124,'Grand Cape Mount','',1),(2444,124,'Maryland','',1),(2445,124,'Montserrado','',1),(2446,124,'Bomi','',1),(2447,124,'Grand Kru','',1),(2448,124,'Margibi','',1),(2449,124,'River Cess','',1),(2450,124,'Grand Gedeh','',1),(2451,124,'Lofa','',1),(2452,124,'Gbarpolu','',1),(2453,124,'River Gee','',1),(2454,123,'Lesotho (general)','',1),(2455,123,'Balzers Commune','',1),(2456,123,'Eschen Commune','',1),(2457,123,'Gamprin Commune','',1),(2458,123,'Mauren Commune','',1),(2459,123,'Planken Commune','',1),(2460,123,'Ruggell Commune','',1),(2461,123,'Berea District','',1),(2462,123,'Butha-Buthe District','',1),(2463,123,'Leribe District','',1),(2464,123,'Mafeteng','',1),(2465,123,'Maseru','',1),(2466,123,'Mohale\'s Hoek','',1),(2467,123,'Mokhotlong','',1),(2468,123,'Qachaʼs Nek','',1),(2469,123,'Quthing District','',1),(2470,123,'Thaba-Tseka District','',1),(2471,127,'Lithuania (general)','',1),(2472,127,'(LH40)','',1),(2473,127,'Alytaus Apskritis','',1),(2474,127,'Kauno Apskritis','',1),(2475,127,'Klaipėdos Apskritis','',1),(2476,127,'Marijampolės Apskritis','',1),(2477,127,'Panevėžio Apskritis','',1),(2478,127,'Šiaulių Apskritis','',1),(2479,127,'Tauragės Apskritis','',1),(2480,127,'Telšių Apskritis','',1),(2481,127,'Utenos Apskritis','',1),(2482,127,'Vilniaus Apskritis','',1),(2483,128,'Luxembourg (general)','',1),(2484,128,'Diekirch','',1),(2485,128,'Grevenmacher','',1),(2486,128,'Luxembourg','',1),(2487,121,'Dobeles Rajons','',1),(2488,121,'Aizkraukles Rajons','',1),(2489,121,'Alūksnes Rajons','',1),(2490,121,'Balvu Rajons','',1),(2491,121,'Bauskas Rajons','',1),(2492,121,'Cēsu Rajons','',1),(2493,121,'Daugavpils','',1),(2494,121,'Daugavpils Rajons','',1),(2495,121,'Dobeles Rajons','',1),(2496,121,'Gulbenes Rajons','',1),(2497,121,'Jēkabpils Rajons','',1),(2498,121,'Jelgava','',1),(2499,121,'Jelgavas Rajons','',1),(2500,121,'Jūrmala','',1),(2501,121,'Krāslavas Rajons','',1),(2502,121,'Kuldīgas Rajons','',1),(2503,121,'Liepāja','',1),(2504,121,'Liepājas Rajons','',1),(2505,121,'Limbažu Rajons','',1),(2506,121,'Ludzas Rajons','',1),(2507,121,'Madonas Rajons','',1),(2508,121,'Ogres Rajons','',1),(2509,121,'Preiļu Rajons','',1),(2510,121,'Rēzekne','',1),(2511,121,'Rēzeknes Rajons','',1),(2512,121,'Rīga','',1),(2513,121,'Rīgas Rajons','',1),(2514,121,'Saldus Rajons','',1),(2515,121,'Talsu Rajons','',1),(2516,121,'Tukuma Rajons','',1),(2517,121,'Valkas Rajons','',1),(2518,121,'Valmieras Rajons','',1),(2519,121,'Ventspils','',1),(2520,121,'Ventspils Rajons','',1),(2521,125,'Libya (general)','',1),(2522,125,'Baladīyat al Abyār','',1),(2523,125,'Al ‘Azīzīyah','',1),(2524,125,'Baladīyat al Bayḑā\'','',1),(2525,125,'Al Jufrah','',1),(2526,125,'Baladīyat al Jumayl','',1),(2527,125,'Al Kufrah','',1),(2528,125,'Baladīyat al Marj','',1),(2529,125,'Baladīyat al Qarābūll','',1),(2530,125,'Baladīyat al Qubbah','',1),(2531,125,'Baladīyat al `Ujaylāt','',1),(2532,125,'Ash Shāţiʼ','',1),(2533,125,'Baladīyat az Zahrā\'','',1),(2534,125,'Baladīyat Banī Walīd','',1),(2535,125,'Baladīyat Bin Jawwād','',1),(2536,125,'Baladīyat Ghāt','',1),(2537,125,'Baladīyat Jādū','',1),(2538,125,'Baladīyat Jālū','',1),(2539,125,'Baladīyat Janzūr','',1),(2540,125,'Masallatah','',1),(2541,125,'Baladīyat Mizdah','',1),(2542,125,'Murzuq','',1),(2543,125,'Baladīyat Nālūt','',1),(2544,125,'Baladīyat Qamīnis','',1),(2545,125,'Baladīyat Qaşr Bin Ghashīr','',1),(2546,125,'Sabhā','',1),(2547,125,'Baladīyat Şabrātah','',1),(2548,125,'Baladīyat Shaḩḩāt','',1),(2549,125,'Baladīyat Şurmān','',1),(2550,125,'Tajura’','',1),(2551,125,'Tarhūnah','',1),(2552,125,'Ţubruq','',1),(2553,125,'Baladīyat Tūkrah','',1),(2554,125,'Zlīţan','',1),(2555,125,'Baladīyat Zuwārah','',1),(2556,125,'Ajdābiyā','',1),(2557,125,'Al Fātiḩ','',1),(2558,125,'Al Jabal al Akhḑar','',1),(2559,125,'Al Khums','',1),(2560,125,'An Nuqāţ al Khams','',1),(2561,125,'Awbārī','',1),(2562,125,'Az Zāwiyah','',1),(2563,125,'Banghāzī','',1),(2564,125,'Darnah','',1),(2565,125,'Ghadāmis','',1),(2566,125,'Gharyān','',1),(2567,125,'Mişrātah','',1),(2568,125,'Sawfajjīn','',1),(2569,125,'Surt','',1),(2570,125,'Ţarābulus','',1),(2571,125,'Yafran','',1),(2572,149,'Antsiranana Province','',1),(2573,149,'Fianarantsoa Province','',1),(2574,149,'Mahajanga Province','',1),(2575,149,'Toamasina Province','',1),(2576,149,'Antananarivo Province','',1),(2577,149,'Toliara Province','',1),(2578,149,'Casablanca','',1),(2579,149,'Chaouen','',1),(2580,149,'El Jadida','',1),(2581,149,'El Kelaa des Srarhna','',1),(2582,149,'Er Rachidia','',1),(2583,149,'Essaouira','',1),(2584,149,'Fes','',1),(2585,149,'Figuig','',1),(2586,149,'Kenitra','',1),(2587,149,'Khemisset','',1),(2588,149,'Khenifra','',1),(2589,149,'Khouribga','',1),(2590,149,'Marrakech','',1),(2591,149,'Meknes','',1),(2592,149,'Nador','',1),(2593,149,'Ouarzazate','',1),(2594,149,'Oujda','',1),(2595,149,'Rabat-Sale','',1),(2596,149,'Safi','',1),(2597,149,'Settat','',1),(2598,149,'Tanger','',1),(2599,149,'Tata','',1),(2600,149,'Taza','',1),(2601,149,'Tiznit','',1),(2602,149,'Guelmim','',1),(2603,149,'Ifrane','',1),(2604,149,'Laayoune','',1),(2605,149,'Tan-Tan','',1),(2606,149,'Taounate','',1),(2607,149,'Sidi Kacem','',1),(2608,149,'Taroudannt','',1),(2609,149,'Tetouan','',1),(2610,149,'Larache','',1),(2611,149,'(MO42)','',1),(2612,149,'(MO43)','',1),(2613,149,'(MO44)','',1),(2614,149,'Grand Casablanca','',1),(2615,149,'Fès-Boulemane','',1),(2616,149,'Marrakech-Tensift-Al Haouz','',1),(2617,149,'Meknès-Tafilalet','',1),(2618,149,'Rabat-Salé-Zemmour-Zaër','',1),(2619,149,'Chaouia-Ouardigha','',1),(2620,149,'Doukkala-Abda','',1),(2621,149,'Gharb-Chrarda-Beni Hssen','',1),(2622,149,'Guelmim-Es Smara','',1),(2623,149,'Oriental','',1),(2624,149,'Souss-Massa-Drâa','',1),(2625,149,'Tadla-Azilal','',1),(2626,149,'Tanger-Tétouan','',1),(2627,149,'Taza-Al Hoceima-Taounate','',1),(2628,149,'Laâyoune-Boujdour-Sakia El Hamra','',1),(2629,145,'Monaco (general)','',1),(2630,144,'Ungheni Judetul','',1),(2631,144,'(MD13)','',1),(2632,144,'Balti','',1),(2633,144,'Cahul','',1),(2634,144,'Chisinau Judetul','',1),(2635,144,'Stinga Nistrului','',1),(2636,144,'Edinet','',1),(2637,144,'Găgăuzia','',1),(2638,144,'Lapusna','',1),(2639,144,'Orhei','',1),(2640,144,'Soroca','',1),(2641,144,'Tighina','',1),(2642,144,'Ungheni','',1),(2643,144,'Chişinău','',1),(2644,144,'Stînga Nistrului','',1),(2645,144,'Raionul Anenii Noi','',1),(2646,144,'Bălţi','',1),(2647,144,'Raionul Basarabeasca','',1),(2648,144,'Bender','',1),(2649,144,'Raionul Briceni','',1),(2650,144,'Raionul Cahul','',1),(2651,144,'Raionul Cantemir','',1),(2652,144,'Călăraşi','',1),(2653,144,'Căuşeni','',1),(2654,144,'Raionul Cimişlia','',1),(2655,144,'Raionul Criuleni','',1),(2656,144,'Raionul Donduşeni','',1),(2657,144,'Raionul Drochia','',1),(2658,144,'Dubăsari','',1),(2659,144,'Raionul Edineţ','',1),(2660,144,'Raionul Făleşti','',1),(2661,144,'Raionul Floreşti','',1),(2662,144,'Raionul Glodeni','',1),(2663,144,'Raionul Hînceşti','',1),(2664,144,'Raionul Ialoveni','',1),(2665,144,'Raionul Leova','',1),(2666,144,'Raionul Nisporeni','',1),(2667,144,'Raionul Ocniţa','',1),(2668,144,'Raionul Orhei','',1),(2669,144,'Raionul Rezina','',1),(2670,144,'Raionul Rîşcani','',1),(2671,144,'Raionul Sîngerei','',1),(2672,144,'Raionul Şoldăneşti','',1),(2673,144,'Raionul Soroca','',1),(2674,144,'Ştefan-Vodă','',1),(2675,144,'Raionul Străşeni','',1),(2676,144,'Raionul Taraclia','',1),(2677,144,'Raionul Teleneşti','',1),(2678,144,'Raionul Ungheni','',1),(2679,147,'Montenegro (general)','',1),(2680,131,'Madagascar (general)','',1),(2681,131,'Antsiranana','',1),(2682,131,'Fianarantsoa','',1),(2683,131,'Mahajanga','',1),(2684,131,'Toamasina','',1),(2685,131,'Antananarivo','',1),(2686,131,'Toliara','',1),(2687,137,'Marshall Islands (general)','',1),(2688,130,'Macedonia, The Former Yugoslav Republic of (general)','',1),(2689,130,'Aračinovo','',1),(2690,130,'Bač','',1),(2691,130,'Belčišta','',1),(2692,130,'Berovo','',1),(2693,130,'Bistrica','',1),(2694,130,'Bitola','',1),(2695,130,'Blatec','',1),(2696,130,'Bogdanci','',1),(2697,130,'Bogomila','',1),(2698,130,'Bogovinje','',1),(2699,130,'Bosilovo','',1),(2700,130,'Brvenica','',1),(2701,130,'Čair','',1),(2702,130,'Capari','',1),(2703,130,'Čaška','',1),(2704,130,'Čegrana','',1),(2705,130,'Centar','',1),(2706,130,'Centar Župa','',1),(2707,130,'Češinovo','',1),(2708,130,'Čučer-Sandevo','',1),(2709,130,'Debar','',1),(2710,130,'Delčevo','',1),(2711,130,'Delogoždi','',1),(2712,130,'Demir Hisar','',1),(2713,130,'Demir Kapija','',1),(2714,130,'Dobruševo','',1),(2715,130,'Dolna Banjica','',1),(2716,130,'Dolneni','',1),(2717,130,'Ðorče Petrov','',1),(2718,130,'Drugovo','',1),(2719,130,'Džepčište','',1),(2720,130,'Gazi Baba','',1),(2721,130,'Gevgelija','',1),(2722,130,'Gostivar','',1),(2723,130,'Gradsko','',1),(2724,130,'Ilinden','',1),(2725,130,'Izvor','',1),(2726,130,'Jegunovce','',1),(2727,130,'Kamenjane','',1),(2728,130,'Karbinci','',1),(2729,130,'Karpoš','',1),(2730,130,'Kavadarci','',1),(2731,130,'Kičevo','',1),(2732,130,'Kisela Voda','',1),(2733,130,'Klečevce','',1),(2734,130,'Kočani','',1),(2735,130,'Konče','',1),(2736,130,'Kondovo','',1),(2737,130,'Konopište','',1),(2738,130,'Kosel','',1),(2739,130,'Kratovo','',1),(2740,130,'Kriva Palanka','',1),(2741,130,'Krivogaštani','',1),(2742,130,'Kruševo','',1),(2743,130,'Kukliš','',1),(2744,130,'Kukurečani','',1),(2745,130,'Kumanovo','',1),(2746,130,'Labuništa','',1),(2747,130,'Lipkovo','',1),(2748,130,'Lozovo','',1),(2749,130,'Lukovo','',1),(2750,130,'Makedonska Kamenica','',1),(2751,130,'Makedonski Brod','',1),(2752,130,'Mavrovi Anovi','',1),(2753,130,'Mešeišta','',1),(2754,130,'Miravci','',1),(2755,130,'Mogila','',1),(2756,130,'Murtino','',1),(2757,130,'Negotino','',1),(2758,130,'Negotino-Pološko','',1),(2759,130,'Novaci','',1),(2760,130,'Novo Selo','',1),(2761,130,'Obleševo','',1),(2762,130,'Ohrid','',1),(2763,130,'Orašac','',1),(2764,130,'Orizari','',1),(2765,130,'Oslomej','',1),(2766,130,'Pehčevo','',1),(2767,130,'Petrovec','',1),(2768,130,'Plasnica','',1),(2769,130,'Podareš','',1),(2770,130,'Prilep','',1),(2771,130,'Probištip','',1),(2772,130,'Radoviš','',1),(2773,130,'Rankovce','',1),(2774,130,'Resen','',1),(2775,130,'Rosoman','',1),(2776,130,'Rostuša','',1),(2777,130,'Samokov','',1),(2778,130,'Saraj','',1),(2779,130,'Šipkovica','',1),(2780,130,'Sopište','',1),(2781,130,'Sopotnica','',1),(2782,130,'Srbinovo','',1),(2783,130,'Staravina','',1),(2784,130,'Star Dojran','',1),(2785,130,'Staro Nagoričane','',1),(2786,130,'Štip','',1),(2787,130,'Struga','',1),(2788,130,'Strumica','',1),(2789,130,'Studeničani','',1),(2790,130,'Šuto Orizari','',1),(2791,130,'Sveti Nikole','',1),(2792,130,'Tearce','',1),(2793,130,'Tetovo','',1),(2794,130,'Topolčani','',1),(2795,130,'Valandovo','',1),(2796,130,'Vasilevo','',1),(2797,130,'Veles','',1),(2798,130,'Velešta','',1),(2799,130,'Vevčani','',1),(2800,130,'Vinica','',1),(2801,130,'Vitolište','',1),(2802,130,'Vraneštica','',1),(2803,130,'Vrapčište','',1),(2804,130,'Vratnica','',1),(2805,130,'Vrutok','',1),(2806,130,'Zajas','',1),(2807,130,'Zelenikovo','',1),(2808,130,'Želino','',1),(2809,130,'Žitoše','',1),(2810,130,'Zletovo','',1),(2811,130,'Zrnovci','',1),(2812,135,'Mali (general)','',1),(2813,135,'Bamako','',1),(2814,135,'Gao','',1),(2815,135,'Kayes','',1),(2816,135,'Mopti','',1),(2817,135,'Ségou','',1),(2818,135,'Sikasso','',1),(2819,135,'Koulikoro','',1),(2820,135,'Tombouctou','',1),(2821,135,'Gao','',1),(2822,135,'Kidal','',1),(2823,151,'Burma (general)','',1),(2824,151,'Rakhine State','',1),(2825,151,'Chin State','',1),(2826,151,'Ayeyarwady','',1),(2827,151,'Kachin State','',1),(2828,151,'Kayin State','',1),(2829,151,'Kayah State','',1),(2830,151,'Magwe','',1),(2831,151,'Mandalay','',1),(2832,151,'Pegu','',1),(2833,151,'Sagain','',1),(2834,151,'Shan State','',1),(2835,151,'Tanintharyi','',1),(2836,151,'Mon State','',1),(2837,151,'Rangoon','',1),(2838,151,'Magway','',1),(2839,151,'Bago','',1),(2840,151,'Yangon','',1),(2841,151,'(BM22)','',1),(2842,146,'Erdenet Hot (historical)','',1),(2843,146,'Arhangay','',1),(2844,146,'Bayanhongor','',1),(2845,146,'Bayan-Ölgiy','',1),(2846,146,'East Aimak','',1),(2847,146,'East Gobi Aymag','',1),(2848,146,'Middle Govĭ','',1),(2849,146,'Dzavhan','',1),(2850,146,'Govĭ-Altay','',1),(2851,146,'Hentiy','',1),(2852,146,'Hovd','',1),(2853,146,'Hövsgöl','',1),(2854,146,'South Gobi Aimak','',1),(2855,146,'South Hangay','',1),(2856,146,'Selenge','',1),(2857,146,'Sühbaatar','',1),(2858,146,'Central Aimak','',1),(2859,146,'Uvs','',1),(2860,146,'Ulaanbaatar','',1),(2861,146,'Bulgan','',1),(2862,146,'Darhan Uul','',1),(2863,146,'Govĭ-Sumber','',1),(2864,146,'Orhon','',1),(2865,129,'Macau (general)','',1),(2866,129,'Ilhas','',1),(2867,129,'Macau','',1),(2868,138,'Department of Martinique','',1),(2869,139,'Nouakchott District de','',1),(2870,139,'Hodh Ech Chargui','',1),(2871,139,'Hodh El Gharbi','',1),(2872,139,'Assaba','',1),(2873,139,'Gorgol','',1),(2874,139,'Brakna','',1),(2875,139,'Trarza','',1),(2876,139,'Adrar','',1),(2877,139,'Dakhlet Nouadhibou','',1),(2878,139,'Tagant','',1),(2879,139,'Guidimaka','',1),(2880,139,'Tiris Zemmour','',1),(2881,139,'Inchiri','',1),(2882,148,'Montserrat (general)','',1),(2883,148,'Saint Anthony','',1),(2884,148,'Saint Georges','',1),(2885,148,'Saint Peter','',1),(2886,136,'Malta (general)','',1),(2887,140,'Mauritius (general)','',1),(2888,140,'Black River','',1),(2889,140,'Flacq','',1),(2890,140,'Grand Port','',1),(2891,140,'Moka','',1),(2892,140,'Pamplemousses','',1),(2893,140,'Plaines Wilhems','',1),(2894,140,'Port Louis','',1),(2895,140,'Rivière du Rempart','',1),(2896,140,'Savanne','',1),(2897,140,'Agalega Islands','',1),(2898,140,'Cargados Carajos','',1),(2899,140,'Rodrigues','',1),(2900,134,'Maale','',1),(2901,134,'Seenu','',1),(2902,134,'Alifu Atholhu','',1),(2903,134,'Lhaviyani Atholhu','',1),(2904,134,'Vaavu Atholhu','',1),(2905,134,'Laamu','',1),(2906,134,'Haa Alifu Atholhu','',1),(2907,134,'Thaa Atholhu','',1),(2908,134,'Meemu Atholhu','',1),(2909,134,'Raa Atholhu','',1),(2910,134,'Faafu Atholhu','',1),(2911,134,'Dhaalu Atholhu','',1),(2912,134,'Baa Atholhu','',1),(2913,134,'Haa Dhaalu Atholhu','',1),(2914,134,'Shaviyani Atholhu','',1),(2915,134,'Noonu Atholhu','',1),(2916,134,'Kaafu Atholhu','',1),(2917,134,'Gaafu Alifu Atholhu','',1),(2918,134,'Gaafu Dhaalu Atholhu','',1),(2919,134,'Gnaviyani Atholhu','',1),(2920,134,'Alifu','',1),(2921,134,'Baa','',1),(2922,134,'Dhaalu','',1),(2923,134,'Faafu','',1),(2924,134,'Gaafu Alifu','',1),(2925,134,'Gaafu Dhaalu','',1),(2926,134,'Haa Alifu','',1),(2927,134,'Haa Dhaalu','',1),(2928,134,'Kaafu','',1),(2929,134,'Lhaviyani','',1),(2930,134,'Maale','',1),(2931,134,'Meemu','',1),(2932,134,'Gnaviyani','',1),(2933,134,'Noonu','',1),(2934,134,'Raa','',1),(2935,134,'Shaviyani','',1),(2936,134,'Thaa','',1),(2937,134,'Vaavu','',1),(2938,132,'Malawi (general)','',1),(2939,132,'Chikwawa','',1),(2940,132,'Chiradzulu','',1),(2941,132,'Chitipa','',1),(2942,132,'Thyolo','',1),(2943,132,'Dedza','',1),(2944,132,'Dowa','',1),(2945,132,'Karonga','',1),(2946,132,'Kasungu','',1),(2947,132,'(MI10)','',1),(2948,132,'Lilongwe','',1),(2949,132,'Mangochi','',1),(2950,132,'Mchinji','',1),(2951,132,'(MI14)','',1),(2952,132,'Mzimba','',1),(2953,132,'Ntcheu','',1),(2954,132,'Nkhata Bay','',1),(2955,132,'Nkhotakota','',1),(2956,132,'Nsanje','',1),(2957,132,'Ntchisi','',1),(2958,132,'Rumphi','',1),(2959,132,'Salima','',1),(2960,132,'Zomba','',1),(2961,132,'Blantyre','',1),(2962,132,'Mwanza','',1),(2963,132,'Balaka','',1),(2964,132,'Likoma','',1),(2965,132,'Machinga','',1),(2966,132,'Mulanje','',1),(2967,132,'Phalombe','',1),(2968,142,'Mexico (general)','',1),(2969,142,'Aguascalientes','',1),(2970,142,'Baja California','',1),(2971,142,'Baja California Sur','',1),(2972,142,'Campeche','',1),(2973,142,'Chiapas','',1),(2974,142,'Chihuahua','',1),(2975,142,'Coahuila','',1),(2976,142,'Colima','',1),(2977,142,'The Federal District','',1),(2978,142,'Durango','',1),(2979,142,'Guanajuato','',1),(2980,142,'Guerrero','',1),(2981,142,'Hidalgo','',1),(2982,142,'Jalisco','',1),(2983,142,'México','',1),(2984,142,'Michoacán','',1),(2985,142,'Morelos','',1),(2986,142,'Nayarit','',1),(2987,142,'Nuevo León','',1),(2988,142,'Oaxaca','',1),(2989,142,'Puebla','',1),(2990,142,'Querétaro','',1),(2991,142,'Quintana Roo','',1),(2992,142,'San Luis Potosí','',1),(2993,142,'Sinaloa','',1),(2994,142,'Sonora','',1),(2995,142,'Tabasco','',1),(2996,142,'Tamaulipas','',1),(2997,142,'Tlaxcala','',1),(2998,142,'Veracruz-Llave','',1),(2999,142,'Yucatán','',1),(3000,142,'Zacatecas','',1),(3001,133,'Malaysia (general)','',1),(3002,133,'Johor','',1),(3003,133,'Kedah','',1),(3004,133,'Kelantan','',1),(3005,133,'Melaka','',1),(3006,133,'Negeri Sembilan','',1),(3007,133,'Pahang','',1),(3008,133,'Perak','',1),(3009,133,'Perlis','',1),(3010,133,'Pulau Pinang','',1),(3011,133,'Sarawak','',1),(3012,133,'Selangor','',1),(3013,133,'Terengganu','',1),(3014,133,'Kuala Lumpur','',1),(3015,133,'Federal Territory of Labuan','',1),(3016,133,'Sabah','',1),(3017,133,'Putrajaya','',1),(3018,150,'Mozambique (general)','',1),(3019,150,'Cabo Delgado','',1),(3020,150,'Gaza','',1),(3021,150,'Inhambane','',1),(3022,150,'Maputo Province','',1),(3023,150,'Sofala','',1),(3024,150,'Nampula','',1),(3025,150,'Niassa','',1),(3026,150,'Tete','',1),(3027,150,'Zambézia','',1),(3028,150,'Manica','',1),(3029,150,'Maputo','',1),(3030,152,'Namibia (general)','',1),(3031,152,'Bethanien','',1),(3032,152,'Caprivi Oos','',1),(3033,152,'Boesmanland','',1),(3034,152,'Gobabis','',1),(3035,152,'Grootfontein','',1),(3036,152,'Kaokoland','',1),(3037,152,'Karibib','',1),(3038,152,'Keetmanshoop','',1),(3039,152,'Lüderitz','',1),(3040,152,'Maltahöhe','',1),(3041,152,'Okahandja','',1),(3042,152,'Omaruru','',1),(3043,152,'Otjiwarongo','',1),(3044,152,'Outjo','',1),(3045,152,'Owambo','',1),(3046,152,'Rehoboth','',1),(3047,152,'Swakopmund','',1),(3048,152,'Tsumeb','',1),(3049,152,'Karasburg','',1),(3050,152,'Khomas','',1),(3051,152,'Damaraland','',1),(3052,152,'Hereroland Oos','',1),(3053,152,'Hereroland Wes','',1),(3054,152,'Kavango','',1),(3055,152,'Mariental','',1),(3056,152,'Namaland','',1),(3057,152,'Caprivi','',1),(3058,152,'Erongo','',1),(3059,152,'Hardap','',1),(3060,152,'Karas','',1),(3061,152,'Kunene','',1),(3062,152,'Ohangwena','',1),(3063,152,'Okavango','',1),(3064,152,'Omaheke','',1),(3065,152,'Omusati','',1),(3066,152,'Oshana','',1),(3067,152,'Oshikoto','',1),(3068,152,'Otjozondjupa','',1),(3069,152,'Khomas','',1),(3070,157,'Territory of New Caledonia and Dependencies','',1),(3071,160,'Niger (general)','',1),(3072,160,'Agadez','',1),(3073,160,'Diffa','',1),(3074,160,'Dosso','',1),(3075,160,'Maradi','',1),(3076,160,'Niamey Département de','',1),(3077,160,'Tahoua','',1),(3078,160,'Zinder','',1),(3079,160,'Niamey','',1),(3080,160,'Tillabéri','',1),(3081,163,'Norfolk Island (general)','',1),(3082,161,'Bendel State','',1),(3083,161,'Lagos','',1),(3084,161,'(NI10)','',1),(3085,161,'Abuja Federal Capital Territory','',1),(3086,161,'(NI12)','',1),(3087,161,'Ogun','',1),(3088,161,'(NI17)','',1),(3089,161,'(NI18)','',1),(3090,161,'(NI20)','',1),(3091,161,'Akwa Ibom','',1),(3092,161,'Cross River','',1),(3093,161,'Kaduna','',1),(3094,161,'Katsina','',1),(3095,161,'Anambra','',1),(3096,161,'Benue','',1),(3097,161,'Borno','',1),(3098,161,'Imo','',1),(3099,161,'Kano','',1),(3100,161,'Kwara','',1),(3101,161,'Niger','',1),(3102,161,'Oyo','',1),(3103,161,'(NI34)','',1),(3104,161,'Adamawa','',1),(3105,161,'Delta','',1),(3106,161,'Edo','',1),(3107,161,'Jigawa','',1),(3108,161,'Kebbi','',1),(3109,161,'Kogi','',1),(3110,161,'Osun','',1),(3111,161,'Taraba','',1),(3112,161,'Yobe','',1),(3113,161,'Abia','',1),(3114,161,'Bauchi','',1),(3115,161,'Enugu','',1),(3116,161,'Ondo','',1),(3117,161,'Plateau','',1),(3118,161,'Rivers','',1),(3119,161,'Sokoto','',1),(3120,161,'Bayelsa','',1),(3121,161,'Ebonyi','',1),(3122,161,'Ekiti','',1),(3123,161,'Gombe','',1),(3124,161,'Nassarawa','',1),(3125,161,'Zamfara','',1),(3126,159,'Nicaragua (general)','',1),(3127,159,'Boaco','',1),(3128,159,'Carazo','',1),(3129,159,'Chinandega','',1),(3130,159,'Chontales','',1),(3131,159,'Estelí','',1),(3132,159,'Granada','',1),(3133,159,'Jinotega','',1),(3134,159,'León','',1),(3135,159,'Madriz','',1),(3136,159,'Managua','',1),(3137,159,'Masaya','',1),(3138,159,'Matagalpa','',1),(3139,159,'Nueva Segovia','',1),(3140,159,'Río San Juan','',1),(3141,159,'Rivas','',1),(3142,159,'Ogun State','',1),(3143,159,'Atlántico Norte','',1),(3144,159,'Región Autónoma Atlántico Sur','',1),(3145,155,'Netherlands (general)','',1),(3146,155,'Drenthe','',1),(3147,155,'Friesland','',1),(3148,155,'Gelderland','',1),(3149,155,'Groningen','',1),(3150,155,'Limburg','',1),(3151,155,'North Brabant','',1),(3152,155,'Noord-Holland','',1),(3153,155,'Utrecht','',1),(3154,155,'Zeeland','',1),(3155,155,'South Holland','',1),(3156,155,'Overijssel','',1),(3157,155,'Flevoland','',1),(3158,165,'Jan Mayen','',1),(3159,165,'Akershus','',1),(3160,165,'Aust-Agder','',1),(3161,165,'Buskerud','',1),(3162,165,'Finnmark','',1),(3163,165,'Hedmark','',1),(3164,165,'Hordaland','',1),(3165,165,'Møre og Romsdal','',1),(3166,165,'Nordland','',1),(3167,165,'Nord-Trøndelag','',1),(3168,165,'Oppland','',1),(3169,165,'Oslo','',1),(3170,165,'Østfold','',1),(3171,165,'Rogaland','',1),(3172,165,'Sogn og Fjordane','',1),(3173,165,'Sør-Trøndelag','',1),(3174,165,'Telemark','',1),(3175,165,'Troms','',1),(3176,165,'Vest-Agder','',1),(3177,165,'Vestfold','',1),(3178,154,'Bāgmatī Zone','',1),(3179,154,'Bāgmatī','',1),(3180,154,'Bherī','',1),(3181,154,'Dhawalāgiri','',1),(3182,154,'Gandakī','',1),(3183,154,'Janakpur','',1),(3184,154,'Karnālī','',1),(3185,154,'Kosī','',1),(3186,154,'Lumbinī','',1),(3187,154,'Mahākālī','',1),(3188,154,'Mechī','',1),(3189,154,'Nārāyanī','',1),(3190,154,'Rāptī','',1),(3191,154,'Sagarmāthā','',1),(3192,154,'Setī','',1),(3193,153,'Nauru (general)','',1),(3194,153,'Aiwo','',1),(3195,153,'Anabar','',1),(3196,153,'Anetan','',1),(3197,153,'Anibare','',1),(3198,153,'Baiti','',1),(3199,153,'Boe','',1),(3200,153,'Buada','',1),(3201,153,'Denigomodu','',1),(3202,153,'Ewa','',1),(3203,153,'Ijuw','',1),(3204,153,'Meneng','',1),(3205,153,'Nibok','',1),(3206,153,'Uaboe','',1),(3207,153,'Yaren','',1),(3208,162,'Niue (general)','',1),(3215,158,'Chatham Islands','',1),(3247,158,'Manawatu','',1),(3291,158,'Wairarapa','',1),(3300,158,'Northland','',1),(3318,158,'Auckland','',1),(3319,158,'Bay of Plenty','',1),(3320,158,'Canterbury','',1),(3323,158,'Wanganui','',1),(3324,158,'Marlborough','',1),(3327,158,'Otago','',1),(3328,158,'Southland','',1),(3329,158,'Taranaki','',1),(3330,158,'Waikato','',1),(3331,158,'Wellington','',1),(3332,158,'West Coast','',1),(3337,158,'Hawke\'s Bay','',1),(3338,158,'Nelson','',1),(3341,166,'Oman (general)','',1),(3342,166,'Ad Dākhilīyah','',1),(3343,166,'Al Bāţinah','',1),(3344,166,'Al Wusţá','',1),(3345,166,'Ash Sharqīyah','',1),(3346,166,'Az̧ Z̧āhirah','',1),(3347,166,'Masqaţ','',1),(3348,166,'Musandam','',1),(3349,166,'Z̧ufār','',1),(3350,170,'Panama (general)','',1),(3351,170,'Bocas del Toro','',1),(3352,170,'Chiriquí','',1),(3353,170,'Coclé','',1),(3354,170,'Colón','',1),(3355,170,'Darién','',1),(3356,170,'Herrera','',1),(3357,170,'Los Santos','',1),(3358,170,'Panamá','',1),(3359,170,'San Blas','',1),(3360,170,'Veraguas','',1),(3361,173,'Peru (general)','',1),(3362,173,'Amazonas','',1),(3363,173,'Ancash','',1),(3364,173,'Apurímac','',1),(3365,173,'Arequipa','',1),(3366,173,'Ayacucho','',1),(3367,173,'Cajamarca','',1),(3368,173,'Callao','',1),(3369,173,'Cusco','',1),(3370,173,'Huancavelica','',1),(3371,173,'Huanuco','',1),(3372,173,'Ica','',1),(3373,173,'Junín','',1),(3374,173,'La Libertad','',1),(3375,173,'Lambayeque','',1),(3376,173,'Lima','',1),(3377,173,'Loreto','',1),(3378,173,'Madre de Dios','',1),(3379,173,'Moquegua','',1),(3380,173,'Pasco','',1),(3381,173,'Piura','',1),(3382,173,'Puno','',1),(3383,173,'San Martín','',1),(3384,173,'Tacna','',1),(3385,173,'Tumbes','',1),(3386,173,'Ucayali','',1),(3387,76,'Territory of French Polynesia','',1),(3388,171,'Papua New Guinea (general)','',1),(3389,171,'Central','',1),(3390,171,'Gulf','',1),(3391,171,'Milne Bay','',1),(3392,171,'Northern','',1),(3393,171,'Southern Highlands','',1),(3394,171,'Western','',1),(3395,171,'Bougainville','',1),(3396,171,'Chimbu','',1),(3397,171,'Eastern Highlands','',1),(3398,171,'East New Britain','',1),(3399,171,'East Sepik','',1),(3400,171,'Madang','',1),(3401,171,'Manus','',1),(3402,171,'Morobe','',1),(3403,171,'New Ireland','',1),(3404,171,'Western Highlands','',1),(3405,171,'West New Britain','',1),(3406,171,'Sandaun','',1),(3407,171,'Enga','',1),(3408,171,'National Capital','',1),(3409,174,'Philippines (general)','',1),(3410,174,'Abra','',1),(3411,174,'Agusan del Norte','',1),(3412,174,'Agusan del Sur','',1),(3413,174,'Aklan','',1),(3414,174,'Albay','',1),(3415,174,'Antique','',1),(3416,174,'Bataan','',1),(3417,174,'Batanes','',1),(3418,174,'Batangas','',1),(3419,174,'Benguet','',1),(3420,174,'Bohol','',1),(3421,174,'Bukidnon','',1),(3422,174,'Bulacan','',1),(3423,174,'Cagayan','',1),(3424,174,'Camarines Norte','',1),(3425,174,'Camarines Sur','',1),(3426,174,'Camiguin','',1),(3427,174,'Capiz','',1),(3428,174,'Catanduanes','',1),(3429,174,'Cavite','',1),(3430,174,'Cebu','',1),(3431,174,'Basilan','',1),(3432,174,'Eastern Samar','',1),(3433,174,'Davao','',1),(3434,174,'Davao del Sur','',1),(3435,174,'Davao Oriental','',1),(3436,174,'Ifugao','',1),(3437,174,'Ilocos Norte','',1),(3438,174,'Ilocos Sur','',1),(3439,174,'Iloilo','',1),(3440,174,'Isabela','',1),(3441,174,'Kalinga-Apayao','',1),(3442,174,'Laguna','',1),(3443,174,'Lanao del Norte','',1),(3444,174,'Lanao del Sur','',1),(3445,174,'La Union','',1),(3446,174,'Leyte','',1),(3447,174,'Marinduque','',1),(3448,174,'Masbate','',1),(3449,174,'Mindoro Occidental','',1),(3450,174,'Mindoro Oriental','',1),(3451,174,'Misamis Occidental','',1),(3452,174,'Misamis Oriental','',1),(3453,174,'Mountain Province','',1),(3454,174,'(RP45)','',1),(3455,174,'Negros Oriental','',1),(3456,174,'Nueva Ecija','',1),(3457,174,'Nueva Vizcaya','',1),(3458,174,'Palawan','',1),(3459,174,'Pampanga','',1),(3460,174,'Pangasinan','',1),(3461,174,'Rizal','',1),(3462,174,'Romblon','',1),(3463,174,'Samar','',1),(3464,174,'Maguindanao','',1),(3465,174,'North Cotabato','',1),(3466,174,'Sorsogon','',1),(3467,174,'Southern Leyte','',1),(3468,174,'Sulu','',1),(3469,174,'Surigao del Norte','',1),(3470,174,'Surigao del Sur','',1),(3471,174,'Tarlac','',1),(3472,174,'Zambales','',1),(3473,174,'Zamboanga del Norte','',1),(3474,174,'Zamboanga del Sur','',1),(3475,174,'Northern Samar','',1),(3476,174,'Quirino','',1),(3477,174,'Siquijor','',1),(3478,174,'South Cotabato','',1),(3479,174,'Sultan Kudarat','',1),(3480,174,'Tawi-Tawi','',1),(3481,174,'Angeles','',1),(3482,174,'Bacolod City','',1),(3483,174,'Bago','',1),(3484,174,'Baguio','',1),(3485,174,'Bais','',1),(3486,174,'Basilan','',1),(3487,174,'Batangas','',1),(3488,174,'Butuan','',1),(3489,174,'Cabanatuan','',1),(3490,174,'Cadiz','',1),(3491,174,'Chartered City of Cagayan de Oro','',1),(3492,174,'Calbayog','',1),(3493,174,'Caloocan','',1),(3494,174,'Canlaon','',1),(3495,174,'Cavite','',1),(3496,174,'Cebu City','',1),(3497,174,'Cotabato','',1),(3498,174,'Dagupan','',1),(3499,174,'Danao','',1),(3500,174,'Dapitan','',1),(3501,174,'Davao','',1),(3502,174,'Dipolog','',1),(3503,174,'Dumaguete','',1),(3504,174,'General Santos','',1),(3505,174,'Gingoog','',1),(3506,174,'Chartered City of Iligan','',1),(3507,174,'Iloilo','',1),(3508,174,'Iriga','',1),(3509,174,'La Carlota','',1),(3510,174,'Laoag','',1),(3511,174,'Lapu-Lapu','',1),(3512,174,'Legaspi','',1),(3513,174,'Lipa','',1),(3514,174,'Lucena','',1),(3515,174,'Mandaue','',1),(3516,174,'Manila','',1),(3517,174,'Chartered City of Marawi','',1),(3518,174,'Naga','',1),(3519,174,'Olongapo','',1),(3520,174,'Ormoc','',1),(3521,174,'Oroquieta','',1),(3522,174,'Ozamis','',1),(3523,174,'Pagadian','',1),(3524,174,'Palayan','',1),(3525,174,'Pasay','',1),(3526,174,'Puerto Princesa','',1),(3527,174,'Quezon','',1),(3528,174,'Roxas','',1),(3529,174,'San Carlos, Negros Occidental','',1),(3530,174,'San Carlos, Pangasinan','',1),(3531,174,'San Jose','',1),(3532,174,'San Pablo','',1),(3533,174,'Silay','',1),(3534,174,'Surigao','',1),(3535,174,'Tacloban','',1),(3536,174,'Tagaytay','',1),(3537,174,'Tagbilaran','',1),(3538,174,'Tangub','',1),(3539,174,'Toledo','',1),(3540,174,'Trece Martires','',1),(3541,174,'Zamboanga City','',1),(3542,174,'Aurora','',1),(3543,174,'Quezon','',1),(3544,174,'Negros Occidental','',1),(3545,167,'Pakistan (general)','',1),(3546,167,'Federally Administered Tribal Areas','',1),(3547,167,'Balochistān','',1),(3548,167,'North-West Frontier','',1),(3549,167,'Punjab','',1),(3550,167,'Sindh','',1),(3551,167,'Azad Kashmir','',1),(3552,167,'Northern Areas','',1),(3553,167,'Islāmābād','',1),(3554,176,'Bielskie Województwo','',1),(3555,176,'Biala Podlaska','',1),(3556,176,'Bialystok','',1),(3557,176,'Bielsko','',1),(3558,176,'Bydgoszcz','',1),(3559,176,'Chelm','',1),(3560,176,'Ciechanow','',1),(3561,176,'Czestochowa','',1),(3562,176,'Elblag','',1),(3563,176,'Gdansk','',1),(3564,176,'Gorzow','',1),(3565,176,'Jelenia Gora','',1),(3566,176,'Kalisz','',1),(3567,176,'Katowice','',1),(3568,176,'Kielce','',1),(3569,176,'Konin','',1),(3570,176,'Koszalin','',1),(3571,176,'Krakow','',1),(3572,176,'Krosno','',1),(3573,176,'Legnica','',1),(3574,176,'Leszno','',1),(3575,176,'Lodz','',1),(3576,176,'Lomza','',1),(3577,176,'Lublin','',1),(3578,176,'Nowy Sacz','',1),(3579,176,'Olsztyn','',1),(3580,176,'Opole','',1),(3581,176,'Ostroleka','',1),(3582,176,'Pita','',1),(3583,176,'Piotrkow','',1),(3584,176,'Plock','',1),(3585,176,'Poznan','',1),(3586,176,'Przemysl','',1),(3587,176,'Radom','',1),(3588,176,'Rzeszow','',1),(3589,176,'Siedlce','',1),(3590,176,'Sieradz','',1),(3591,176,'Skierniewice','',1),(3592,176,'Slupsk','',1),(3593,176,'Suwalki','',1),(3594,176,'Szczecin','',1),(3595,176,'Tarnobrzeg','',1),(3596,176,'Tarnow','',1),(3597,176,'Torufi','',1),(3598,176,'Walbrzych','',1),(3599,176,'Warszawa','',1),(3600,176,'Wloclawek','',1),(3601,176,'Wroclaw','',1),(3602,176,'Zamosc','',1),(3603,176,'Zielona Gora','',1),(3604,176,'Lower Silesian Voivodeship','',1),(3605,176,'Kujawsko-Pomorskie Voivodship','',1),(3606,176,'Łódź Voivodeship','',1),(3607,176,'Lublin Voivodeship','',1),(3608,176,'Lubusz Voivodship','',1),(3609,176,'Lesser Poland Voivodeship','',1),(3610,176,'Masovian Voivodeship','',1),(3611,176,'Opole Voivodeship','',1),(3612,176,'Subcarpathian Voivodeship','',1),(3613,176,'Podlasie Voivodship','',1),(3614,176,'Pomeranian Voivodeship','',1),(3615,176,'Silesian Voivodship','',1),(3616,176,'Świętokrzyskie Voivodship','',1),(3617,176,'Warmian-Masurian Voivodeship','',1),(3618,176,'Greater Poland Voivodeship','',1),(3619,176,'West Pomeranian Voivodeship','',1),(3620,187,'Territorial Collectivity of Saint Pierre and Miquelon','',1),(3621,175,'Pitcairn Islands (general)','',1),(3622,169,'Palestine (general)','',1),(3623,169,'Gaza Strip','',1),(3624,169,'West Bank','',1),(3625,177,'Portugal (general)','',1),(3626,177,'Aveiro','',1),(3627,177,'Beja','',1),(3628,177,'Braga','',1),(3629,177,'Bragança','',1),(3630,177,'Castelo Branco','',1),(3631,177,'Coimbra','',1),(3632,177,'Évora','',1),(3633,177,'Faro','',1),(3634,177,'Madeira','',1),(3635,177,'Guarda','',1),(3636,177,'Leiria','',1),(3637,177,'Lisboa','',1),(3638,177,'Portalegre','',1),(3639,177,'Porto','',1),(3640,177,'Santarém','',1),(3641,177,'Setúbal','',1),(3642,177,'Viana do Castelo','',1),(3643,177,'Vila Real','',1),(3644,177,'Viseu','',1),(3645,177,'Azores','',1),(3646,168,'Palau (general)','',1),(3647,172,'Paraguay (general)','',1),(3648,172,'Alto Paraná','',1),(3649,172,'Amambay','',1),(3650,172,'Departamento de Alto Paraguay','',1),(3651,172,'Caaguazú','',1),(3652,172,'Caazapá','',1),(3653,172,'Central','',1),(3654,172,'Concepción','',1),(3655,172,'Cordillera','',1),(3656,172,'Guairá','',1),(3657,172,'Itapúa','',1),(3658,172,'Misiones','',1),(3659,172,'Ñeembucú','',1),(3660,172,'Paraguarí','',1),(3661,172,'Presidente Hayes','',1),(3662,172,'San Pedro','',1),(3663,172,'Canindeyú','',1),(3664,172,'Asunción','',1),(3665,172,'Asunción','',1),(3666,172,'Boquerón','',1),(3667,179,'Qatar (general)','',1),(3668,179,'Ad Dawḩah','',1),(3669,179,'Al Ghuwayrīyah','',1),(3670,179,'Al Jumaylīyah','',1),(3671,179,'Al Khawr','',1),(3672,179,'Al Wakrah Municipality','',1),(3673,179,'Ar Rayyān','',1),(3674,179,'Jarayan al Batinah','',1),(3675,179,'Madīnat ash Shamāl','',1),(3676,179,'Umm Şalāl','',1),(3677,179,'Al Wakrah','',1),(3678,179,'Jarayān al Bāţinah','',1),(3679,179,'Umm Sa‘īd','',1),(3680,180,'Department of Reunion','',1),(3681,181,'Judeţul Covurlui','',1),(3682,181,'Alba','',1),(3683,181,'Arad','',1),(3684,181,'Argeş','',1),(3685,181,'Bacău','',1),(3686,181,'Bihor','',1),(3687,181,'Bistriţa-Năsăud','',1),(3688,181,'Botoşani','',1),(3689,181,'Brăila','',1),(3690,181,'Braşov','',1),(3691,181,'Bucureşti','',1),(3692,181,'Buzău','',1),(3693,181,'Caraş-Severin','',1),(3694,181,'Cluj','',1),(3695,181,'Constanţa','',1),(3696,181,'Covasna','',1),(3697,181,'Dâmboviţa','',1),(3698,181,'Dolj','',1),(3699,181,'Galaţi','',1),(3700,181,'Gorj','',1),(3701,181,'Harghita','',1),(3702,181,'Hunedoara','',1),(3703,181,'Ialomiţa','',1),(3704,181,'Iaşi','',1),(3705,181,'Maramureş','',1),(3706,181,'Mehedinţi','',1),(3707,181,'Mureş','',1),(3708,181,'Neamţ','',1),(3709,181,'Olt','',1),(3710,181,'Prahova','',1),(3711,181,'Sălaj','',1),(3712,181,'Satu Mare','',1),(3713,181,'Sibiu','',1),(3714,181,'Suceava','',1),(3715,181,'Teleorman','',1),(3716,181,'Timiş','',1),(3717,181,'Tulcea','',1),(3718,181,'Vaslui','',1),(3719,181,'Vâlcea','',1),(3720,181,'Vrancea','',1),(3721,181,'Călăraşi','',1),(3722,181,'Giurgiu','',1),(3723,181,'Ilfov','',1),(3724,194,'Serbia (general)','',1),(3725,194,'Kosovo','',1),(3726,194,'Autonomna Pokrajina Vojvodina','',1),(3727,182,'Russia (general)','',1),(3728,182,'Adygeya','',1),(3729,182,'Aginskiy Buryatskiy Avtonomnyy Okrug','',1),(3730,182,'Altay','',1),(3731,182,'Altayskiy Kray','',1),(3732,182,'Amur','',1),(3733,182,'Arkhangelsk','',1),(3734,182,'Astrakhan','',1),(3735,182,'Bashkortostan','',1),(3736,182,'Belgorod','',1),(3737,182,'Brjansk','',1),(3738,182,'Buryatiya','',1),(3739,182,'Tsjeljabinsk','',1),(3740,182,'Tsjita','',1),(3741,182,'Chukotskiy Avtonomnyy Okrug','',1),(3742,182,'Chuvashia','',1),(3743,182,'Dagestan','',1),(3744,182,'Evenkiyskiy Avtonomnyy Okrug','',1),(3745,182,'Ingushetiya','',1),(3746,182,'Irkutsk','',1),(3747,182,'Ivanovo','',1),(3748,182,'Kabardino-Balkariya','',1),(3749,182,'Kaliningrad','',1),(3750,182,'Kalmykiya','',1),(3751,182,'Kaluga','',1),(3752,182,'Kamtsjatka','',1),(3753,182,'Karachayevo-Cherkesiya','',1),(3754,182,'Kareliya','',1),(3755,182,'Kemerovo','',1),(3756,182,'Khabarovsk Krai','',1),(3757,182,'Khakasiya','',1),(3758,182,'Khanty-Mansiyskiy Avtonomnyy Okrug','',1),(3759,182,'Kirov','',1),(3760,182,'Komi','',1),(3761,182,'Komi-Permyatskiy Avtonomnyy Okrug','',1),(3762,182,'Koryakskiy Avtonomnyy Okrug','',1),(3763,182,'Kostroma','',1),(3764,182,'Krasnodarskiy Kray','',1),(3765,182,'Krasnoyarskiy Kray','',1),(3766,182,'Kurgan','',1),(3767,182,'Kursk','',1),(3768,182,'Leningrad','',1),(3769,182,'Lipetsk','',1),(3770,182,'Magadan','',1),(3771,182,'Mariy-El','',1),(3772,182,'Mordoviya','',1),(3773,182,'Moskva fylke','',1),(3774,182,'Moskva','',1),(3775,182,'Murmansk Oblast','',1),(3776,182,'Nenetskiy Avtonomnyy Okrug','',1),(3777,182,'Nizjnij Novgorod','',1),(3778,182,'Novgorod','',1),(3779,182,'Novosibirsk','',1),(3780,182,'Omsk','',1),(3781,182,'Orenburg','',1),(3782,182,'Orjol','',1),(3783,182,'Penza','',1),(3784,182,'Primorskiy Kray','',1),(3785,182,'Pskov','',1),(3786,182,'Rostov','',1),(3787,182,'Rjazan','',1),(3788,182,'Sakha','',1),(3789,182,'Sakhalin','',1),(3790,182,'Samara','',1),(3791,182,'Sankt-Peterburg','',1),(3792,182,'Saratov','',1),(3793,182,'Severnaya Osetiya-Alaniya','',1),(3794,182,'Smolensk','',1),(3795,182,'Stavropol\'skiy Kray','',1),(3796,182,'Sverdlovsk','',1),(3797,182,'Tambov','',1),(3798,182,'Tatarstan','',1),(3799,182,'Taymyrskiy (Dolgano-Nenetskiy) Avtonomnyy Okrug','',1),(3800,182,'Tomsk','',1),(3801,182,'Tula','',1),(3802,182,'Tver','',1),(3803,182,'Tjumen','',1),(3804,182,'Tyva','',1),(3805,182,'Udmurtiya','',1),(3806,182,'Uljanovsk','',1),(3807,182,'Ust\'-Ordynskiy Buryatskiy Avtonomnyy Okrug','',1),(3808,182,'Vladimir','',1),(3809,182,'Volgograd','',1),(3810,182,'Vologda','',1),(3811,182,'Voronezj','',1),(3812,182,'Yamalo-Nenetskiy Avtonomnyy Okrug','',1),(3813,182,'Jaroslavl','',1),(3814,182,'Jewish Autonomous Oblast','',1),(3815,182,'Permskiy Kray','',1),(3816,182,'Chechnya','',1),(3817,182,'RSJA','',1),(3818,183,'Rwanda (general)','',1),(3819,183,'Butare','',1),(3820,183,'Byumba','',1),(3821,183,'Cyangugu','',1),(3822,183,'Gikongoro','',1),(3823,183,'Gisenyi','',1),(3824,183,'Gitarama','',1),(3825,183,'Kibungo','',1),(3826,183,'Kibuye','',1),(3827,183,'Kigali','',1),(3828,183,'Ruhengeri','',1),(3829,183,'Eastern Province','',1),(3830,183,'Kigali City','',1),(3831,183,'Northern Province','',1),(3832,183,'Western Province','',1),(3833,183,'Southern Province','',1),(3834,192,'Saudi Arabia (general)','',1),(3835,192,'Al Bāḩah','',1),(3836,192,'Al Madīnah','',1),(3837,192,'Ash Sharqīyah','',1),(3838,192,'Al Qaşīm','',1),(3839,192,'Ar Riyāḑ','',1),(3840,192,'‘Asīr','',1),(3841,192,'Ḩāʼil','',1),(3842,192,'Makkah','',1),(3843,192,'Al Ḩudūd ash Shamālīyah','',1),(3844,192,'Najrān','',1),(3845,192,'Jīzān','',1),(3846,192,'Tabūk','',1),(3847,192,'Al Jawf','',1),(3848,200,'Makira Province','',1),(3849,200,'Malaita','',1),(3850,200,'Western','',1),(3851,200,'Central','',1),(3852,200,'Guadalcanal','',1),(3853,200,'Isabel','',1),(3854,200,'Makira','',1),(3855,200,'Temotu','',1),(3856,200,'Choiseul','',1),(3857,200,'Rennell and Bellona','',1),(3858,195,'Seychelles (general)','',1),(3859,195,'Anse aux Pins','',1),(3860,195,'Anse Boileau','',1),(3861,195,'Anse Etoile','',1),(3862,195,'Anse Louis','',1),(3863,195,'Anse Royale','',1),(3864,195,'Baie Lazare','',1),(3865,195,'Baie Sainte Anne','',1),(3866,195,'Beau Vallon','',1),(3867,195,'Bel Air','',1),(3868,195,'Bel Ombre','',1),(3869,195,'Cascade','',1),(3870,195,'Glacis','',1),(3871,195,'Saint Thomas Middle Island Parish','',1),(3872,195,'Grand Anse Praslin','',1),(3873,195,'Trinity Palmetto Point Parish','',1),(3874,195,'La Riviere Anglaise','',1),(3875,195,'Mont Buxton','',1),(3876,195,'Mont Fleuri','',1),(3877,195,'Plaisance','',1),(3878,195,'Pointe Larue','',1),(3879,195,'Port Glaud','',1),(3880,195,'Saint Louis','',1),(3881,195,'Takamaka','',1),(3882,195,'Anse aux Pins','',1),(3883,195,'Anse Boileau','',1),(3884,195,'Anse Etoile','',1),(3885,195,'Anse Royale','',1),(3886,195,'Baie Lazare','',1),(3887,195,'Beau Vallon','',1),(3888,195,'Bel Ombre','',1),(3889,195,'Glacis','',1),(3890,195,'Grand Anse Mahe','',1),(3891,195,'Grand Anse Praslin','',1),(3892,195,'Inner Islands','',1),(3893,195,'English River','',1),(3894,195,'Mont Fleuri','',1),(3895,195,'Plaisance','',1),(3896,195,'Pointe Larue','',1),(3897,195,'Port Glaud','',1),(3898,195,'Takamaka','',1),(3899,195,'Au Cap','',1),(3900,195,'Les Mamelles','',1),(3901,195,'Roche Caiman','',1),(3902,206,'Sudan (general)','',1),(3903,206,'(SU26)','',1),(3904,206,'Al Wilāyah al Wusţá','',1),(3905,206,'Al Wilāyah al Istiwā\'īyah','',1),(3906,206,'Al Kharţūm','',1),(3907,206,'Ash Shamaliyah','',1),(3908,206,'Al Wilāyah ash Sharqīyah','',1),(3909,206,'Ba?r al Ghazal Wilayat','',1),(3910,206,'Darfur Wilayat','',1),(3911,206,'Kurdufan Wilayat','',1),(3912,206,'A‘alī an Nīl','',1),(3913,206,'Al Baḩr al Aḩmar','',1),(3914,206,'Al Buḩayrāt','',1),(3915,206,'Al Jazīrah','',1),(3916,206,'Al Qaḑārif','',1),(3917,206,'Al Waḩdah','',1),(3918,206,'An Nīl al Abyaḑ','',1),(3919,206,'An Nīl al Azraq','',1),(3920,206,'Ash Shamālīyah','',1),(3921,206,'Baḩr al Jabal','',1),(3922,206,'Gharb al Istiwāʼīyah','',1),(3923,206,'Gharb Baḩr al Ghazāl','',1),(3924,206,'Gharb Dārfūr','',1),(3925,206,'Gharb Kurdufān','',1),(3926,206,'Janūb Dārfūr','',1),(3927,206,'Janūb Kurdufān','',1),(3928,206,'Junqalī','',1),(3929,206,'Kassalā','',1),(3930,206,'Nahr an Nīl','',1),(3931,206,'Shamāl Baḩr al Ghazāl','',1),(3932,206,'Shamāl Dārfūr','',1),(3933,206,'Shamāl Kurdufān','',1),(3934,206,'Sharq al Istiwāʼīyah','',1),(3935,206,'Sinnār','',1),(3936,206,'Warab','',1),(3937,210,'Sweden (general)','',1),(3938,210,'Blekinge Län','',1),(3939,210,'Gävleborgs Län','',1),(3940,210,'Goteborgs Och Bohus','',1),(3941,210,'Gotlands Län','',1),(3942,210,'Hallands Län','',1),(3943,210,'Jämtlands Län','',1),(3944,210,'Jönköpings Län','',1),(3945,210,'Kalmar Län','',1),(3946,210,'Dalarnas Län','',1),(3947,210,'Kronobergs Län','',1),(3948,210,'Malmohus','',1),(3949,210,'Norrbottens Län','',1),(3950,210,'Örebro Län','',1),(3951,210,'Östergötlands Län','',1),(3952,210,'Södermanlands Län','',1),(3953,210,'Uppsala Län','',1),(3954,210,'Värmlands Län','',1),(3955,210,'Västerbottens Län','',1),(3956,210,'Västernorrlands Län','',1),(3957,210,'Västmanlands Län','',1),(3958,210,'Stockholms Län','',1),(3959,210,'Skåne Län','',1),(3960,210,'Västra Götaland','',1),(3961,197,'Singapore (general)','',1),(3962,184,'Saint Helena (general)','',1),(3963,184,'Ascension','',1),(3964,184,'Saint Helena','',1),(3965,184,'Tristan da Cunha','',1),(3966,199,'Občina [historical] Hodoš Šalovci','',1),(3967,199,'Ajdovščina','',1),(3968,199,'Beltinci','',1),(3969,199,'Bled','',1),(3970,199,'Bohinj','',1),(3971,199,'Borovnica','',1),(3972,199,'Bovec','',1),(3973,199,'Brda','',1),(3974,199,'Brežice','',1),(3975,199,'Brezovica','',1),(3976,199,'Celje','',1),(3977,199,'Občina Cerklje na Gorenjskem','',1),(3978,199,'Cerknica','',1),(3979,199,'Cerkno','',1),(3980,199,'Črenšovci','',1),(3981,199,'Črna na Koroškem','',1),(3982,199,'Črnomelj','',1),(3983,199,'Divača','',1),(3984,199,'Dobrepolje','',1),(3985,199,'Občina Dol pri Ljubljani','',1),(3986,199,'Dornava','',1),(3987,199,'Dravograd','',1),(3988,199,'Duplek','',1),(3989,199,'Gorenja Vas-Poljane','',1),(3990,199,'Gorišnica','',1),(3991,199,'Gornja Radgona','',1),(3992,199,'Gornji Grad','',1),(3993,199,'Gornji Petrovci','',1),(3994,199,'Grosuplje','',1),(3995,199,'Hrastnik','',1),(3996,199,'Hrpelje-Kozina','',1),(3997,199,'Idrija','',1),(3998,199,'Ig','',1),(3999,199,'Ilirska Bistrica','',1),(4000,199,'Ivančna Gorica','',1),(4001,199,'Izola-Isola','',1),(4002,199,'Juršinci','',1),(4003,199,'Kanal','',1),(4004,199,'Kidričevo','',1),(4005,199,'Kobarid','',1),(4006,199,'Kobilje','',1),(4007,199,'Komen','',1),(4008,199,'Koper-Capodistria','',1),(4009,199,'Kozje','',1),(4010,199,'Kranj','',1),(4011,199,'Kranjska Gora','',1),(4012,199,'Krško','',1),(4013,199,'Kungota','',1),(4014,199,'Laško','',1),(4015,199,'Ljubljana','',1),(4016,199,'Ljubno','',1),(4017,199,'Logatec','',1),(4018,199,'Loški Potok','',1),(4019,199,'Lukovica','',1),(4020,199,'Medvode','',1),(4021,199,'Mengeš','',1),(4022,199,'Metlika','',1),(4023,199,'Mežica','',1),(4024,199,'Mislinja','',1),(4025,199,'Moravče','',1),(4026,199,'Moravske Toplice','',1),(4027,199,'Mozirje','',1),(4028,199,'Murska Sobota','',1),(4029,199,'Muta','',1),(4030,199,'Naklo','',1),(4031,199,'Nazarje','',1),(4032,199,'Nova Gorica','',1),(4033,199,'Odranci','',1),(4034,199,'Ormož','',1),(4035,199,'Osilnica','',1),(4036,199,'Pesnica','',1),(4037,199,'Pivka','',1),(4038,199,'Podčetrtek','',1),(4039,199,'Postojna','',1),(4040,199,'Puconci','',1),(4041,199,'Rače-Fram','',1),(4042,199,'Radeče','',1),(4043,199,'Radenci','',1),(4044,199,'Radlje ob Dravi','',1),(4045,199,'Radovljica','',1),(4046,199,'Rogašovci','',1),(4047,199,'Rogaška Slatina','',1),(4048,199,'Rogatec','',1),(4049,199,'Semič','',1),(4050,199,'Šenčur','',1),(4051,199,'Šentilj','',1),(4052,199,'Šentjernej','',1),(4053,199,'Sevnica','',1),(4054,199,'Sežana','',1),(4055,199,'Škocjan','',1),(4056,199,'Škofja Loka','',1),(4057,199,'Škofljica','',1),(4058,199,'Slovenj Gradec','',1),(4059,199,'Slovenska Konjice','',1),(4060,199,'Šmarje pri Jelšah','',1),(4061,199,'Šmartno ob Paki','',1),(4062,199,'Šoštanj','',1),(4063,199,'Starše','',1),(4064,199,'Štore','',1),(4065,199,'Sveti Jurij','',1),(4066,199,'Tolmin','',1),(4067,199,'Trbovlje','',1),(4068,199,'Trebnje','',1),(4069,199,'Tržič','',1),(4070,199,'Turnišče','',1),(4071,199,'Velenje','',1),(4072,199,'Velike Lašče','',1),(4073,199,'Vipava','',1),(4074,199,'Vitanje','',1),(4075,199,'Vodice','',1),(4076,199,'Vrhnika','',1),(4077,199,'Vuzenica','',1),(4078,199,'Zagorje ob Savi','',1),(4079,199,'Zavrč','',1),(4080,199,'Železniki','',1),(4081,199,'Žiri','',1),(4082,199,'Zreče','',1),(4083,199,'Benedikt','',1),(4084,199,'Bistrica ob Sotli','',1),(4085,199,'Bloke','',1),(4086,199,'Braslovče','',1),(4087,199,'Cankova','',1),(4088,199,'Cerkvenjak','',1),(4089,199,'Destrnik','',1),(4090,199,'Dobje','',1),(4091,199,'Dobrna','',1),(4092,199,'Dobrova-Horjul-Polhov Gradec','',1),(4093,199,'Dobrovnik-Dobronak','',1),(4094,199,'Dolenjske Toplice','',1),(4095,199,'Domžale','',1),(4096,199,'Grad','',1),(4097,199,'Hajdina','',1),(4098,199,'Hoče-Slivnica','',1),(4099,199,'Hodoš-Hodos','',1),(4100,199,'Horjul','',1),(4101,199,'Jesenice','',1),(4102,199,'Jezersko','',1),(4103,199,'Kamnik','',1),(4104,199,'Kočevje','',1),(4105,199,'Komenda','',1),(4106,199,'Kostel','',1),(4107,199,'Križevci','',1),(4108,199,'Kuzma','',1),(4109,199,'Lenart','',1),(4110,199,'Lendava-Lendva','',1),(4111,199,'Litija','',1),(4112,199,'Ljutomer','',1),(4113,199,'Loška Dolina','',1),(4114,199,'Lovrenc na Pohorju','',1),(4115,199,'Luče','',1),(4116,199,'Majšperk','',1),(4117,199,'Maribor','',1),(4118,199,'Markovci','',1),(4119,199,'Miklavž na Dravskem Polju','',1),(4120,199,'Miren-Kostanjevica','',1),(4121,199,'Mirna Peč','',1),(4122,199,'Novo Mesto','',1),(4123,199,'Oplotnica','',1),(4124,199,'Piran-Pirano','',1),(4125,199,'Podlehnik','',1),(4126,199,'Podvelka','',1),(4127,199,'Polzela','',1),(4128,199,'Prebold','',1),(4129,199,'Preddvor','',1),(4130,199,'Prevalje','',1),(4131,199,'Ptuj','',1),(4132,199,'Ravne na Koroškem','',1),(4133,199,'Razkrižje','',1),(4134,199,'Ribnica','',1),(4135,199,'Ribnica na Pohorju','',1),(4136,199,'Ruše','',1),(4137,199,'Šalovci','',1),(4138,199,'Selnica ob Dravi','',1),(4139,199,'Šempeter-Vrtojba','',1),(4140,199,'Šentjur pri Celju','',1),(4141,199,'Slovenska Bistrica','',1),(4142,199,'Šmartno pri Litiji','',1),(4143,199,'Sodražica','',1),(4144,199,'Solčava','',1),(4145,199,'Sveta Ana','',1),(4146,199,'Sveti Andraž v Slovenskih Goricah','',1),(4147,199,'Tabor','',1),(4148,199,'Tišina','',1),(4149,199,'Trnovska Vas','',1),(4150,199,'Trzin','',1),(4151,199,'Velika Polana','',1),(4152,199,'Veržej','',1),(4153,199,'Videm','',1),(4154,199,'Vojnik','',1),(4155,199,'Vransko','',1),(4156,199,'Žalec','',1),(4157,199,'Žetale','',1),(4158,199,'Žirovnica','',1),(4159,199,'Žužemberk','',1),(4160,208,'Svalbard','',1),(4161,198,'Slovakia (general)','',1),(4162,198,'Banskobystrický','',1),(4163,198,'Bratislavský','',1),(4164,198,'Košický','',1),(4165,198,'Nitriansky','',1),(4166,198,'Prešovský','',1),(4167,198,'Trenčiansky','',1),(4168,198,'Trnavský','',1),(4169,198,'Žilinský','',1),(4170,196,'Sierra Leone (general)','',1),(4171,196,'Eastern','',1),(4172,196,'Northern','',1),(4173,196,'Southern','',1),(4174,196,'Western Area','',1),(4175,190,'San Marino (general)','',1),(4176,190,'Acquaviva','',1),(4177,190,'Chiesanuova','',1),(4178,190,'Domagnano','',1),(4179,190,'Faetano','',1),(4180,190,'Fiorentino','',1),(4181,190,'Borgo Maggiore','',1),(4182,190,'San Marino','',1),(4183,190,'Montegiardino','',1),(4184,190,'Serravalle','',1),(4185,193,'Senegal (general)','',1),(4186,193,'Dakar','',1),(4187,193,'Diourbel','',1),(4188,193,'Saint-Louis','',1),(4189,193,'Tambacounda','',1),(4190,193,'Thiès','',1),(4191,193,'Louga','',1),(4192,193,'Fatick','',1),(4193,193,'Kaolack','',1),(4194,193,'Kolda Region','',1),(4195,193,'Ziguinchor','',1),(4196,193,'Louga','',1),(4197,193,'Saint-Louis','',1),(4198,193,'Matam','',1),(4199,201,'Somalia (general)','',1),(4200,201,'Bakool','',1),(4201,201,'Banaadir','',1),(4202,201,'Bari','',1),(4203,201,'Bay','',1),(4204,201,'Galguduud','',1),(4205,201,'Gedo','',1),(4206,201,'Hiiraan','',1),(4207,201,'Jubbada Dhexe','',1),(4208,201,'Jubbada Hoose','',1),(4209,201,'Mudug','',1),(4210,201,'Sanaag','',1),(4211,201,'Shabeellaha Dhexe','',1),(4212,201,'Shabeellaha Hoose','',1),(4213,201,'(SO17)','',1),(4214,201,'Nugaal','',1),(4215,201,'Togdheer','',1),(4216,201,'Woqooyi Galbeed','',1),(4217,201,'Awdal','',1),(4218,201,'Sool','',1),(4219,207,'Suriname (general)','',1),(4220,207,'Brokopondo','',1),(4221,207,'Commewijne','',1),(4222,207,'Coronie','',1),(4223,207,'Marowijne','',1),(4224,207,'Nickerie','',1),(4225,207,'Para','',1),(4226,207,'Paramaribo','',1),(4227,207,'Saramacca','',1),(4228,207,'Sipaliwini','',1),(4229,207,'Wanica','',1),(4230,191,'Príncipe','',1),(4231,191,'Príncipe','',1),(4232,191,'São Tomé','',1),(4233,65,'El Salvador (general)','',1),(4234,65,'Ahuachapán','',1),(4235,65,'Cabañas','',1),(4236,65,'Chalatenango','',1),(4237,65,'Cuscatlán','',1),(4238,65,'La Libertad','',1),(4239,65,'La Paz','',1),(4240,65,'La Unión','',1),(4241,65,'Morazán','',1),(4242,65,'San Miguel','',1),(4243,65,'San Salvador','',1),(4244,65,'Santa Ana','',1),(4245,65,'San Vicente','',1),(4246,65,'Sonsonate','',1),(4247,65,'Usulután','',1),(4248,212,'Syria (general)','',1),(4249,212,'Al Ḩasakah','',1),(4250,212,'Al Lādhiqīyah','',1),(4251,212,'Al Qunayţirah','',1),(4252,212,'Ar Raqqah','',1),(4253,212,'As Suwaydāʼ','',1),(4254,212,'Dar‘ā','',1),(4255,212,'Dayr az Zawr','',1),(4256,212,'Rīf Dimashq','',1),(4257,212,'Ḩalab','',1),(4258,212,'Ḩamāh','',1),(4259,212,'Ḩimş','',1),(4260,212,'Idlib','',1),(4261,212,'Dimashq','',1),(4262,212,'Ţarţūs','',1),(4263,209,'Swaziland (general)','',1),(4264,209,'Hhohho','',1),(4265,209,'Lubombo','',1),(4266,209,'Manzini','',1),(4267,209,'Shiselweni','',1),(4268,225,'Turks and Caicos Islands (general)','',1),(4269,43,'Chad (general)','',1),(4270,43,'Batha','',1),(4271,43,'Biltine','',1),(4272,43,'Borkou-Ennedi-Tibesti','',1),(4273,43,'Chari-Baguirmi','',1),(4274,43,'Guéra','',1),(4275,43,'Kanem','',1),(4276,43,'Lac','',1),(4277,43,'Logone Occidental','',1),(4278,43,'Logone Oriental','',1),(4279,43,'Mayo-Kébbi','',1),(4280,43,'Moyen-Chari','',1),(4281,43,'Ouaddaï','',1),(4282,43,'Salamat','',1),(4283,43,'Tandjilé','',1),(4284,77,'Territory of the French Southern and Antarctic Lands','',1),(4285,218,'Togo (general)','',1),(4286,218,'Amlame','',1),(4287,218,'Aneho','',1),(4288,218,'Atakpame','',1),(4289,218,'Bafilo','',1),(4290,218,'Bassar','',1),(4291,218,'Dapaong','',1),(4292,218,'Kante','',1),(4293,218,'Klouto','',1),(4294,218,'Lama-Kara','',1),(4295,218,'Lome','',1),(4296,218,'Mango','',1),(4297,218,'Niamtougou','',1),(4298,218,'Notse','',1),(4299,218,'Kpagouda','',1),(4300,218,'Badou','',1),(4301,218,'Sotouboua','',1),(4302,218,'Tabligbo','',1),(4303,218,'Tsevie','',1),(4304,218,'Tchamba','',1),(4305,218,'Tchaoudjo','',1),(4306,218,'Vogan','',1),(4307,218,'Centrale','',1),(4308,218,'Kara','',1),(4309,218,'Maritime','',1),(4310,218,'Plateaux','',1),(4311,218,'Savanes','',1),(4312,216,'Thailand (general)','',1),(4313,216,'Mae Hong Son','',1),(4314,216,'Chiang Mai','',1),(4315,216,'Chiang Rai','',1),(4316,216,'Nan','',1),(4317,216,'Lamphun','',1),(4318,216,'Lampang','',1),(4319,216,'Phrae','',1),(4320,216,'Tak','',1),(4321,216,'Sukhothai','',1),(4322,216,'Uttaradit','',1),(4323,216,'Kamphaeng Phet','',1),(4324,216,'Phitsanulok','',1),(4325,216,'Phichit','',1),(4326,216,'Phetchabun','',1),(4327,216,'Uthai Thani','',1),(4328,216,'Nakhon Sawan','',1),(4329,216,'Nong Khai','',1),(4330,216,'Loei','',1),(4331,216,'Udon Thani Changwat','',1),(4332,216,'Sakon Nakhon','',1),(4333,216,'Nakhon Phanom','',1),(4334,216,'Khon Kaen','',1),(4335,216,'Kalasin','',1),(4336,216,'Maha Sarakham','',1),(4337,216,'Roi Et','',1),(4338,216,'Chaiyaphum','',1),(4339,216,'Nakhon Ratchasima','',1),(4340,216,'Buriram','',1),(4341,216,'Surin','',1),(4342,216,'Sisaket','',1),(4343,216,'Narathiwat','',1),(4344,216,'Chai Nat','',1),(4345,216,'Sing Buri','',1),(4346,216,'Lop Buri','',1),(4347,216,'Ang Thong','',1),(4348,216,'Phra Nakhon Si Ayutthaya','',1),(4349,216,'Sara Buri','',1),(4350,216,'Nonthaburi','',1),(4351,216,'Pathum Thani','',1),(4352,216,'Krung Thep Mahanakhon','',1),(4353,216,'Phayao','',1),(4354,216,'Samut Prakan','',1),(4355,216,'Nakhon Nayok','',1),(4356,216,'Chachoengsao','',1),(4357,216,'Prachin Buri Changwat','',1),(4358,216,'Chon Buri','',1),(4359,216,'Rayong','',1),(4360,216,'Chanthaburi','',1),(4361,216,'Trat','',1),(4362,216,'Kanchanaburi','',1),(4363,216,'Suphan Buri','',1),(4364,216,'Ratchaburi','',1),(4365,216,'Nakhon Pathom','',1),(4366,216,'Samut Songkhram','',1),(4367,216,'Samut Sakhon','',1),(4368,216,'Phetchaburi','',1),(4369,216,'Prachuap Khiri Khan','',1),(4370,216,'Chumphon','',1),(4371,216,'Ranong','',1),(4372,216,'Surat Thani','',1),(4373,216,'Phangnga','',1),(4374,216,'Phuket','',1),(4375,216,'Krabi','',1),(4376,216,'Nakhon Si Thammarat','',1),(4377,216,'Trang','',1),(4378,216,'Phatthalung','',1),(4379,216,'Satun','',1),(4380,216,'Songkhla','',1),(4381,216,'Pattani','',1),(4382,216,'Yala','',1),(4383,216,'Ubon Ratchathani Changwat','',1),(4384,216,'Yasothon','',1),(4385,216,'Nakhon Phanom','',1),(4386,216,'Prachin Buri','',1),(4387,216,'Ubon Ratchathani','',1),(4388,216,'Udon Thani','',1),(4389,216,'Amnat Charoen','',1),(4390,216,'Mukdahan','',1),(4391,216,'Nong Bua Lamphu','',1),(4392,216,'Sa Kaeo','',1),(4393,214,'Kulyabskaya Oblast\'','',1),(4394,214,'Kŭhistoni Badakhshon','',1),(4395,214,'Khatlon','',1),(4396,214,'Leninobod','',1),(4397,214,'Region of Republican Subordination','',1),(4398,219,'Tokelau (general)','',1),(4399,217,'Bobonaro','',1),(4400,224,'Turkmenistan (general)','',1),(4401,224,'Ahal','',1),(4402,224,'Balkan','',1),(4403,224,'Daşoguz','',1),(4404,224,'Lebap','',1),(4405,224,'Mary','',1),(4406,222,'Tunis al Janubiyah Wilayat','',1),(4407,222,'Al Qaşrayn','',1),(4408,222,'Al Qayrawān','',1),(4409,222,'Jundūbah','',1),(4410,222,'Kef','',1),(4411,222,'Al Mahdīyah','',1),(4412,222,'Al Munastīr','',1),(4413,222,'Bājah','',1),(4414,222,'Banzart','',1),(4415,222,'Nābul','',1),(4416,222,'Silyānah','',1),(4417,222,'Sūsah','',1),(4418,222,'(TS26)','',1),(4419,222,'Bin ‘Arūs','',1),(4420,222,'Madanīn','',1),(4421,222,'Qābis','',1),(4422,222,'Qafşah','',1),(4423,222,'Qibilī','',1),(4424,222,'Şafāqis','',1),(4425,222,'Sīdī Bū Zayd','',1),(4426,222,'Taţāwīn','',1),(4427,222,'Tawzar','',1),(4428,222,'Tūnis','',1),(4429,222,'Zaghwān','',1),(4430,222,'Ariana','',1),(4431,222,'Manouba','',1),(4432,220,'Tonga (general)','',1),(4433,220,'Ha‘apai','',1),(4434,220,'Tongatapu','',1),(4435,220,'Vava‘u','',1),(4436,223,'Turkey (general)','',1),(4437,223,'Adıyaman','',1),(4438,223,'Afyonkarahisar','',1),(4439,223,'Ağrı Province','',1),(4440,223,'Amasya Province','',1),(4441,223,'Antalya Province','',1),(4442,223,'Artvin Province','',1),(4443,223,'Aydın Province','',1),(4444,223,'Balıkesir Province','',1),(4445,223,'Bilecik Province','',1),(4446,223,'Bingöl Province','',1),(4447,223,'Bitlis Province','',1),(4448,223,'Bolu Province','',1),(4449,223,'Burdur Province','',1),(4450,223,'Bursa','',1),(4451,223,'Çanakkale Province','',1),(4452,223,'Çorum Province','',1),(4453,223,'Denizli Province','',1),(4454,223,'Diyarbakır','',1),(4455,223,'Edirne Province','',1),(4456,223,'Elazığ','',1),(4457,223,'Erzincan Province','',1),(4458,223,'Erzurum Province','',1),(4459,223,'Eskişehir Province','',1),(4460,223,'Giresun Province','',1),(4461,223,'Hatay Province','',1),(4462,223,'Mersin Province','',1),(4463,223,'Isparta Province','',1),(4464,223,'İstanbul','',1),(4465,223,'İzmir','',1),(4466,223,'Kastamonu Province','',1),(4467,223,'Kayseri Province','',1),(4468,223,'Kırklareli Province','',1),(4469,223,'Kırşehir Province','',1),(4470,223,'Kocaeli Province','',1),(4471,223,'Kütahya Province','',1),(4472,223,'Malatya Province','',1),(4473,223,'Manisa Province','',1),(4474,223,'Kahramanmaraş Province','',1),(4475,223,'Muğla Province','',1),(4476,223,'Muş Province','',1),(4477,223,'Nevşehir','',1),(4478,223,'Ordu Province','',1),(4479,223,'Rize','',1),(4480,223,'Sakarya Province','',1),(4481,223,'Samsun Province','',1),(4482,223,'Sinop Province','',1),(4483,223,'Sivas Province','',1),(4484,223,'Tekirdağ Province','',1),(4485,223,'Tokat','',1),(4486,223,'Trabzon Province','',1),(4487,223,'Tunceli Province','',1),(4488,223,'Şanlıurfa Province','',1),(4489,223,'Uşak Province','',1),(4490,223,'Van Province','',1),(4491,223,'Yozgat Province','',1),(4492,223,'Ankara Province','',1),(4493,223,'Gümüşhane','',1),(4494,223,'Hakkâri Province','',1),(4495,223,'Konya Province','',1),(4496,223,'Mardin Province','',1),(4497,223,'Niğde','',1),(4498,223,'Siirt Province','',1),(4499,223,'Aksaray Province','',1),(4500,223,'Batman Province','',1),(4501,223,'Bayburt','',1),(4502,223,'Karaman Province','',1),(4503,223,'Kırıkkale Province','',1),(4504,223,'Şırnak Province','',1),(4505,223,'Adana Province','',1),(4506,223,'Çankırı Province','',1),(4507,223,'Gaziantep Province','',1),(4508,223,'Kars','',1),(4509,223,'Zonguldak','',1),(4510,223,'Ardahan Province','',1),(4511,223,'Bartın Province','',1),(4512,223,'Iğdır Province','',1),(4513,223,'Karabük','',1),(4514,223,'Kilis Province','',1),(4515,223,'Osmaniye Province','',1),(4516,223,'Yalova Province','',1),(4517,223,'Düzce','',1),(4518,221,'Trinidad and Tobago (general)','',1),(4519,221,'Arima','',1),(4520,221,'Caroni','',1),(4521,221,'Mayaro','',1),(4522,221,'Nariva','',1),(4523,221,'Port-of-Spain','',1),(4524,221,'Saint Andrew','',1),(4525,221,'Saint David','',1),(4526,221,'Saint George','',1),(4527,221,'Saint Patrick','',1),(4528,221,'San Fernando','',1),(4529,221,'Tobago','',1),(4530,221,'Victoria','',1),(4531,226,'Tuvalu (general)','',1),(4532,213,'Taiwan (general)','',1),(4533,213,'Fu-chien','',1),(4534,213,'Kao-hsiung','',1),(4535,213,'T\'ai-pei','',1),(4536,213,'T\'ai-wan','',1),(4537,215,'Tanzania (general)','',1),(4538,215,'Arusha','',1),(4539,215,'Pwani','',1),(4540,215,'Dodoma','',1),(4541,215,'Iringa','',1),(4542,215,'Kigoma','',1),(4543,215,'Kilimanjaro','',1),(4544,215,'Lindi','',1),(4545,215,'Mara','',1),(4546,215,'Mbeya','',1),(4547,215,'Morogoro','',1),(4548,215,'Mtwara','',1),(4549,215,'Mwanza','',1),(4550,215,'Pemba North','',1),(4551,215,'Ruvuma','',1),(4552,215,'Shinyanga','',1),(4553,215,'Singida','',1),(4554,215,'Tabora','',1),(4555,215,'Tanga','',1),(4556,215,'Kagera','',1),(4557,215,'Pemba South','',1),(4558,215,'Zanzibar Central/South','',1),(4559,215,'Zanzibar North','',1),(4560,215,'Dar es Salaam','',1),(4561,215,'Rukwa','',1),(4562,215,'Zanzibar Urban/West','',1),(4563,215,'Arusha','',1),(4564,215,'Manyara','',1),(4565,228,'Ukraine (general)','',1),(4566,228,'Cherkas\'ka Oblast\'','',1),(4567,228,'Chernihivs\'ka Oblast\'','',1),(4568,228,'Chernivets\'ka Oblast\'','',1),(4569,228,'Dnipropetrovs\'ka Oblast\'','',1),(4570,228,'Donets\'ka Oblast\'','',1),(4571,228,'Ivano-Frankivs\'ka Oblast\'','',1),(4572,228,'Kharkivs\'ka Oblast\'','',1),(4573,228,'Kherson Oblast','',1),(4574,228,'Khmel\'nyts\'ka Oblast\'','',1),(4575,228,'Kirovohrads\'ka Oblast\'','',1),(4576,228,'Avtonomna Respublika Krym','',1),(4577,228,'Misto Kyyiv','',1),(4578,228,'Kiev Oblast','',1),(4579,228,'Luhans\'ka Oblast\'','',1),(4580,228,'L\'vivs\'ka Oblast\'','',1),(4581,228,'Mykolayivs\'ka Oblast\'','',1),(4582,228,'Odessa Oblast','',1),(4583,228,'Poltava Oblast','',1),(4584,228,'Rivnens\'ka Oblast\'','',1),(4585,228,'Misto Sevastopol','',1),(4586,228,'Sumy Oblast','',1),(4587,228,'Ternopil\'s\'ka Oblast\'','',1),(4588,228,'Vinnyts\'ka Oblast\'','',1),(4589,228,'Volyns\'ka Oblast\'','',1),(4590,228,'Zakarpats\'ka Oblast\'','',1),(4591,228,'Zaporiz\'ka Oblast\'','',1),(4592,228,'Zhytomyrs\'ka Oblast\'','',1),(4593,227,'Busoga Province','',1),(4594,227,'Kampala District','',1),(4595,227,'Apac','',1),(4596,227,'Arua','',1),(4597,227,'Bundibugyo','',1),(4598,227,'Bushenyi','',1),(4599,227,'Gulu','',1),(4600,227,'Hoima','',1),(4601,227,'Iganga','',1),(4602,227,'Jinja','',1),(4603,227,'Kabale','',1),(4604,227,'Kabarole','',1),(4605,227,'Kalangala','',1),(4606,227,'Kampala','',1),(4607,227,'Kamuli','',1),(4608,227,'Kapchorwa','',1),(4609,227,'Kasese','',1),(4610,227,'Kibale','',1),(4611,227,'Kiboga','',1),(4612,227,'Kisoro','',1),(4613,227,'Kitgum','',1),(4614,227,'Kotido','',1),(4615,227,'Kumi','',1),(4616,227,'Lira','',1),(4617,227,'Luwero','',1),(4618,227,'Masaka','',1),(4619,227,'Masindi','',1),(4620,227,'Mbale','',1),(4621,227,'Mbarara','',1),(4622,227,'Moroto','',1),(4623,227,'Moyo','',1),(4624,227,'Mpigi','',1),(4625,227,'Mubende','',1),(4626,227,'Mukuno','',1),(4627,227,'Nebbi','',1),(4628,227,'Ntungamo','',1),(4629,227,'Pallisa','',1),(4630,227,'Rakai','',1),(4631,227,'Rukungiri','',1),(4632,227,'Soroti','',1),(4633,227,'Tororo','',1),(4634,227,'Adjumani','',1),(4635,227,'Bugiri','',1),(4636,227,'Busia','',1),(4637,227,'Iganga','',1),(4638,227,'Katakwi','',1),(4639,227,'Luwero','',1),(4640,227,'Masaka','',1),(4641,227,'Moyo','',1),(4642,227,'Nakasongola','',1),(4643,227,'Sembabule','',1),(4644,227,'Soroti','',1),(4645,227,'Tororo','',1),(4646,227,'Arua','',1),(4647,227,'Iganga','',1),(4648,227,'Kabarole','',1),(4649,227,'Kaberamaido','',1),(4650,227,'Kamwenge','',1),(4651,227,'Kanungu','',1),(4652,227,'Kayunga','',1),(4653,227,'Kitgum','',1),(4654,227,'Kyenjojo','',1),(4655,227,'Mayuge','',1),(4656,227,'Mbale','',1),(4657,227,'Moroto','',1),(4658,227,'Mpigi','',1),(4659,227,'Mukono','',1),(4660,227,'Nakapiripirit','',1),(4661,227,'Pader','',1),(4662,227,'Rukungiri','',1),(4663,227,'Sironko','',1),(4664,227,'Soroti','',1),(4665,227,'Wakiso','',1),(4666,227,'Yumbe','',1),(4667,233,'Uruguay (general)','',1),(4668,233,'Artigas Department','',1),(4669,233,'Canelones Department','',1),(4670,233,'Cerro Largo Department','',1),(4671,233,'Colonia Department','',1),(4672,233,'Durazno','',1),(4673,233,'Flores','',1),(4674,233,'Florida Department','',1),(4675,233,'Lavalleja Department','',1),(4676,233,'Maldonado Department','',1),(4677,233,'Montevideo','',1),(4678,233,'Paysandú','',1),(4679,233,'Río Negro','',1),(4680,233,'Rivera','',1),(4681,233,'Rocha','',1),(4682,233,'Salto','',1),(4683,233,'San José','',1),(4684,233,'Soriano Department','',1),(4685,233,'Tacuarembó','',1),(4686,233,'Treinta y Tres','',1),(4687,234,'Uzbekistan (general)','',1),(4688,234,'Andijon','',1),(4689,234,'Buxoro','',1),(4690,234,'Farg ona','',1),(4691,234,'Xorazm','',1),(4692,234,'Namangan','',1),(4693,234,'Navoiy','',1),(4694,234,'Qashqadaryo','',1),(4695,234,'Qoraqalpog iston','',1),(4696,234,'Samarqand','',1),(4697,234,'Surxondaryo','',1),(4698,234,'Toshkent Shahri','',1),(4699,234,'Toshkent','',1),(4700,234,'Jizzax','',1),(4701,234,'Sirdaryo','',1),(4702,96,'Vatican City (general)','',1),(4703,188,'Saint Vincent and The Grenadines (general)','',1),(4704,188,'Charlotte','',1),(4705,188,'Saint Andrew','',1),(4706,188,'Saint David','',1),(4707,188,'Saint George','',1),(4708,188,'Saint Patrick','',1),(4709,188,'Grenadines','',1),(4710,236,'Venezuela (general)','',1),(4711,236,'Amazonas','',1),(4712,236,'Anzoátegui','',1),(4713,236,'Apure','',1),(4714,236,'Aragua','',1),(4715,236,'Barinas','',1),(4716,236,'Bolívar','',1),(4717,236,'Carabobo','',1),(4718,236,'Cojedes','',1),(4719,236,'Delta Amacuro','',1),(4720,236,'Distrito Federal','',1),(4721,236,'Falcón','',1),(4722,236,'Guárico','',1),(4723,236,'Lara','',1),(4724,236,'Mérida','',1),(4725,236,'Miranda','',1),(4726,236,'Monagas','',1),(4727,236,'Isla Margarita','',1),(4728,236,'Portuguesa','',1),(4729,236,'Sucre','',1),(4730,236,'Táchira','',1),(4731,236,'Trujillo','',1),(4732,236,'Yaracuy','',1),(4733,236,'Zulia','',1),(4734,236,'Dependencias Federales','',1),(4735,236,'Distrito Federal','',1),(4736,236,'Vargas','',1),(4737,236,'(VE99)','',1),(4738,238,'British Virgin Islands (general)','',1),(4739,239,'Virgin Islands (general)','',1),(4740,237,'Vietnam (general)','',1),(4741,237,'An Giang','',1),(4742,237,'B?c Thái T?nh','',1),(4743,237,'Bến Tre','',1),(4744,237,'Cao Bang','',1),(4745,237,'Cao Bằng','',1),(4746,237,'Ten Bai','',1),(4747,237,'Ðắc Lắk','',1),(4748,237,'Ðồng Tháp','',1),(4749,237,'(VM10)','',1),(4750,237,'Hà B?c T?nh','',1),(4751,237,'H?i Hung T?nh','',1),(4752,237,'Hải Phòng','',1),(4753,237,'Hoa Binh','',1),(4754,237,'Ha Tay','',1),(4755,237,'(VM16)','',1),(4756,237,'(VM17)','',1),(4757,237,'(VM19)','',1),(4758,237,'Hồ Chí Minh','',1),(4759,237,'Kiến Giang','',1),(4760,237,'Lai Châu','',1),(4761,237,'Lâm Ðồng','',1),(4762,237,'Long An','',1),(4763,237,'Minh H?i T?nh','',1),(4764,237,'Thua Thien-Hue','',1),(4765,237,'Quang Nam','',1),(4766,237,'Kon Tum','',1),(4767,237,'Qu?ng Nam-Ðà N?ng T?nh','',1),(4768,237,'Quảng Ninh','',1),(4769,237,'Sông Bé T?nh','',1),(4770,237,'Sơn La','',1),(4771,237,'Tây Ninh','',1),(4772,237,'Thanh Hóa','',1),(4773,237,'Thái Bình','',1),(4774,237,'Nin Thuan','',1),(4775,237,'Tiền Giang','',1),(4776,237,'Vinh Phú T?nh','',1),(4777,237,'Lạng Sơn','',1),(4778,237,'Binh Thuan','',1),(4779,237,'Long An','',1),(4780,237,'Ðồng Nai','',1),(4781,237,'Ha Nội','',1),(4782,237,'Bà Rịa-Vũng Tàu','',1),(4783,237,'Bình Ðịnh','',1),(4784,237,'Bình Thuận','',1),(4785,237,'Cần Thơ','',1),(4786,237,'Gia Lai','',1),(4787,237,'Hà Giang','',1),(4788,237,'Hà Tây','',1),(4789,237,'Hà Tĩnh','',1),(4790,237,'Hòa Bình','',1),(4791,237,'Khánh Hòa','',1),(4792,237,'Kon Tum','',1),(4793,237,'Lào Cai','',1),(4794,237,'Nam Hà T?nh','',1),(4795,237,'Nghệ An','',1),(4796,237,'Ninh Bình','',1),(4797,237,'Ninh Thuận','',1),(4798,237,'Phú Yên','',1),(4799,237,'Quảng Bình','',1),(4800,237,'Quảng Ngãi','',1),(4801,237,'Quảng Trị','',1),(4802,237,'Sóc Trăng','',1),(4803,237,'Thừa Thiên-Huế','',1),(4804,237,'Trà Vinh','',1),(4805,237,'Tuyên Quang','',1),(4806,237,'Vĩnh Long','',1),(4807,237,'Yên Bái','',1),(4808,237,'Bắc Giang','',1),(4809,237,'Bắc Kạn','',1),(4810,237,'Bạc Liêu','',1),(4811,237,'Bắc Ninh','',1),(4812,237,'Bình Dương','',1),(4813,237,'Bình Phước','',1),(4814,237,'Cà Mau','',1),(4815,237,'Ðà Nẵng','',1),(4816,237,'Hải Dương','',1),(4817,237,'Hà Nam','',1),(4818,237,'Hưng Yên','',1),(4819,237,'Nam Ðịnh','',1),(4820,237,'Phú Thọ','',1),(4821,237,'Quảng Nam','',1),(4822,237,'Thái Nguyên','',1),(4823,237,'Vĩnh Phúc','',1),(4824,235,'Vanuatu (general)','',1),(4825,235,'Ambrym','',1),(4826,235,'Aoba/Maéwo','',1),(4827,235,'Torba','',1),(4828,235,'Éfaté','',1),(4829,235,'Épi','',1),(4830,235,'Malakula','',1),(4831,235,'Paama','',1),(4832,235,'Pentecôte','',1),(4833,235,'Sanma','',1),(4834,235,'Shepherd','',1),(4835,235,'Tafea','',1),(4836,235,'Malampa','',1),(4837,235,'Penama','',1),(4838,235,'Shefa','',1),(4839,240,'Wallis and Futuna','',1),(4840,189,'Samoa (general)','',1),(4841,189,'A‘ana','',1),(4842,189,'Aiga-i-le-Tai','',1),(4843,189,'Atua','',1),(4844,189,'Fa‘asaleleaga','',1),(4845,189,'Gaga‘emauga','',1),(4846,189,'Va‘a-o-Fonoti','',1),(4847,189,'Gagaifomauga','',1),(4848,189,'Palauli','',1),(4849,189,'Satupa‘itea','',1),(4850,189,'Tuamasaga','',1),(4851,189,'Vaisigano','',1),(4852,242,'Aden Municipality','',1),(4853,242,'Abyan','',1),(4854,242,'‘Adan','',1),(4855,242,'Al Mahrah','',1),(4856,242,'Ḩaḑramawt','',1),(4857,242,'Shabwah','',1),(4858,242,'San’a’','',1),(4859,242,'Ta’izz','',1),(4860,242,'Al Ḩudaydah','',1),(4861,242,'Dhamar','',1),(4862,242,'Al Maḩwīt','',1),(4863,242,'Dhamār','',1),(4864,242,'(YM12)','',1),(4865,242,'(YM13)','',1),(4866,242,'Maʼrib','',1),(4867,242,'Şa‘dah','',1),(4868,242,'Şan‘āʼ','',1),(4869,242,'(YM17)','',1),(4870,242,'Aḑ Ḑāli‘','',1),(4871,242,'‘Amrān','',1),(4872,242,'Al Bayḑāʼ','',1),(4873,242,'Al Jawf','',1),(4874,242,'Ḩajjah','',1),(4875,242,'Ibb','',1),(4876,242,'Laḩij','',1),(4877,242,'Ta‘izz','',1),(4878,141,'Mayotte (general)','',1),(4879,202,'South Africa (general)','',1),(4880,202,'North-Western Province','',1),(4881,202,'KwaZulu-Natal','',1),(4882,202,'Free State','',1),(4883,202,'Southern Province','',1),(4884,202,'Eastern Cape','',1),(4885,202,'Gauteng','',1),(4886,202,'Mpumalanga','',1),(4887,202,'Northern Cape','',1),(4888,202,'Limpopo','',1),(4889,202,'North-West','',1),(4890,202,'Western Cape','',1),(4891,243,'Zambia (general)','',1),(4892,243,'North-Western','',1),(4893,243,'Copperbelt Province','',1),(4894,243,'Western','',1),(4895,243,'Southern','',1),(4896,243,'Central','',1),(4897,243,'Eastern','',1),(4898,243,'Northern','',1),(4899,243,'Luapula','',1),(4900,243,'Lusaka','',1),(4901,244,'Zimbabwe (general)','',1),(4902,244,'Manicaland','',1),(4903,244,'Midlands','',1),(4904,244,'Mashonaland Central','',1),(4905,244,'Mashonaland East','',1),(4906,244,'Mashonaland West','',1),(4907,244,'Matabeleland North','',1),(4908,244,'Matabeleland South','',1),(4909,244,'Masvingo','',1),(4910,244,'Bulawayo','',1),(4911,244,'Harare','',1),(4912,158,'East Cape','',1),(4913,158,'Tasman','',1);
/*!40000 ALTER TABLE `l10n_adminarea` ENABLE KEYS */;
UNLOCK TABLES;

--
-- Table structure for table `l10n_country`
--

DROP TABLE IF EXISTS `l10n_country`;
/*!40101 SET @saved_cs_client     = @@character_set_client */;
/*!40101 SET character_set_client = utf8 */;
CREATE TABLE `l10n_country` (
  `id` int(11) NOT NULL auto_increment,
  `iso2_code` varchar(2) NOT NULL,
  `name` varchar(128) NOT NULL,
  `printable_name` varchar(128) NOT NULL,
  `iso3_code` varchar(3) NOT NULL,
  `numcode` smallint(5) unsigned default NULL,
  `active` tinyint(1) NOT NULL,
  `continent` varchar(2) NOT NULL,
  `admin_area` varchar(2) default NULL,
  PRIMARY KEY  (`id`),
  UNIQUE KEY `iso2_code` (`iso2_code`),
  UNIQUE KEY `iso3_code` (`iso3_code`)
) ENGINE=MyISAM AUTO_INCREMENT=245 DEFAULT CHARSET=utf8;
/*!40101 SET character_set_client = @saved_cs_client */;

--
-- Dumping data for table `l10n_country`
--

LOCK TABLES `l10n_country` WRITE;
/*!40000 ALTER TABLE `l10n_country` DISABLE KEYS */;
INSERT INTO `l10n_country` VALUES (1,'AF','AFGHANISTAN','Afghanistan','AFG',4,1,'AS',NULL),(2,'AX','ALAND ISLANDS','Åland Islands','ALA',248,1,'EU',NULL),(3,'AL','ALBANIA','Albania','ALB',8,1,'EU',NULL),(4,'DZ','ALGERIA','Algeria','DZA',12,1,'AF',NULL),(5,'AS','AMERICAN SAMOA','American Samoa','ASM',16,1,'OC',NULL),(6,'AD','ANDORRA','Andorra','AND',20,1,'EU',NULL),(7,'AO','ANGOLA','Angola','AGO',24,1,'AF',NULL),(8,'AI','ANGUILLA','Anguilla','AIA',660,1,'NA',NULL),(9,'AQ','ANTARCTICA','Antarctica','ATA',10,1,'AN',NULL),(10,'AG','ANTIGUA AND BARBUDA','Antigua and Barbuda','ATG',28,1,'NA',NULL),(11,'AR','ARGENTINA','Argentina','ARG',32,1,'SA',NULL),(12,'AM','ARMENIA','Armenia','ARM',51,1,'AS',NULL),(13,'AW','ARUBA','Aruba','ABW',533,1,'NA',NULL),(14,'AU','AUSTRALIA','Australia','AUS',36,1,'OC',NULL),(15,'AT','AUSTRIA','Austria','AUT',40,1,'EU',NULL),(16,'AZ','AZERBAIJAN','Azerbaijan','AZE',31,1,'AS',NULL),(17,'BS','BAHAMAS','Bahamas','BHS',44,1,'NA',NULL),(18,'BH','BAHRAIN','Bahrain','BHR',48,1,'AS',NULL),(19,'BD','BANGLADESH','Bangladesh','BGD',50,1,'AS',NULL),(20,'BB','BARBADOS','Barbados','BRB',52,1,'NA',NULL),(21,'BY','BELARUS','Belarus','BLR',112,1,'EU',NULL),(22,'BE','BELGIUM','Belgium','BEL',56,1,'EU',NULL),(23,'BZ','BELIZE','Belize','BLZ',84,1,'NA',NULL),(24,'BJ','BENIN','Benin','BEN',204,1,'AF',NULL),(25,'BM','BERMUDA','Bermuda','BMU',60,1,'NA',NULL),(26,'BT','BHUTAN','Bhutan','BTN',64,1,'AS',NULL),(27,'BO','BOLIVIA','Bolivia','BOL',68,1,'SA',NULL),(28,'BA','BOSNIA AND HERZEGOVINA','Bosnia and Herzegovina','BIH',70,1,'EU',NULL),(29,'BW','BOTSWANA','Botswana','BWA',72,1,'AF',NULL),(30,'BV','BOUVET ISLAND','Bouvet Island','BVT',74,1,'AN',NULL),(31,'BR','BRAZIL','Brazil','BRA',76,1,'SA',NULL),(32,'IO','BRITISH INDIAN OCEAN TERRITORY','British Indian Ocean Territory','IOT',86,1,'AS',NULL),(33,'BN','BRUNEI DARUSSALAM','Brunei Darussalam','BRN',96,1,'AS',NULL),(34,'BG','BULGARIA','Bulgaria','BGR',100,1,'EU',NULL),(35,'BF','BURKINA FASO','Burkina Faso','BFA',854,1,'AF',NULL),(36,'BI','BURUNDI','Burundi','BDI',108,1,'AF',NULL),(37,'KH','CAMBODIA','Cambodia','KHM',116,1,'AS',NULL),(38,'CM','CAMEROON','Cameroon','CMR',120,1,'AF',NULL),(39,'CA','CANADA','Canada','CAN',124,1,'NA',NULL),(40,'CV','CAPE VERDE','Cape Verde','CPV',132,1,'AF',NULL),(41,'KY','CAYMAN ISLANDS','Cayman Islands','CYM',136,1,'NA',NULL),(42,'CF','CENTRAL AFRICAN REPUBLIC','Central African Republic','CAF',140,1,'AF',NULL),(43,'TD','CHAD','Chad','TCD',148,1,'AF',NULL),(44,'CL','CHILE','Chile','CHL',152,1,'SA',NULL),(45,'CN','CHINA','China','CHN',156,1,'AS',NULL),(46,'CX','CHRISTMAS ISLAND','Christmas Island','CXR',162,1,'AS',NULL),(47,'CC','COCOS (KEELING) ISLANDS','Cocos (Keeling) Islands','CCK',166,1,'AS',NULL),(48,'CO','COLOMBIA','Colombia','COL',170,1,'SA',NULL),(49,'KM','COMOROS','Comoros','COM',174,1,'AF',NULL),(50,'CG','CONGO','Congo','COG',178,1,'AF',NULL),(51,'CD','CONGO, THE DEMOCRATIC REPUBLIC OF THE','Democratic Republic of the Congo','COD',180,1,'AF',NULL),(52,'CK','COOK ISLANDS','Cook Islands','COK',184,1,'OC',NULL),(53,'CR','COSTA RICA','Costa Rica','CRI',188,1,'NA',NULL),(54,'CI','COTE D\'IVOIRE','Côte d\'Ivoire','CIV',384,1,'AF',NULL),(55,'HR','CROATIA','Croatia','HRV',191,1,'EU',NULL),(56,'CU','CUBA','Cuba','CUB',192,1,'NA',NULL),(57,'CY','CYPRUS','Cyprus','CYP',196,1,'EU',NULL),(58,'CZ','CZECH REPUBLIC','Czech Republic','CZE',203,1,'EU',NULL),(59,'DK','DENMARK','Denmark','DNK',208,1,'EU',NULL),(60,'DJ','DJIBOUTI','Djibouti','DJI',262,1,'AF',NULL),(61,'DM','DOMINICA','Dominica','DMA',212,1,'NA',NULL),(62,'DO','DOMINICAN REPUBLIC','Dominican Republic','DOM',214,1,'NA',NULL),(63,'EC','ECUADOR','Ecuador','ECU',218,1,'SA',NULL),(64,'EG','EGYPT','Egypt','EGY',818,1,'AF',NULL),(65,'SV','EL SALVADOR','El Salvador','SLV',222,1,'NA',NULL),(66,'GQ','EQUATORIAL GUINEA','Equatorial Guinea','GNQ',226,1,'AF',NULL),(67,'ER','ERITREA','Eritrea','ERI',232,1,'AF',NULL),(68,'EE','ESTONIA','Estonia','EST',233,1,'EU',NULL),(69,'ET','ETHIOPIA','Ethiopia','ETH',231,1,'AF',NULL),(70,'FK','FALKLAND ISLANDS (MALVINAS)','Falkland Islands (Malvinas)','FLK',238,1,'SA',NULL),(71,'FO','FAROE ISLANDS','Faeroe Islands','FRO',234,1,'EU',NULL),(72,'FJ','FIJI','Fiji','FJI',242,1,'OC',NULL),(73,'FI','FINLAND','Finland','FIN',246,1,'EU',NULL),(74,'FR','FRANCE','France','FRA',250,1,'EU',NULL),(75,'GF','FRENCH GUIANA','French Guiana','GUF',254,1,'SA',NULL),(76,'PF','FRENCH POLYNESIA','French Polynesia','PYF',258,1,'OC',NULL),(77,'TF','FRENCH SOUTHERN TERRITORIES','French Southern Territories','ATF',260,1,'AN',NULL),(78,'GA','GABON','Gabon','GAB',266,1,'AF',NULL),(79,'GM','GAMBIA','Gambia','GMB',270,1,'AF',NULL),(80,'GE','GEORGIA','Georgia','GEO',268,1,'AS',NULL),(81,'DE','GERMANY','Germany','DEU',276,1,'EU',NULL),(82,'GH','GHANA','Ghana','GHA',288,1,'AF',NULL),(83,'GI','GIBRALTAR','Gibraltar','GIB',292,1,'EU',NULL),(84,'GR','GREECE','Greece','GRC',300,1,'EU',NULL),(85,'GL','GREENLAND','Greenland','GRL',304,1,'NA',NULL),(86,'GD','GRENADA','Grenada','GRD',308,1,'NA',NULL),(87,'GP','GUADELOUPE','Guadeloupe','GLP',312,1,'NA',NULL),(88,'GU','GUAM','Guam','GUM',316,1,'OC',NULL),(89,'GT','GUATEMALA','Guatemala','GTM',320,1,'NA',NULL),(90,'GG','GUERNSEY','Guernsey','GGY',831,1,'EU',NULL),(91,'GN','GUINEA','Guinea','GIN',324,1,'AF',NULL),(92,'GW','GUINEA-BISSAU','Guinea-Bissau','GNB',624,1,'AF',NULL),(93,'GY','GUYANA','Guyana','GUY',328,1,'SA',NULL),(94,'HT','HAITI','Haiti','HTI',332,1,'NA',NULL),(95,'HM','HEARD ISLAND AND MCDONALD ISLANDS','Heard Island and Mcdonald Islands','HMD',334,1,'AN',NULL),(96,'VA','HOLY SEE (VATICAN CITY STATE)','Holy See','VAT',336,1,'EU',NULL),(97,'HN','HONDURAS','Honduras','HND',340,1,'NA',NULL),(98,'HK','HONG KONG','Hong Kong Special Administrative Region of China','HKG',344,1,'AS',NULL),(99,'HU','HUNGARY','Hungary','HUN',348,1,'EU',NULL),(100,'IS','ICELAND','Iceland','ISL',352,1,'EU',NULL),(101,'IN','INDIA','India','IND',356,1,'AS',NULL),(102,'ID','INDONESIA','Indonesia','IDN',360,1,'AS',NULL),(103,'IR','IRAN, ISLAMIC REPUBLIC OF','Iran, Islamic Republic of','IRN',364,1,'AS',NULL),(104,'IQ','IRAQ','Iraq','IRQ',368,1,'AS',NULL),(105,'IE','IRELAND','Ireland','IRL',372,1,'EU',NULL),(106,'IM','ISLE OF MAN','Isle of Man','IMN',833,1,'EU',NULL),(107,'IL','ISRAEL','Israel','ISR',376,1,'AS',NULL),(108,'IT','ITALY','Italy','ITA',380,1,'EU',NULL),(109,'JM','JAMAICA','Jamaica','JAM',388,1,'NA',NULL),(110,'JP','JAPAN','Japan','JPN',392,1,'AS',NULL),(111,'JE','JERSEY','Jersey','JEY',832,1,'EU',NULL),(112,'JO','JORDAN','Jordan','JOR',400,1,'AS',NULL),(113,'KZ','KAZAKHSTAN','Kazakhstan','KAZ',398,1,'AS',NULL),(114,'KE','KENYA','Kenya','KEN',404,1,'AF',NULL),(115,'KI','KIRIBATI','Kiribati','KIR',296,1,'OC',NULL),(116,'KP','KOREA, DEMOCRATIC PEOPLE\'S REPUBLIC OF','Democratic People\'s Republic of Korea','PRK',408,1,'AS',NULL),(117,'KR','KOREA, REPUBLIC OF','Republic of Korea','KOR',410,1,'AS',NULL),(118,'KW','KUWAIT','Kuwait','KWT',414,1,'AS',NULL),(119,'KG','KYRGYZSTAN','Kyrgyzstan','KGZ',417,1,'AS',NULL),(120,'LA','LAO PEOPLE\'S DEMOCRATIC REPUBLIC','Lao People\'s Democratic Republic','LAO',418,1,'AS',NULL),(121,'LV','LATVIA','Latvia','LVA',428,1,'EU',NULL),(122,'LB','LEBANON','Lebanon','LBN',422,1,'AS',NULL),(123,'LS','LESOTHO','Lesotho','LSO',426,1,'AF',NULL),(124,'LR','LIBERIA','Liberia','LBR',430,1,'AF',NULL),(125,'LY','LIBYAN ARAB JAMAHIRIYA','Libyan Arab Jamahiriya','LBY',434,1,'AF',NULL),(126,'LI','LIECHTENSTEIN','Liechtenstein','LIE',438,1,'EU',NULL),(127,'LT','LITHUANIA','Lithuania','LTU',440,1,'EU',NULL),(128,'LU','LUXEMBOURG','Luxembourg','LUX',442,1,'EU',NULL),(129,'MO','MACAO','Macao Special Administrative Region of China','MAC',446,1,'AS',NULL),(130,'MK','MACEDONIA, THE FORMER YUGOSLAV REPUBLIC OF','The former Yugoslav Republic of Macedonia','MKD',807,1,'EU',NULL),(131,'MG','MADAGASCAR','Madagascar','MDG',450,1,'AF',NULL),(132,'MW','MALAWI','Malawi','MWI',454,1,'AF',NULL),(133,'MY','MALAYSIA','Malaysia','MYS',458,1,'AS',NULL),(134,'MV','MALDIVES','Maldives','MDV',462,1,'AS',NULL),(135,'ML','MALI','Mali','MLI',466,1,'AF',NULL),(136,'MT','MALTA','Malta','MLT',470,1,'EU',NULL),(137,'MH','MARSHALL ISLANDS','Marshall Islands','MHL',584,1,'OC',NULL),(138,'MQ','MARTINIQUE','Martinique','MTQ',474,1,'NA',NULL),(139,'MR','MAURITANIA','Mauritania','MRT',478,1,'AF',NULL),(140,'MU','MAURITIUS','Mauritius','MUS',480,1,'AF',NULL),(141,'YT','MAYOTTE','Mayotte','MYT',175,1,'AF',NULL),(142,'MX','MEXICO','Mexico','MEX',484,1,'NA',NULL),(143,'FM','MICRONESIA, FEDERATED STATES OF','Micronesia, Federated States of','FSM',583,1,'OC',NULL),(144,'MD','MOLDOVA, REPUBLIC OF','Republic of Moldova','MDA',498,1,'EU',NULL),(145,'MC','MONACO','Monaco','MCO',492,1,'EU',NULL),(146,'MN','MONGOLIA','Mongolia','MNG',496,1,'AS',NULL),(147,'ME','MONTENEGRO','Montenegro','MNE',499,1,'EU',NULL),(148,'MS','MONTSERRAT','Montserrat','MSR',500,1,'NA',NULL),(149,'MA','MOROCCO','Morocco','MAR',504,1,'AF',NULL),(150,'MZ','MOZAMBIQUE','Mozambique','MOZ',508,1,'AF',NULL),(151,'MM','MYANMAR','Myanmar','MMR',104,1,'AS',NULL),(152,'NA','NAMIBIA','Namibia','NAM',516,1,'AF',NULL),(153,'NR','NAURU','Nauru','NRU',520,1,'OC',NULL),(154,'NP','NEPAL','Nepal','NPL',524,1,'AS',NULL),(155,'NL','NETHERLANDS','Netherlands','NLD',528,1,'EU',NULL),(156,'AN','NETHERLANDS ANTILLES','Netherlands Antilles','ANT',530,1,'NA',NULL),(157,'NC','NEW CALEDONIA','New Caledonia','NCL',540,1,'OC',NULL),(158,'NZ','NEW ZEALAND','New Zealand','NZL',554,1,'OC',NULL),(159,'NI','NICARAGUA','Nicaragua','NIC',558,1,'NA',NULL),(160,'NE','NIGER','Niger','NER',562,1,'AF',NULL),(161,'NG','NIGERIA','Nigeria','NGA',566,1,'AF',NULL),(162,'NU','NIUE','Niue','NIU',570,1,'OC',NULL),(163,'NF','NORFOLK ISLAND','Norfolk Island','NFK',574,1,'OC',NULL),(164,'MP','NORTHERN MARIANA ISLANDS','Northern Mariana Islands','MNP',580,1,'OC',NULL),(165,'NO','NORWAY','Norway','NOR',578,1,'EU',NULL),(166,'OM','OMAN','Oman','OMN',512,1,'AS',NULL),(167,'PK','PAKISTAN','Pakistan','PAK',586,1,'AS',NULL),(168,'PW','PALAU','Palau','PLW',585,1,'OC',NULL),(169,'PS','PALESTINIAN TERRITORY, OCCUPIED','Occupied Palestinian Territory','PSE',275,1,'AS',NULL),(170,'PA','PANAMA','Panama','PAN',591,1,'NA',NULL),(171,'PG','PAPUA NEW GUINEA','Papua New Guinea','PNG',598,1,'OC',NULL),(172,'PY','PARAGUAY','Paraguay','PRY',600,1,'SA',NULL),(173,'PE','PERU','Peru','PER',604,1,'SA',NULL),(174,'PH','PHILIPPINES','Philippines','PHL',608,1,'AS',NULL),(175,'PN','PITCAIRN','Pitcairn','PCN',612,1,'OC',NULL),(176,'PL','POLAND','Poland','POL',616,1,'EU',NULL),(177,'PT','PORTUGAL','Portugal','PRT',620,1,'EU',NULL),(178,'PR','PUERTO RICO','Puerto Rico','PRI',630,1,'NA',NULL),(179,'QA','QATAR','Qatar','QAT',634,1,'AS',NULL),(180,'RE','REUNION','Réunion','REU',638,1,'AF',NULL),(181,'RO','ROMANIA','Romania','ROU',642,1,'EU',NULL),(182,'RU','RUSSIAN FEDERATION','Russian Federation','RUS',643,1,'EU',NULL),(183,'RW','RWANDA','Rwanda','RWA',646,1,'AF',NULL),(184,'SH','SAINT HELENA','Saint Helena','SHN',654,1,'AF',NULL),(185,'KN','SAINT KITTS AND NEVIS','Saint Kitts and Nevis','KNA',659,1,'NA',NULL),(186,'LC','SAINT LUCIA','Saint Lucia','LCA',662,1,'NA',NULL),(187,'PM','SAINT PIERRE AND MIQUELON','Saint Pierre and Miquelon','SPM',666,1,'NA',NULL),(188,'VC','SAINT VINCENT AND THE GRENADINES','Saint Vincent and the Grenadines','VCT',670,1,'NA',NULL),(189,'WS','SAMOA','Samoa','WSM',882,1,'OC',NULL),(190,'SM','SAN MARINO','San Marino','SMR',674,1,'EU',NULL),(191,'ST','SAO TOME AND PRINCIPE','Sao Tome and Principe','STP',678,1,'AF',NULL),(192,'SA','SAUDI ARABIA','Saudi Arabia','SAU',682,1,'AS',NULL),(193,'SN','SENEGAL','Senegal','SEN',686,1,'AF',NULL),(194,'RS','SERBIA','Serbia','SRB',688,1,'EU',NULL),(195,'SC','SEYCHELLES','Seychelles','SYC',690,1,'AF',NULL),(196,'SL','SIERRA LEONE','Sierra Leone','SLE',694,1,'AF',NULL),(197,'SG','SINGAPORE','Singapore','SGP',702,1,'AS',NULL),(198,'SK','SLOVAKIA','Slovakia','SVK',703,1,'EU',NULL),(199,'SI','SLOVENIA','Slovenia','SVN',705,1,'EU',NULL),(200,'SB','SOLOMON ISLANDS','Solomon Islands','SLB',90,1,'OC',NULL),(201,'SO','SOMALIA','Somalia','SOM',706,1,'AF',NULL),(202,'ZA','SOUTH AFRICA','South Africa','ZAF',710,1,'AF',NULL),(203,'GS','SOUTH GEORGIA AND THE SOUTH SANDWICH ISLANDS','South Georgia and the South Sandwich Islands','SGS',239,1,'AN',NULL),(204,'ES','SPAIN','Spain','ESP',724,1,'EU',NULL),(205,'LK','SRI LANKA','Sri Lanka','LKA',144,1,'AS',NULL),(206,'SD','SUDAN','Sudan','SDN',736,1,'AF',NULL),(207,'SR','SURINAME','Suriname','SUR',740,1,'SA',NULL),(208,'SJ','SVALBARD AND JAN MAYEN','Svalbard and Jan Mayen Islands','SJM',744,1,'EU',NULL),(209,'SZ','SWAZILAND','Swaziland','SWZ',748,1,'AF',NULL),(210,'SE','SWEDEN','Sweden','SWE',752,1,'EU',NULL),(211,'CH','SWITZERLAND','Switzerland','CHE',756,1,'EU',NULL),(212,'SY','SYRIAN ARAB REPUBLIC','Syrian Arab Republic','SYR',760,1,'AS',NULL),(213,'TW','TAIWAN, PROVINCE OF CHINA','Taiwan, Province of China','TWN',158,1,'AS',NULL),(214,'TJ','TAJIKISTAN','Tajikistan','TJK',762,1,'AS',NULL),(215,'TZ','TANZANIA, UNITED REPUBLIC OF','United Republic of Tanzania','TZA',834,1,'AF',NULL),(216,'TH','THAILAND','Thailand','THA',764,1,'AS',NULL),(217,'TL','TIMOR-LESTE','Timor-Leste','TLS',626,1,'OC',NULL),(218,'TG','TOGO','Togo','TGO',768,1,'AF',NULL),(219,'TK','TOKELAU','Tokelau','TKL',772,1,'OC',NULL),(220,'TO','TONGA','Tonga','TON',776,1,'OC',NULL),(221,'TT','TRINIDAD AND TOBAGO','Trinidad and Tobago','TTO',780,1,'NA',NULL),(222,'TN','TUNISIA','Tunisia','TUN',788,1,'AF',NULL),(223,'TR','TURKEY','Turkey','TUR',792,1,'AS',NULL),(224,'TM','TURKMENISTAN','Turkmenistan','TKM',795,1,'AS',NULL),(225,'TC','TURKS AND CAICOS ISLANDS','Turks and Caicos Islands','TCA',796,1,'NA',NULL),(226,'TV','TUVALU','Tuvalu','TUV',798,1,'OC',NULL),(227,'UG','UGANDA','Uganda','UGA',800,1,'AF',NULL),(228,'UA','UKRAINE','Ukraine','UKR',804,1,'EU',NULL),(229,'AE','UNITED ARAB EMIRATES','United Arab Emirates','ARE',784,1,'AS',NULL),(230,'GB','UNITED KINGDOM','United Kingdom of Great Britain and Northern Ireland','GBR',826,1,'EU',NULL),(231,'US','UNITED STATES','United States of America','USA',840,1,'NA','st'),(232,'UM','UNITED STATES MINOR OUTLYING ISLANDS','United States Minor Outlying Islands','UMI',581,1,'OC',NULL),(233,'UY','URUGUAY','Uruguay','URY',858,1,'SA',NULL),(234,'UZ','UZBEKISTAN','Uzbekistan','UZB',860,1,'AS',NULL),(235,'VU','VANUATU','Vanuatu','VUT',548,1,'OC',NULL),(236,'VE','VENEZUELA','Venezuela (Bolivarian Republic of)','VEN',862,1,'SA',NULL),(237,'VN','VIET NAM','Viet Nam','VNM',704,1,'AS',NULL),(238,'VG','VIRGIN ISLANDS, BRITISH','British Virgin Islands','VGB',92,1,'NA',NULL),(239,'VI','VIRGIN ISLANDS, U.S.','United States Virgin Islands','VIR',850,1,'NA',NULL),(240,'WF','WALLIS AND FUTUNA','Wallis and Futuna Islands','WLF',876,1,'OC',NULL),(241,'EH','WESTERN SAHARA','Western Sahara','ESH',732,1,'AF',NULL),(242,'YE','YEMEN','Yemen','YEM',887,1,'AS',NULL),(243,'ZM','ZAMBIA','Zambia','ZMB',894,1,'AF',NULL),(244,'ZW','ZIMBABWE','Zimbabwe','ZWE',716,1,'AF',NULL);
/*!40000 ALTER TABLE `l10n_country` ENABLE KEYS */;
UNLOCK TABLES;

--
-- Table structure for table `livesettings_longsetting`
--

DROP TABLE IF EXISTS `livesettings_longsetting`;
/*!40101 SET @saved_cs_client     = @@character_set_client */;
/*!40101 SET character_set_client = utf8 */;
CREATE TABLE `livesettings_longsetting` (
  `id` int(11) NOT NULL auto_increment,
  `site_id` int(11) NOT NULL,
  `group` varchar(100) NOT NULL,
  `key` varchar(100) NOT NULL,
  `value` longtext NOT NULL,
  PRIMARY KEY  (`id`),
  UNIQUE KEY `site_id` (`site_id`,`group`,`key`),
  KEY `livesettings_longsetting_6223029` (`site_id`)
) ENGINE=MyISAM DEFAULT CHARSET=utf8;
/*!40101 SET character_set_client = @saved_cs_client */;

--
-- Dumping data for table `livesettings_longsetting`
--

LOCK TABLES `livesettings_longsetting` WRITE;
/*!40000 ALTER TABLE `livesettings_longsetting` DISABLE KEYS */;
/*!40000 ALTER TABLE `livesettings_longsetting` ENABLE KEYS */;
UNLOCK TABLES;

--
-- Table structure for table `livesettings_setting`
--

DROP TABLE IF EXISTS `livesettings_setting`;
/*!40101 SET @saved_cs_client     = @@character_set_client */;
/*!40101 SET character_set_client = utf8 */;
CREATE TABLE `livesettings_setting` (
  `id` int(11) NOT NULL auto_increment,
  `site_id` int(11) NOT NULL,
  `group` varchar(100) NOT NULL,
  `key` varchar(100) NOT NULL,
  `value` varchar(255) NOT NULL,
  PRIMARY KEY  (`id`),
  UNIQUE KEY `site_id` (`site_id`,`group`,`key`),
  KEY `livesettings_setting_6223029` (`site_id`)
) ENGINE=MyISAM AUTO_INCREMENT=26 DEFAULT CHARSET=utf8;
/*!40101 SET character_set_client = @saved_cs_client */;

--
-- Dumping data for table `livesettings_setting`
--

LOCK TABLES `livesettings_setting` WRITE;
/*!40000 ALTER TABLE `livesettings_setting` DISABLE KEYS */;
INSERT INTO `livesettings_setting` VALUES (1,1,'SHOP','REQUIRED_SHIPPING_DATA','[]'),(2,1,'PRODUCT','RANDOM_FEATURED','True'),(3,1,'PAYMENT_DUMMY','CREDITCHOICES','[]'),(4,1,'SHOP','REQUIRED_BILLING_DATA','[\"email\", \"first_name\", \"last_name\", \"phone\", \"street1\", \"city\", \"postal_code\", \"country\"]'),(5,1,'PRODUCT','MEASUREMENT_SYSTEM','[\"metric\"]'),(6,1,'SHOP','ENFORCE_STATE','False'),(9,1,'PAYMENT_EMAIL','KEY',''),(10,1,'PAYMENT_EMAIL','LABEL',''),(11,1,'PAYMENT','ORDER_EMAIL_EXTRA',''),(12,1,'PAYMENT','ORDER_EMAIL_OWNER','True'),(13,1,'SHIPPING','PER_SERVICE','Куриер'),(14,1,'PAYMENT_EMAIL','CAPTURE','False'),(22,1,'PAYMENT_DUMMY','KEY',''),(16,1,'SHIPPING','PER_DAYS','3 - 4 работни дни'),(17,1,'SHIPPING','PER_RATE','0'),(23,1,'PAYMENT_DUMMY','URL_BASE','^d/'),(19,1,'PAYMENT','USE_DISCOUNTS','False'),(20,1,'PAYMENT_EMAIL','CREDITCHOICES','[]'),(25,1,'PRODUCT','SHOW_NO_PHOTO_IN_CATEGORY','True');
/*!40000 ALTER TABLE `livesettings_setting` ENABLE KEYS */;
UNLOCK TABLES;

--
-- Table structure for table `newsletter_subscription`
--

DROP TABLE IF EXISTS `newsletter_subscription`;
/*!40101 SET @saved_cs_client     = @@character_set_client */;
/*!40101 SET character_set_client = utf8 */;
CREATE TABLE `newsletter_subscription` (
  `id` int(11) NOT NULL auto_increment,
  `subscribed` tinyint(1) NOT NULL,
  `email` varchar(75) NOT NULL,
  `create_date` date NOT NULL,
  `update_date` date NOT NULL,
  PRIMARY KEY  (`id`)
) ENGINE=MyISAM AUTO_INCREMENT=3 DEFAULT CHARSET=utf8;
/*!40101 SET character_set_client = @saved_cs_client */;

--
-- Dumping data for table `newsletter_subscription`
--

LOCK TABLES `newsletter_subscription` WRITE;
/*!40000 ALTER TABLE `newsletter_subscription` DISABLE KEYS */;
INSERT INTO `newsletter_subscription` VALUES (1,1,'v.kiril@gmail.com','2011-11-16','2011-11-16'),(2,1,'d_slavov@kaliman.bg','2011-12-07','2011-12-07');
/*!40000 ALTER TABLE `newsletter_subscription` ENABLE KEYS */;
UNLOCK TABLES;

--
-- Table structure for table `newsletter_subscriptionattribute`
--

DROP TABLE IF EXISTS `newsletter_subscriptionattribute`;
/*!40101 SET @saved_cs_client     = @@character_set_client */;
/*!40101 SET character_set_client = utf8 */;
CREATE TABLE `newsletter_subscriptionattribute` (
  `id` int(11) NOT NULL auto_increment,
  `subscription_id` int(11) NOT NULL,
  `name` varchar(100) NOT NULL,
  `value` varchar(255) NOT NULL,
  PRIMARY KEY  (`id`),
  KEY `newsletter_subscriptionattribute_104f5ac1` (`subscription_id`),
  KEY `newsletter_subscriptionattribute_52094d6e` (`name`)
) ENGINE=MyISAM DEFAULT CHARSET=utf8;
/*!40101 SET character_set_client = @saved_cs_client */;

--
-- Dumping data for table `newsletter_subscriptionattribute`
--

LOCK TABLES `newsletter_subscriptionattribute` WRITE;
/*!40000 ALTER TABLE `newsletter_subscriptionattribute` DISABLE KEYS */;
/*!40000 ALTER TABLE `newsletter_subscriptionattribute` ENABLE KEYS */;
UNLOCK TABLES;

--
-- Table structure for table `payment_creditcarddetail`
--

DROP TABLE IF EXISTS `payment_creditcarddetail`;
/*!40101 SET @saved_cs_client     = @@character_set_client */;
/*!40101 SET character_set_client = utf8 */;
CREATE TABLE `payment_creditcarddetail` (
  `id` int(11) NOT NULL auto_increment,
  `orderpayment_id` int(11) NOT NULL,
  `credit_type` varchar(16) NOT NULL,
  `display_cc` varchar(4) NOT NULL,
  `encrypted_cc` varchar(40) default NULL,
  `expire_month` int(11) NOT NULL,
  `expire_year` int(11) NOT NULL,
  `card_holder` varchar(60) NOT NULL,
  `start_month` int(11) default NULL,
  `start_year` int(11) default NULL,
  `issue_num` varchar(2) default NULL,
  PRIMARY KEY  (`id`),
  UNIQUE KEY `orderpayment_id` (`orderpayment_id`)
) ENGINE=MyISAM AUTO_INCREMENT=5 DEFAULT CHARSET=utf8;
/*!40101 SET character_set_client = @saved_cs_client */;

--
-- Dumping data for table `payment_creditcarddetail`
--

LOCK TABLES `payment_creditcarddetail` WRITE;
/*!40000 ALTER TABLE `payment_creditcarddetail` DISABLE KEYS */;
INSERT INTO `payment_creditcarddetail` VALUES (1,1,'Visa','1111','X+GhXY7n/Dd28tqBkRt9Uw==',12,2011,'',NULL,NULL,NULL),(2,2,'Visa','1111','0SvuyD+za1fUqEiqUUioaQ==',1,2012,'',NULL,NULL,NULL),(3,3,'Visa','3459','852g1HPfSN5WG3YPQxFZDw==',4,2013,'',NULL,NULL,NULL),(4,4,'Visa','3459','Ff4Kzi6gurbZ80IZERBcIw==',1,2012,'',NULL,NULL,NULL);
/*!40000 ALTER TABLE `payment_creditcarddetail` ENABLE KEYS */;
UNLOCK TABLES;

--
-- Table structure for table `payment_paymentoption`
--

DROP TABLE IF EXISTS `payment_paymentoption`;
/*!40101 SET @saved_cs_client     = @@character_set_client */;
/*!40101 SET character_set_client = utf8 */;
CREATE TABLE `payment_paymentoption` (
  `id` int(11) NOT NULL auto_increment,
  `description` varchar(20) NOT NULL,
  `active` tinyint(1) NOT NULL,
  `optionName` varchar(20) NOT NULL,
  `sortOrder` int(11) NOT NULL,
  PRIMARY KEY  (`id`),
  UNIQUE KEY `optionName` (`optionName`)
) ENGINE=MyISAM DEFAULT CHARSET=utf8;
/*!40101 SET character_set_client = @saved_cs_client */;

--
-- Dumping data for table `payment_paymentoption`
--

LOCK TABLES `payment_paymentoption` WRITE;
/*!40000 ALTER TABLE `payment_paymentoption` DISABLE KEYS */;
/*!40000 ALTER TABLE `payment_paymentoption` ENABLE KEYS */;
UNLOCK TABLES;

--
-- Table structure for table `photologue_gallery`
--

DROP TABLE IF EXISTS `photologue_gallery`;
/*!40101 SET @saved_cs_client     = @@character_set_client */;
/*!40101 SET character_set_client = utf8 */;
CREATE TABLE `photologue_gallery` (
  `id` int(11) NOT NULL auto_increment,
  `date_added` datetime NOT NULL,
  `title` varchar(100) NOT NULL,
  `title_slug` varchar(50) NOT NULL,
  `description` longtext NOT NULL,
  `is_public` tinyint(1) NOT NULL,
  `tags` varchar(255) NOT NULL,
  PRIMARY KEY  (`id`),
  UNIQUE KEY `title` (`title`),
  UNIQUE KEY `title_slug` (`title_slug`)
) ENGINE=MyISAM DEFAULT CHARSET=utf8;
/*!40101 SET character_set_client = @saved_cs_client */;

--
-- Dumping data for table `photologue_gallery`
--

LOCK TABLES `photologue_gallery` WRITE;
/*!40000 ALTER TABLE `photologue_gallery` DISABLE KEYS */;
/*!40000 ALTER TABLE `photologue_gallery` ENABLE KEYS */;
UNLOCK TABLES;

--
-- Table structure for table `photologue_gallery_photos`
--

DROP TABLE IF EXISTS `photologue_gallery_photos`;
/*!40101 SET @saved_cs_client     = @@character_set_client */;
/*!40101 SET character_set_client = utf8 */;
CREATE TABLE `photologue_gallery_photos` (
  `id` int(11) NOT NULL auto_increment,
  `gallery_id` int(11) NOT NULL,
  `photo_id` int(11) NOT NULL,
  PRIMARY KEY  (`id`),
  UNIQUE KEY `gallery_id` (`gallery_id`,`photo_id`),
  KEY `photologue_gallery_photos_34838cc3` (`gallery_id`),
  KEY `photologue_gallery_photos_7c6c8bb1` (`photo_id`)
) ENGINE=MyISAM DEFAULT CHARSET=utf8;
/*!40101 SET character_set_client = @saved_cs_client */;

--
-- Dumping data for table `photologue_gallery_photos`
--

LOCK TABLES `photologue_gallery_photos` WRITE;
/*!40000 ALTER TABLE `photologue_gallery_photos` DISABLE KEYS */;
/*!40000 ALTER TABLE `photologue_gallery_photos` ENABLE KEYS */;
UNLOCK TABLES;

--
-- Table structure for table `photologue_galleryupload`
--

DROP TABLE IF EXISTS `photologue_galleryupload`;
/*!40101 SET @saved_cs_client     = @@character_set_client */;
/*!40101 SET character_set_client = utf8 */;
CREATE TABLE `photologue_galleryupload` (
  `id` int(11) NOT NULL auto_increment,
  `zip_file` varchar(100) NOT NULL,
  `gallery_id` int(11) default NULL,
  `title` varchar(75) NOT NULL,
  `caption` longtext NOT NULL,
  `description` longtext NOT NULL,
  `is_public` tinyint(1) NOT NULL,
  `tags` varchar(255) NOT NULL,
  PRIMARY KEY  (`id`),
  KEY `photologue_galleryupload_34838cc3` (`gallery_id`)
) ENGINE=MyISAM DEFAULT CHARSET=utf8;
/*!40101 SET character_set_client = @saved_cs_client */;

--
-- Dumping data for table `photologue_galleryupload`
--

LOCK TABLES `photologue_galleryupload` WRITE;
/*!40000 ALTER TABLE `photologue_galleryupload` DISABLE KEYS */;
/*!40000 ALTER TABLE `photologue_galleryupload` ENABLE KEYS */;
UNLOCK TABLES;

--
-- Table structure for table `photologue_photo`
--

DROP TABLE IF EXISTS `photologue_photo`;
/*!40101 SET @saved_cs_client     = @@character_set_client */;
/*!40101 SET character_set_client = utf8 */;
CREATE TABLE `photologue_photo` (
  `id` int(11) NOT NULL auto_increment,
  `image` varchar(100) NOT NULL,
  `date_taken` datetime default NULL,
  `view_count` int(10) unsigned NOT NULL,
  `crop_from` varchar(10) NOT NULL,
  `effect_id` int(11) default NULL,
  `title` varchar(100) NOT NULL,
  `title_slug` varchar(50) NOT NULL,
  `caption` longtext NOT NULL,
  `date_added` datetime NOT NULL,
  `is_public` tinyint(1) NOT NULL,
  `tags` varchar(255) NOT NULL,
  PRIMARY KEY  (`id`),
  UNIQUE KEY `title` (`title`),
  UNIQUE KEY `title_slug` (`title_slug`),
  KEY `photologue_photo_14e7a2c1` (`effect_id`)
) ENGINE=MyISAM AUTO_INCREMENT=51 DEFAULT CHARSET=utf8;
/*!40101 SET character_set_client = @saved_cs_client */;

--
-- Dumping data for table `photologue_photo`
--

LOCK TABLES `photologue_photo` WRITE;
/*!40000 ALTER TABLE `photologue_photo` DISABLE KEYS */;
INSERT INTO `photologue_photo` VALUES (1,'photologue/photos/25-10-01.jpg','2011-12-06 15:10:05',0,'center',NULL,'Habanos y HBO – Black label H.UPMANN NOELLAS /25/','habanos-y-hbo-black-label-hupmann-noellas-25','','2011-12-06 15:10:05',1,''),(2,'photologue/photos/25-10-02.jpg','2011-12-06 15:25:41',0,'center',NULL,'Habanos y HBO – Black label H.UPMANN NOELLAS 2','habanos-y-hbo-black-label-hupmann-noellas-2-2','','2011-12-06 15:25:41',1,''),(3,'photologue/photos/pic_1_ready.jpg','2011-12-06 15:39:43',0,'center',NULL,'Нови лимитирани серии','novi-limitirani-serii','','2011-12-06 15:39:43',1,''),(4,'photologue/photos/pic_2_ready.jpg','2011-12-06 15:43:14',0,'center',NULL,'Нови лимитирани серии 2','novi-limitirani-serii-2','','2011-12-06 15:43:14',1,''),(47,'photologue/photos/bolivar_new_ready.jpg','2011-12-07 10:45:00',0,'center',NULL,'Новите лимитирани серии кубински пури на Habanos s.a. за 2009 г. вече са в България','novite-limitirani-serii-kubinski-puri-na-habanos-s','','2011-12-07 10:45:00',1,''),(6,'photologue/photos/pic_4_ready.jpg','2011-12-06 15:46:24',0,'center',NULL,'Нови лимитирани серии 4','novi-limitirani-serii-4','','2011-12-06 15:46:24',1,''),(7,'photologue/photos/pic_5_ready.jpg','2011-12-06 15:49:50',0,'center',NULL,'Ediciones Limitadas Habanos 2009','ediciones-limitadas-habanos-2009','','2011-12-06 15:49:50',1,''),(8,'photologue/photos/pic_6_ready.jpg','2011-12-06 15:52:51',0,'center',NULL,'Upmann Magnum 48','upmann-magnum-48','','2011-12-06 15:52:51',1,''),(9,'photologue/photos/pic_6_ready_1.jpg','2011-12-06 15:54:24',0,'center',NULL,'Upmann Magnum 48 2','upmann-magnum-48-2','','2011-12-06 15:54:24',1,''),(10,'photologue/photos/pic_7_ready.jpg','2011-12-06 15:57:49',0,'center',NULL,'Bolivar Petit Belicosos','bolivar-petit-belicosos','','2011-12-06 15:57:49',1,''),(11,'photologue/photos/picture_8_rdy.jpg','2011-12-06 16:11:54',0,'center',NULL,'НОВАТА ЛИНИЯ MONTECRISTO OPEN','novata-liniya-montecristo-open','','2011-12-06 16:11:54',1,''),(39,'photologue/photos/HBO_9_ready.jpg','2011-12-07 09:58:53',0,'center',NULL,'Habanos y HBO – Black label H.UPMANN NOELLAS /25/ 9','habanos-y-hbo-black-label-hupmann-noellas-25-9','','2011-12-07 09:58:53',1,''),(14,'photologue/photos/pic_11.jpg','2011-12-06 16:14:59',0,'center',NULL,'The First Montecristo Cup','first-montecristo-cup','','2011-12-06 16:14:59',1,''),(16,'photologue/photos/pic_11_ready.jpg','2011-12-06 16:19:50',0,'center',NULL,'НОМИНАЦИЯ','nominaciya','','2011-12-06 16:19:50',1,''),(17,'photologue/photos/pic_13_rdy.jpg','2011-12-06 16:21:24',0,'center',NULL,'Лимитирана серия на уникални пури','limitirana-seriya-na-unikalni-puri','','2011-12-06 16:21:24',1,''),(18,'photologue/photos/ekspert_3_ready.jpg','2011-12-06 16:28:28',0,'center',NULL,'Обучение','obuchenie','','2011-12-06 16:28:28',1,''),(19,'photologue/photos/ekspert_2_ready.jpg','2011-12-06 16:28:46',0,'center',NULL,'Обучение 2','obuchenie-2','','2011-12-06 16:28:46',1,''),(20,'photologue/photos/ekspert_1_ready.jpg','2011-12-06 16:28:58',0,'center',NULL,'Обучение 3','obuchenie-3','','2011-12-06 16:28:58',1,''),(43,'photologue/photos/HBO_5_ready.jpg','2011-12-07 10:00:09',0,'center',NULL,'Habanos y HBO – Black label H.UPMANN NOELLAS /25/ 5','habanos-y-hbo-black-label-hupmann-noellas-25-5','','2011-12-07 10:00:09',1,''),(46,'photologue/photos/yltralimitirana_2_new_rdy.jpg','2011-12-07 10:34:54',0,'center',NULL,'Cohiba Behike за първи път в България new','cohiba-behike-za-prvi-pt-v-blgariya-new','','2011-12-07 10:34:54',1,''),(24,'photologue/photos/legenda_ready.jpg','2011-12-06 16:36:21',0,'center',NULL,'Легенда','legenda','','2011-12-06 16:36:21',1,''),(25,'photologue/photos/bolivar_rdy.jpg','2011-12-06 16:43:12',0,'center',NULL,'Bolivar','bolivar','','2011-12-06 16:43:12',1,''),(26,'photologue/photos/festival_4_rdy.jpg','2011-12-06 16:46:39',0,'center',NULL,'Фестивал 4','festival-4','','2011-12-06 16:46:39',1,''),(27,'photologue/photos/festioval_3_rdy.jpg','2011-12-06 16:46:59',0,'center',NULL,'Фестивал 3','festival-3','','2011-12-06 16:46:59',1,''),(28,'photologue/photos/festival_2_rdy.jpg','2011-12-06 16:47:13',0,'center',NULL,'Фестивал 2','festival-2','','2011-12-06 16:47:13',1,''),(29,'photologue/photos/festival_1_rdy.jpg','2011-12-06 16:47:26',0,'center',NULL,'Фестивал','festival','','2011-12-06 16:47:26',1,''),(30,'photologue/photos/parti_4_rdy.jpg','2011-12-06 16:50:49',0,'center',NULL,'Парти 4','parti-4','','2011-12-06 16:50:49',1,''),(31,'photologue/photos/parti_3_rdy.jpg','2011-12-06 16:51:02',0,'center',NULL,'Парти 3','parti-3','','2011-12-06 16:51:02',1,''),(32,'photologue/photos/parti_2_rdy.jpg','2011-12-06 16:51:17',0,'center',NULL,'Парти 2','parti-2','','2011-12-06 16:51:16',1,''),(33,'photologue/photos/parti_1_rdy.jpg','2011-12-06 16:51:31',0,'center',NULL,'Парти','parti','','2011-12-06 16:51:31',1,''),(34,'photologue/photos/grand_3_rdy.jpg','2011-12-06 16:56:08',0,'center',NULL,'Grand 3','grand-3','','2011-12-06 16:56:08',1,''),(35,'photologue/photos/grand_2_rdy.jpg','2011-12-06 16:56:18',0,'center',NULL,'Grand 2','grand-2','','2011-12-06 16:56:18',1,''),(36,'photologue/photos/grand_1_rdy.jpg','2011-12-06 16:56:30',0,'center',NULL,'Grand','grand','','2011-12-06 16:56:30',1,''),(41,'photologue/photos/HBO_7_ready.jpg','2011-12-07 09:59:41',0,'center',NULL,'Habanos y HBO – Black label H.UPMANN NOELLAS /25/ 7','habanos-y-hbo-black-label-hupmann-noellas-25-7','','2011-12-07 09:59:41',1,''),(38,'photologue/photos/1-a.jpg','2011-12-06 17:05:42',0,'center',NULL,'COHIBA BEHIKE ЗА ПЪРВИ ПЪТ В БЪЛГАРИЯ 2','cohiba-behike-za-prvi-pt-v-blgariya-2','','2011-12-06 17:05:42',1,''),(44,'photologue/photos/HBO_4_ready.jpg','2011-12-07 10:00:24',0,'center',NULL,'Habanos y HBO – Black label H.UPMANN NOELLAS /25/ 4','habanos-y-hbo-black-label-hupmann-noellas-25-4','','2011-12-07 10:00:24',1,''),(45,'photologue/photos/HBO_ready.jpg','2011-12-07 10:00:51',0,'center',NULL,'Habanos y HBO – Black label H.UPMANN NOELLAS /25/ 1','habanos-y-hbo-black-label-hupmann-noellas-25-1','','2011-12-07 10:00:51',1,''),(48,'photologue/photos/magnum.jpg','2011-12-07 10:49:02',0,'center',NULL,'Magnum','magnum','','2011-12-07 10:49:01',1,''),(49,'photologue/photos/open_rdy.jpg','2011-12-07 11:29:30',0,'center',NULL,'Open','open','','2011-12-07 11:29:30',1,''),(50,'photologue/photos/ceniteli_rdy.jpg','2011-12-07 11:51:36',0,'center',NULL,'Unikalni pyri','unikalni-pyri','','2011-12-07 11:51:36',1,'');
/*!40000 ALTER TABLE `photologue_photo` ENABLE KEYS */;
UNLOCK TABLES;

--
-- Table structure for table `photologue_photoeffect`
--

DROP TABLE IF EXISTS `photologue_photoeffect`;
/*!40101 SET @saved_cs_client     = @@character_set_client */;
/*!40101 SET character_set_client = utf8 */;
CREATE TABLE `photologue_photoeffect` (
  `id` int(11) NOT NULL auto_increment,
  `name` varchar(30) NOT NULL,
  `description` longtext NOT NULL,
  `transpose_method` varchar(15) NOT NULL,
  `color` double NOT NULL,
  `brightness` double NOT NULL,
  `contrast` double NOT NULL,
  `sharpness` double NOT NULL,
  `filters` varchar(200) NOT NULL,
  `reflection_size` double NOT NULL,
  `reflection_strength` double NOT NULL,
  `background_color` varchar(7) NOT NULL,
  PRIMARY KEY  (`id`),
  UNIQUE KEY `name` (`name`)
) ENGINE=MyISAM DEFAULT CHARSET=utf8;
/*!40101 SET character_set_client = @saved_cs_client */;

--
-- Dumping data for table `photologue_photoeffect`
--

LOCK TABLES `photologue_photoeffect` WRITE;
/*!40000 ALTER TABLE `photologue_photoeffect` DISABLE KEYS */;
/*!40000 ALTER TABLE `photologue_photoeffect` ENABLE KEYS */;
UNLOCK TABLES;

--
-- Table structure for table `photologue_photosize`
--

DROP TABLE IF EXISTS `photologue_photosize`;
/*!40101 SET @saved_cs_client     = @@character_set_client */;
/*!40101 SET character_set_client = utf8 */;
CREATE TABLE `photologue_photosize` (
  `id` int(11) NOT NULL auto_increment,
  `name` varchar(20) NOT NULL,
  `width` int(10) unsigned NOT NULL,
  `height` int(10) unsigned NOT NULL,
  `quality` int(10) unsigned NOT NULL,
  `upscale` tinyint(1) NOT NULL,
  `crop` tinyint(1) NOT NULL,
  `pre_cache` tinyint(1) NOT NULL,
  `increment_count` tinyint(1) NOT NULL,
  `effect_id` int(11) default NULL,
  `watermark_id` int(11) default NULL,
  PRIMARY KEY  (`id`),
  UNIQUE KEY `name` (`name`),
  KEY `photologue_photosize_14e7a2c1` (`effect_id`),
  KEY `photologue_photosize_7fc953ef` (`watermark_id`)
) ENGINE=MyISAM AUTO_INCREMENT=2 DEFAULT CHARSET=utf8;
/*!40101 SET character_set_client = @saved_cs_client */;

--
-- Dumping data for table `photologue_photosize`
--

LOCK TABLES `photologue_photosize` WRITE;
/*!40000 ALTER TABLE `photologue_photosize` DISABLE KEYS */;
INSERT INTO `photologue_photosize` VALUES (1,'for_news',426,284,70,0,0,0,0,NULL,NULL);
/*!40000 ALTER TABLE `photologue_photosize` ENABLE KEYS */;
UNLOCK TABLES;

--
-- Table structure for table `photologue_watermark`
--

DROP TABLE IF EXISTS `photologue_watermark`;
/*!40101 SET @saved_cs_client     = @@character_set_client */;
/*!40101 SET character_set_client = utf8 */;
CREATE TABLE `photologue_watermark` (
  `id` int(11) NOT NULL auto_increment,
  `name` varchar(30) NOT NULL,
  `description` longtext NOT NULL,
  `image` varchar(100) NOT NULL,
  `style` varchar(5) NOT NULL,
  `opacity` double NOT NULL,
  PRIMARY KEY  (`id`),
  UNIQUE KEY `name` (`name`)
) ENGINE=MyISAM DEFAULT CHARSET=utf8;
/*!40101 SET character_set_client = @saved_cs_client */;

--
-- Dumping data for table `photologue_watermark`
--

LOCK TABLES `photologue_watermark` WRITE;
/*!40000 ALTER TABLE `photologue_watermark` DISABLE KEYS */;
/*!40000 ALTER TABLE `photologue_watermark` ENABLE KEYS */;
UNLOCK TABLES;

--
-- Table structure for table `pressroom_article`
--

DROP TABLE IF EXISTS `pressroom_article`;
/*!40101 SET @saved_cs_client     = @@character_set_client */;
/*!40101 SET character_set_client = utf8 */;
CREATE TABLE `pressroom_article` (
  `id` int(11) NOT NULL auto_increment,
  `pub_date` datetime NOT NULL,
  `headline` varchar(200) NOT NULL,
  `slug` varchar(50) NOT NULL,
  `summary` longtext NOT NULL,
  `body` longtext NOT NULL,
  `author` varchar(100) NOT NULL,
  `publish` tinyint(1) NOT NULL default '0',
  `enable_comments` tinyint(1) NOT NULL default '1',
  `featured` tinyint(1) NOT NULL,
  PRIMARY KEY  (`id`),
  KEY `pressroom_article_56ae2a2a` (`slug`)
) ENGINE=MyISAM AUTO_INCREMENT=19 DEFAULT CHARSET=utf8;
/*!40101 SET character_set_client = @saved_cs_client */;

--
-- Dumping data for table `pressroom_article`
--

LOCK TABLES `pressroom_article` WRITE;
/*!40000 ALTER TABLE `pressroom_article` DISABLE KEYS */;
INSERT INTO `pressroom_article` VALUES (2,'2011-11-18 10:01:54','Bolivar 681 – Първото регионално издание на корпорация Habanos за България','bolivar-681-prvoto-regionalno-izdanie-na-korporaci','<p>Със стилно парти във Военна академия &bdquo;Г. С. Раковски&rdquo; в София на 17 ноември &bdquo;Калиман Карибе&rdquo; ООД официално представи Първото регионално издание от корпорация Habanos специално за страната.</p>','<p>Със стилно парти във Военна академия &bdquo;Г. С. Раковски&rdquo; в София на 17 ноември &bdquo;Калиман Карибе&rdquo; ООД официално представи Първото регионално издание от корпорация Habanos специално за страната. През 2011 г. България получава правото и привилегията да притежава свое собствено Регионално издание &ndash; чест и признание за всички aficionados.</p>\r\n<p>Почитателите на пурите присъстваха на истински спектакъл с участието на златните момичета на България &ndash; ансамбъла по художествена гимнастика с ръководител Илияна Раева, а за настроението на гостите се погрижиха ДесиСлава и Помбос Дансинг център. Представянето на пурата бе направено с уникален интериорен 3D mapping, в който гостите наблюдаваха &bdquo;преминаването&rdquo; на BOLIVAR 681 през континентите, проследявайки пътя на пурата от Куба до България, а самата витола буквално &bdquo;оживя&rdquo; в залата пред очите на присъстващите. Ритуално пурата бе внесена под акомпанимента на Гвардейския представителен духов оркестър. Лично вицепрезидентът &bdquo;Бизнес развитие&rdquo; на корпорация Habanos s.a Хавиер Терес представи BOLIVAR 681 пред публиката.</p>\r\n<p>По традиция &bdquo;Калиман Карибе&rdquo; връчи годишните Habanos Awards, които отличават най-верните Habanos aficionados в България.</p>','',1,0,0),(3,'2011-03-10 10:09:00','Най-значимото събитие в света на пурите ХIII Фестивал Habanos','naj-znachimoto-sbitie-v-sveta-na-purite-hiii-festi','<p>Най-значимото събитие в света на пурите ХIII Фестивал Habanos&nbsp;очарова повече от 1200 гости от над 70 страни</p>\r\n<p>&nbsp;</p>','<p>Най-значимото събитие в света на пурите ХIII Фестивал Habanos&nbsp;очарова повече от 1200 гости от над 70 страни</p>\r\n<p>Традиционно Фестивалът се провежда в последната седмица на февруари в Хавана, Куба</p>\r\n<p>За тринадесета поредна година в седмицата 21-25 февруари Хавана бе домакин на най-магнетичното и значимо събитие за почитателите на пурите в света. Атрактивната програма на ежегодния форум обедини ценители и професионалисти в сферата, както и експерти, отговарящи за производството, бизнеса и комуникациите на безспорния лидер в света на премиум пурите &ndash; Habanos. Голямото семейство на емблематичния Habanos проведе едноседмична среща в рамките на Фестивала на пурата и се наслади на уникалния дух и на емоциите в света на пурите.</p>\r\n<p>За всички любители на пурите организаторите бяха подготвили ексклузивни галасъбития с концертна програма от световноизвестни личности и представяне на висококвалитетна гурме култура &ndash; Habanos и сомелиерско майсторство, дегустации и др. Уникална бе и възможността за запознаване и размяна на идеи и опит на клубни общности от над 70 страни по света.</p>\r\n<p>Сред специалните събития, включени в програмата, беше Noche De Bienvendida с виртуозните музикални изпълнения на носителя на Grammy Lationo 2010 Лео Брауер.&nbsp;</p>\r\n<p>Noche de H. Upmann увлече гостите в своеобразна фиеста на различни поколения кубинските музикални таланти в уникалната обстановка на El Laguito &ndash; протоколната резиденция на висшия кубински елит.&nbsp;</p>\r\n<p>Gala Dinner Grand Reserva Montecristo и елитният кубински симфоничен оркестър създадоха неповторимо настроение у присъстващите. Това бе вечерта на благотворителния аукцион, който постигна рекордната сума от 827 000 евро. Бяха връчени и годишните награди Premios Habanos.&nbsp;</p>\r\n<p>Фестивалът традиционно е и място за ексклузивно представяне на най-новите пури за 2011г. Създаването на високостойностни продукти и следването на тенденциите в сферата са сред водещите критерии при избора на новите продукти на Habanos. През последните години издания като Grand reservа в Cohiba, линията Open в Montecristo, Wide Churchill в Romeo y Julieta, концепцията Ediciones Limitadas и звездната Cohiba Behike се отличиха като най-успешно лансираните продукти.&nbsp;</p>\r\n<p>През 2011 г. акцентите ще бъдат:</p>\r\n<ul>\r\n<li>Grand Reserva в Montecristo, представена във витола флагшип на марката: пирамидалната Montecristo №2, както и най-доброто от реколта 2005 на знаковата долина Vuelta Abajo.&nbsp;</li>\r\n<li>Развитие на дълголетната Partagas с нова серия &ndash; Partagas serie E №2, предназначена за любители на интензивните аромати с ринг 54 х 140 мм.</li>\r\n<li>От лимитираните издания акцентът ще бъде юбилейната Cohiba по случай 45 години от създаването на марката - Cohiba 1966. Специалният формат ще бъде Canonazo Especial с ринг 52 и 166 м.</li>\r\n</ul>','',1,0,1),(4,'2011-01-10 10:13:16','Habanos y HBO – Black label H.UPMANN NOELLAS /25/','habanos-y-hbo-black-label-hupmann-noellas-25','<p>За нас е чест, че изключителната линия &ldquo;La Casa del Habano&rdquo;, представена в настоящото ревю, може да зарадва българския почитател с още едно, този път съвсем ново попълнение: H. Upmann Noellas.</p>','<p>За нас е чест, че изключителната линия &ldquo;La Casa del Habano&rdquo;, представена в настоящото ревю, може да зарадва българския почитател с още едно, този път съвсем ново попълнение: H. Upmann Noellas. След близо 30-годишно прекъсване на тази витола, Habanos възкреси тяхната история в ювелирния умидор на благотворителния търг от Фестивала на пурата миналата година. Умидорът се продаде за рекордна сума, която по традиция се дарява в помощ на кубинската здравна система.&nbsp;</p>\r\n<p>Сега обаче, витола Noellas заема своето самостоятелно място под бренда ONLY LCH. Форматът й е Cosacos, който българският сигарафисионадо познава от витола Cosacos на марката Fonseca. Пурите са 25 на брой и са в красив стъклен умидор, в чиито ретро дизайн може да се долови носталгия по миналото. Освен че е ново попълнение, чест за всяка колекция, H. Upmann Noellas ще бъде и силно ограничен като бройка: едва 5000 за цял свят. Българският потребител е един от малкото, които ще могат да се порадват на това красиво колекционно изделие.&nbsp;</p>\r\n<ul>\r\n<li>Име на галерия: Cosaco</li>\r\n<li>Дължина: 135 mm</li>\r\n<li>Ринг: 42 (16,67mm)</li>\r\n<li>Калибър: Среден</li>\r\n</ul>','',1,0,0),(5,'2010-06-25 10:14:13','Habanos Grand Party IV - кубинска нощ в София от „Калиман Карибе“','habanos-grand-party-iv-kubinska-nosh-v-sofiya-ot-k','<p>Шикозно парти, организирано от компанията &bdquo;Калиман Карибе&ldquo;, ексклузивен дистрибутор на пурите Habanos, събра елита на София в Резиденция &bdquo;Лозенец&ldquo;.</p>','<p>Шикозно парти, организирано от компанията &bdquo;Калиман Карибе&ldquo;, ексклузивен дистрибутор на пурите Habanos, събра елита на София в Резиденция &bdquo;Лозенец&ldquo;. Поводът за събитието бе представянето за първи път в България на ултралимитираната пура Cohiba Behike, предназначена само за ценители. Habanos Grand Party IV е традиционното събитие, което събира на едно място всички любители на тютюна и на кубинското настроение и култура. Всички гости се насладиха на лимитираните серии пури &ndash; подарък за всеки присъстващ, на красивата лятна атмосфера на градината на резиденцията и мелодичния глас на поп звездата Хилда Казасян.</p>\r\n<p>Специални гости на събитието бяха Мануел Гарсия, Вицепрезидент по Търговските въпроси, и Хавиер Терес, Вицепрезидент Бизнес развитие, корпорация Habanos. Посланикът на Испания, Негово Превъзходителство Хорхе Фуентес и посланикът на Куба, Негово Превъзходителство Херардо Суарес Алварес, заедно с много светски личности също бяха част от събитието. Сред гостите бяха представители от политическия и бизнес елит на България.</p>','',1,0,0),(6,'2010-06-23 10:16:50','Ултралимитираната пура Cohiba Behike за първи път в България','ultralimitiranata-pura-cohiba-behike-za-prvi-pt-v-','<p>Ексклузивната новина е най-новата лимитирана пура, предназначена да отговори на най-високите и изтънчени предпочитания.</p>','<p>Ексклузивната новина е най-новата лимитирана пура, предназначена да отговори на най-високите и изтънчени предпочитания. Селекцията се казва Cohiba Behikе. Пръстените на Behike представят индианския профил на Cohiba като релефно холограмно изображение. Обявена като &bdquo;Най-добре пазената тайна&rdquo;, серията впечатлява с уникалност, различна от всичко, предлагано до момента. Тайната на неповторимия аромат се крие в изработката й от най-финия тютюнев лист на сорта Криойо medio tiempo, израстващ в най-горната част на стъблото. Нежният лист е уязвим на климатичните промени и изисква специални грижи. Поради оскъдността на medio tiempo Behikе ще се произвежда в изключително ограничени количества. Новата линия на Cohiba ще бъде представена в три формата, наречени според дебелината на ринга, която имат: BHK 52, BHK 54, BHK 56.&nbsp;</p>\r\n<p>&bdquo;Положихме началото на една добра традиция да представяме новите предложения от света на Habanos на всички ценители по света. Обръщаме специално внимание на лимитираните серии, защото се засилва интересът към тези издания. За нас е чест и удоволствие да представим на всички любители на хубавия тютюн уникалната пура Cohiba Behikе, която вярваме ще отговори и на най-изтънчените предпочитания&ldquo;, казаха Мануел Гарсия, вицепрезидент по търговските въпроси, и Хавиер Терес, вицепрезидент бизнес развитие, корпорация Habanos.</p>\r\n<p>Възможността за участие в надпреварата за Регионални издания Habanos дава историческия шанс да обогатим световната Habanos култура с българска, ексклузивна за страната ни витола. Тази концепция води началото си от 2005 г. Присъствието на специфична за съответния пазар пура я издига на по-високо ниво, превръщайки я в изделие без аналог. Тя става визитка на страната и гордост за всяка изискана колекция.&nbsp;</p>\r\n<p>Българското Habanos общество даде своя глас, в който се преплитат визията, въображението и креативността на българския habanos афисионадо. Фаворитът за Регионално издание &ndash; Bulgaria Exclusive 2011 е Bolivar &ndash; пура с характер, подходяща за българските разбирания за аромат.</p>\r\n<p>Вдъхновени от човека, чието име носи тази марка &ndash; Симон Боливар, участниците се спряха на една свещена за всички българи година &ndash; 681, за име на пурата. Форматът Sobresaliente -153 мм дължина и 53 ринг е размер представен единствено през 2006 с елитната Реплика на Партагас.</p>','',1,0,0),(7,'2010-04-18 10:31:41','Отиде си легендата','otide-si-legendata','<p>На 91-годишна възраст почина Дон Алехандро Робайна.</p>','<p>На 91-годишна възраст почина Дон Алехандро Робайна. Патриархът на кубинските пури бе първият човек, който приживе получи признанието да има марка кръстена на негово име. Той си отиде от белия свят след там, където премина почти целия му живот &ndash; в плантацията си, разположена в западната кубинска провинция Пинар дел Рио.</p>\r\n<p>Дон Алехандро ще остане в историята на Куба като единственият земевладелец, който запазва плантацията си след революцията през 1959 г. На въпрос как е успял да постигне това, Робайна отговаряше: &bdquo;За мен, отглеждането на тютюн трябва да е семеен бизнес. В големите кооперации никой не го е грижа за реколатата. Имал съм разговори дори с Фидел Кастро, който ме попита защо не се включа в кооператив. Отговорът ми беше категоричен - не&rdquo;, споделя Дон Алехандро и признава, че пуши пури от едва десет годишна възраст.</p>\r\n<p>Марката Вегас Робаина е създадена през 1997 г. в чест на 75-годишния юбилей на Алехандро, като за мнозина тя е една от най-сполучливите марки в историята.&nbsp;</p>\r\n<p>Последната му мечта бе да види падането на ембаргото за тъговия със САЩ, която така и не стана реалност....</p>\r\n<p>Почивай в мир, Дон Алехандро!!!</p>\r\n<p>&nbsp;</p>','',1,0,0),(8,'2010-04-01 10:31:51','Аромат на пури Habanos в Пловдив','aromat-na-puri-habanos-v-plovdiv','<p>Аромат на пури Habanos, примесен с кубински ром, автентична музика и кафе Cubita се разнесе из Пловдив в последните дни на месец март.</p>','<p>Аромат на пури Habanos, примесен с кубински ром, автентична музика и кафе Cubita се разнесе из Пловдив в последните дни на месец март. Причината беше първата по рода си среща на почитателите на Хаванските пури на територията на един от най-прекрасните български градове. Срещата на почитателите на пурите Habanos се проведе в зала &ldquo;Евмолпия&rdquo; на 5 звездния хотел Novotel в гр. Пловдив, където се намира един от трите магазина на &ldquo;Калиман Карибе&rdquo; в града. Другите два са на ул. &bdquo;Отец Паисий&rdquo; &ndash; &ldquo;златарската&rdquo; улица на града, както и в Mall Plovdiv.</p>\r\n<p>Всички гости имаха удоволствие да се насладят на пурите на Partagas, на великолепия ром Varadero, а за &bdquo;добре дошли&rdquo; бяха посрещани с чаша ароматно кафе Cubita. Бяха представени новостите от XII Фестивал на пурите Habanos проведен феврурари месец в гр.Хавана, както и спецалните издания - пури San Cristobal в &bdquo;Книгите&rdquo;.&nbsp;</p>\r\n<p>За финал останаха пожеланията за нови срещи и в очаквания четвърти магазин Premium Cigar &amp; Tobacco в древния град. Той ще отвори врати на 15 април в Galeria Plovdiv.</p>','',1,0,0),(9,'2010-07-21 10:37:46','Експерт от AGIO проведе обучение на служители на „Калиман Карибе”','ekspert-ot-agio-provede-obuchenie-na-sluzhiteli-na','<p>Почитателите на продуктите на холандската компания AGIO може да са доволни, защото служителите на &bdquo;Калиман Карибе&rdquo; вече ще ги обслужват на още по-високо ниво.</p>','<p>Почитателите на продуктите на холандската компания AGIO може да са доволни, защото служителите на &bdquo;Калиман Карибе&rdquo; вече ще ги обслужват на още по-високо ниво.</p>\r\n<p>Причината е проведеното наскоро обучение от световно известния производител на пури и пурети. По време на него експертът на компанията Марко Eнцо разкри и най-големите тайни свързани с производството на тютюна, преработката му и изработването на крайния продукт на изделията с марка AGIO.</p>\r\n<p>Най-голямо внимание бе отделено на топ продуктите на компанията за българския пазар &ndash; PANTER. Бе излъчена видео демонстрация на целия процес &ndash; от засаждането на тютюна, до пакетирането на крайния продукт. Г-н Енцо разкри и новостите свързани с този бранд, като най-голям интерес предизвика обявяването на новите разновидности на пуретите с тази марка &ndash; Arome Filter, които ще започнат производство до края на настоящата година.</p>\r\n<p>За финал бе направена и викторина с въпроси свързани с компанията, като първите награди &ndash; съответно при търговските представители и консултантите спечелиха Марияна Василева (Бургаски регион) и Антон Аврамов (LCH-Radisson).</p>\r\n<p>Загубилите обаче не останаха разочаровани, тъй като утешителната награда бе дегустация на продукти с марката AGIO.</p>','',1,0,0),(10,'2009-12-08 10:39:57','За първи път Gran Reserva','za-prvi-pt-gran-reserva','<p>На специална презентация в Cigar Bar Habanos днес бе представена върховата в премиум сегмента пура &ndash; Гран Резерва.</p>','<p>На специална презентация в Cigar Bar Habanos днес бе представена върховата в премиум сегмента пура &ndash; Гран Резерва. Habanos възнамерява да прави ежегодна селекция за Гран Резерва, като за целта още преди 6 и повече години започва да селектира от най-добрия тютюн на съответната топмарка.&nbsp;</p>\r\n<p>В концепцията Gran Reserva експертите от Habanos представят Cohiba Siglo VI &ndash; една от най-обичаните и продавани пури не само в България, но и по света. Siglo VI е &bdquo;флагманът&ldquo; на новата специалност и представлява най-доброто, реализирано някога от Habanos.</p>\r\n<p>Cohiba Siglo VI Gran Reserva ще бъде произведена в ограничена серия от 5 хиляди индивидуално номерирани кутии с по 15 единици във всяка една от тях. Българският любител на най-изисканото изкушение може да се сдобие с нея на цена от 2505 лв.&nbsp;</p>\r\n<p>За изработката на Gran Reserva се селектират най-добрите листа от специалния за Cohiba и Trinidad сорт &ndash; Laguito (реколта 2003 г.). Петте типа листа, участващи в състава на новата композиция, отлежават в продължение на един дълъг и изпълнен с грижи период от 5 години. Това гарантира изключително фин, омекотен вкус и в същото време богатство от естествени аромати, което не може да се открие в друга витола.</p>','',1,0,0),(11,'2009-09-11 10:41:36','Новите лимитирани серии кубински пури на Habanos s.a. за 2009 г. вече са в България','novite-limitirani-serii-kubinski-puri-na-habanos-s','<p>Ценителите на пури, които обичат приключенията на открито, ще могат да се насладят и на новата линия Open на Марката Montecristo</p>','<p>Ценителите на пури, които обичат приключенията на открито, ще могат да се насладят и на новата линия Open на Марката Montecristo</p>\r\n<p>Днес в столичния cigar bar Habana бяха представени лимитираните серии за 2009 г. ръчно произведени пури на корпорацията Habanos s.a от колекцията на световния лидер на пазара. С високата чест тази година са удостоени марките Romeo Y Julieta, Bolivar и H. Upmann, които представят лимитираните серии витоли Duke, Petit Belicoso и Magnum 48. Новите серии елегантно ще заместят миналогодишните любимци Cuaba Piramides, Partagas Serie DN5 и Montecristo Sublimes, които пожънаха невероятен успех в България.&nbsp;</p>\r\n<p>Представянето на трите нови бижута в семейството на Habanos s.a. за 2009 г. беше организирано от ексклузивния дистрибутор на престижните марки ръчно произведени пури &bdquo;Калиман Карибе&rdquo;. Анонсирането на лимитираните серии всяка година е едно от най-очакваните събития сред почитателите на изисканите кубински пури.</p>\r\n<p>Интересът към лимитираните серии пури у нас става все по-голям с всяка следваща година. Очаква се, тазгодишните избраници на Habanos s.a да надминат миналогодишния успех на специалната лимитирана колекция на компанията. Форматите са подбрани така, че да задоволят все по-голямото търсене както на по-къси пури, така и на такива с по- внушителен калибър. Специално селектираният тютюн на пурите може да плени и най-претенциозните пушачи. Те могат да открият в Duke, Petit Belicoso и Magnum 48 всички изтънчени натурални аромати, резултат от двегодишното отлежаване на тютюна, от който са произведени.</p>\r\n<p>Новата генерация любители на пурите, които обичат приключенията на открито ще бъдат очаровани от линията Open на една от най-внушителните марки на корпорация Habanos &ndash; Montecristo. Тя е първата подобна серия на Montecristo, предназначена за отворени към експерименти хора с различни вкусове и предпочитания. Eagle, Master, Regata и Junior са имената на новите линии, като от тях единствено Master е от позната витола Robusto, а останалите &ndash; Genial, Forum и Trabuco дебютират в портфолиото на Habanos.</p>\r\n<p>От м. октомври 2009 автентичността на качествените пури Habanos, които се внасят на българския пазар, е гарантирана и от холограмен стикер, поставен в опаковката на всеки продукт. Нововъведението на &bdquo;Калиман Карибе&rdquo; цели да осигури на любителите на кубинските пури, още един отличителен знак и гаранция за качество и доказан произход.</p>\r\n<p>Новите специални изделия на корпорация Habanos s.a. ще се предлагат ексклузивно в лицензираните магазини за пури: &ldquo;La Casa del Habano&rdquo;, &ldquo;Premium cigars &amp; tobacco&rdquo; още през септември, заедно със световната премиера на продуктите.</p>','',1,0,0),(12,'2009-08-06 10:46:43','EDICIONES LIMITADAS HABANOS 2009','ediciones-limitadas-habanos-2009','<p>Romeo y Julieta Duke (140 мм; 54 ринг)</p>\r\n<p>Традицията на Romeo Y Julieta и пресният опит от EL2007 Escudos превръщат Duke във фаворит за титлата &bdquo;най-добра сред добрите&rdquo;.</p>\r\n<p>&nbsp;</p>','<p>Romeo y Julieta Duke (140 мм; 54 ринг)</p>\r\n<p>Традицията на Romeo Y Julieta и пресният опит от EL2007 Escudos превръщат Duke във фаворит за титлата &bdquo;най-добра сред добрите&rdquo;.&nbsp;</p>\r\n<p>Всички почитатели на внушителните формати ще бъдат зарадвани от появата на нещо ново, много специално и за да е по-интересно и заинтригуващо - по-дебело от всичко, което са пробвали досега. За тях остава само да се насладят на традиционния за марката аромат, като трябва да са спокойни, че въпреки габаритите си Duke е средна като сила, подходяща за специален повод и успешен завършек на всяко сериозно начинание.</p>\r\n<p>Romeo Y Julieta Duke се предлага в кутии от 10 броя, което ги превръща в желан и удобен спътник за всеки истински афисионадо!</p>','',1,0,0),(13,'2009-08-05 10:47:29','Upmann Magnum 48 (110 мм; 48 ринг)','upmann-magnum-48-110-mm-48-ring','<p>Очакванията към най-малката витола в колекцията на Еdicion Limitada 2009 са да завладее всички почитатели на по-малките и къси витоли.</p>','<p>Очакванията към най-малката витола в колекцията на Еdicion Limitada 2009 са да завладее всички почитатели на по-малките и къси витоли.&nbsp;</p>\r\n<p>Това определено е вашият избор, ако отивате на кафе с приятел или имате около 30 минути, за да се отдадете на страстта си &ndash; кубинските пури.&nbsp;</p>\r\n<p>Определено напомня за миналогодишната лимитада &ndash; Partagas Serie DN5, но в същото време това, че е по-лека ще отвори вратите към сърцата на далеч повече почитатели на подобни формати.</p>','',1,0,0),(14,'2009-08-04 10:48:43','Bolivar Petit Belicosos (125 мм; 52 ринг)','bolivar-petit-belicosos-125-mm-52-ring','<p>Почитателите на силните пури ще намерят своя фаворит и сред лимитираните серии от 2009 г.</p>','<p>Почитателите на силните пури ще намерят своя фаворит и сред лимитираните серии от 2009 г. За тази цел на сцената се появява Boilivar Petit Belicosos &ndash; типичен представител на марката, открояващ се със специфичните дървесни нотки.&nbsp;</p>\r\n<p>Достатъчно е да се прочете първата дума отзад напред и в съзнанието неизбежно ще се появи аналогия с класиката Belicosos Finos. Предимствата обаче категорично са в полза на Petit Belicosos. От една страна, защото е с по-малка дължина, което напоследък е сред необходимите условия при избора на всеки ежедневен пушач, а от друга отлежалия тютюн е винаги за предпочитане.</p>\r\n<p>Фактът, че това е дебют на Bolivar в семейството на лимитираните серии, е още една причина почитателите на истинските кубински пури да са сигурни, че във фабриката са се постарали да не ги разочароват.</p>\r\n<p>Разфасовката е в кутия от 25 броя и още отсега е ясно, че ще попадне в умидорите на истинските ценители на кубинските пури.</p>','',1,0,0),(15,'2009-08-03 10:50:03','НОВАТА ЛИНИЯ MONTECRISTO OPEN ВЕЧЕ И В БЪГАРИЯ','novata-liniya-montecristo-open-veche-i-v-bgariya','<p>Както на всеки Habanos фестивал, така и на тазгодишния корпорация Habanos ни изненада с нови витоли, които още преди появата си на пазара предизвикаха небивал интерес.</p>','<p>Както на всеки Habanos фестивал, така и на тазгодишния корпорация Habanos ни изненада с нови витоли, които още преди появата си на пазара предизвикаха небивал интерес. Естествено става въпрос за последните перли в короната на една от най-внушителните марки &ndash; Montecristo, които поставиха началото на линията Open.</p>\r\n<p>Защо Open? Естествено, за да очарова настоящите почитатели на Montecristo и да приветства новата генерация на пушачи, които обичат приключенията на открито.&nbsp;</p>\r\n<p>Освен това Open е първата подобна серия на Montecristo и идва, и за да покаже, че витолите в нея са за отворени към експерименти хора с различни вкусове и предпочитания.&nbsp;</p>\r\n<p>Eagle, Master, Regata и Junior &ndash; това са имената, които трябва да запомните добре, като от тях единствено Master е от позната витола &ndash; Robusto, а останалите &ndash; Genial, Forum и Trabuco дебютират в портфолиото на Habanos.</p>\r\n<p>Отличителен белег на новата линия е вторият пръстен, който е представен със зелен и златист цвят, а върху него освен &ldquo;Open&rdquo; елегантно е изписан и видът на витолата. A кутиите са от по 20 броя.</p>\r\n<p>Любопитен е й начинът, по който бе промотирана линията &ndash; в комбинация със скъпи яхти, голф игрища, турнири по поло и тенис и на фона на музикалния съпровод на Coldplay и други рок банди.</p>\r\n<p>От първи август в магазините от веригите La Casa del Habano и Premium Cigars &amp; Tobacco почитателите на кубинските изкушения в България ще могат да се насладят на три от галериите, като единствената витола, която ще забави дебюта си у нас е фигуралната Regata.</p>','',1,0,0),(16,'2009-05-04 11:02:13','The First Montecristo Cup May 2-3, 2009','first-montecristo-cup-may-2-3-2009','<p>On May 2nd, 2009, at the Varadero Golf Club hosted the inaugural Montecristo Cup in Varadero, Cuba.</p>','<p>On May 2nd, 2009, at the Varadero Golf Club hosted the inaugural Montecristo Cup in Varadero, Cuba.</p>\r\n<p>The competition, which was open to amateurs and professionals alike, exceeded expectations and was oversubscribed for players. Those among the 72 contestants came from Canada, UK, Spain, Andorra, Korea, Vietnam and Japan as well as Cuba.&nbsp;</p>\r\n<p>Guest of honour, Ernie Els, who is ranked number 5 in the world, and former number 1, said &ldquo;I&rsquo;m very pleased to see so many people enjoying a wonderful day on this great course, and I look forward to coming back and seeing much more Cuban golf.&rdquo;</p>\r\n<p>The 18-hole tournament began with a shotgun start under clear blue skies at the beachfront course and ended with a win for the Andorran Ambassador to Spain. Xavier Espot Mir&oacute; won The Montecristo Cup for the lowest net score of 67 and a handicap of 14. He accepted the magnificent Montecristo Cup Trophy, a Montecristo OPEN Habanos box, as well as a watch from Cuervo y Sobrinos and a framed photo of Che Guevara playing golf. The organising committee - The President of Palmares, the Vice Minister for Tourism, Esencia and Habanos s.a - led by Ernie Els, presented the awards.</p>\r\n<p>A representative of Palmares, the organization responsible for golf in Cuba, said</p>\r\n<p>&ldquo;We are extremely happy, it was an exciting tournament and the first of many.&rdquo;</p>\r\n<p>The longest drive was won by Miss Baik Yeonim from Korea, with a handicap of 8. Habanos S.A., the main sponsor of the competition, agreed that the day was the perfect occasion for enjoying their new Montecristo &lsquo;Open&rsquo; range of cigars. Made from the finest &lsquo;vegas&rsquo; in the Vuelta Abajo region of&nbsp;Cuba, and designed for &ldquo;new generations who enjoy the pleasures of living &lsquo;alfresco&rdquo;. They were enjoyed by the spectators, and also during the cocktail and dinner offered to the competitors that followed The Montecristo Cup.&nbsp;</p>\r\n<p>Jorge Maique, The Director of Marketing for Habanos, said:</p>\r\n<p>&ldquo; We look forward to sponsoring the second Montecristo Cup in 2010 after such a great success.&rdquo;</p>\r\n<p>The event was covered by publications Golf Monthly, GolfPunk, as well as the networks amongst those CNN, Reuters and NBC.</p>\r\n<p>For more information on the Montecristo Cup and to see the images please visit: www.themontecristocup.com</p>\r\n<p>Note to editors:</p>\r\n<p>The Varadero Golf Club (www.varaderogolfclub.com) is a par-72 course running 6,856 yards (6,269 meters) and features several salt water lakes that connect directly with the sea, a rare feature in golf course design. This is the first and (currently) only 18-hole Cuban golf course, designed by Canadian golf architect Les Furber (once an associate with Robert Trent Jones), which offers luxurious surroundings and an entertaining round of golf, both for beginners and experts. The course hosted two European Challenge Tour Grand Finals in 1999 and 2000.&nbsp;</p>\r\n<p>Varadero is Cuba&rsquo;s primary tourist destination, 120 kilometres (75 miles) from downtown Havana with a series of all-inclusive hotels stretching along the beachfront of the peninsula. The Varadero Golf Club caters almost exclusively to the hotels located along a 3.5 km resort strip along Varadero Beach.</p>','',1,0,0),(17,'2009-04-06 11:04:07','НОМИНАЦИЯ','nominaciya','<p>Cigar bar Habana е номиниран сред 12 обществени интериора за 2008 г.&nbsp;</p>','<p>Cigar bar Habana е номиниран сред 12 обществени интериора за 2008 г. в конкурса на сп. Строителство &amp; Магазин обявен през месец Април 2009 г.</p>','',1,0,0),(18,'2009-02-12 11:05:03','Лимитирана серия на уникални пури Habanos ще зарадва истинските ценители и колекционери в България','limitirana-seriya-na-unikalni-puri-habanos-she-zar','<p>Kaliman Caribe, ексклузивният дистрибутор на Habanos s.a. за България, представи днес уникални ултралимитирани пури на специално организирано събитие за ценители и колекционери.</p>','<p>Kaliman Caribe, ексклузивният дистрибутор на Habanos s.a. за България, представи днес уникални ултралимитирани пури на специално организирано събитие за ценители и колекционери.&nbsp;</p>\r\n<p>Cohiba Sublimes Extra е витола в специална кутия, изработена във формата на книга. Тази пура е произведение на изкуството и е с внушителния размер от 54 х 184 мм. Почитателите на качествените пури ще останат очаровани от специално селектирания тютюн от местностите Сан Хуан и Мартинес и Сан Луис в областта Вуелта Абахо &ndash; един от най-благоприятните региони за отглеждането на популярния кубински тютюн. Витолата е реминисценция на изключително успешната за 2004 г. Edicion Limitada Cohobia Sublimes, която е с по-изявен формат &ndash; 54 х 164 мм.</p>\r\n<p>От днес 10 уникални &bdquo;книги&rdquo; от колекцията Cohiba Habanos ще могат да бъдат закупени в България. Малцината, които ще имат честта да опитат уникалните пури, ще се уверят, че това е поредното бижу в колекцията Habanos, превръщащо се в легенда.</p>\r\n<p>Една-единствена кутия от колекцията Romeos от Replica Antigua Romeo y Julieta пристигна в България и бе представена от Kaliman Caribe. Репликата е кутия, изработена от кедър и махагон от кубинския бижутер Ернесто Агилера. Изисканите изделия в нея са 50 броя пури с уникален формат тип двойнофигурална витола (ринг до 52 и дължина 162 мм). Днес марката &bdquo;Ромео и Жулиета&ldquo; е сред най-харесваните и продавани в портфолиото на Habanos, като това е и марката с най-много представители &ndash; цели 62, в това число лимитирани издания. Всички те са премиум, пури с дълъг филер, от цяло листо и изцяло изработени от човешка ръка.</p>','',1,0,0);
/*!40000 ALTER TABLE `pressroom_article` ENABLE KEYS */;
UNLOCK TABLES;

--
-- Table structure for table `pressroom_article_documents`
--

DROP TABLE IF EXISTS `pressroom_article_documents`;
/*!40101 SET @saved_cs_client     = @@character_set_client */;
/*!40101 SET character_set_client = utf8 */;
CREATE TABLE `pressroom_article_documents` (
  `id` int(11) NOT NULL auto_increment,
  `article_id` int(11) NOT NULL,
  `document_id` int(11) NOT NULL,
  PRIMARY KEY  (`id`),
  KEY `pressroom_article_documents_30525a19` (`article_id`),
  KEY `pressroom_article_documents_bdd92ed` (`document_id`)
) ENGINE=MyISAM DEFAULT CHARSET=utf8;
/*!40101 SET character_set_client = @saved_cs_client */;

--
-- Dumping data for table `pressroom_article_documents`
--

LOCK TABLES `pressroom_article_documents` WRITE;
/*!40000 ALTER TABLE `pressroom_article_documents` DISABLE KEYS */;
/*!40000 ALTER TABLE `pressroom_article_documents` ENABLE KEYS */;
UNLOCK TABLES;

--
-- Table structure for table `pressroom_article_photos`
--

DROP TABLE IF EXISTS `pressroom_article_photos`;
/*!40101 SET @saved_cs_client     = @@character_set_client */;
/*!40101 SET character_set_client = utf8 */;
CREATE TABLE `pressroom_article_photos` (
  `id` int(11) NOT NULL auto_increment,
  `article_id` int(11) NOT NULL,
  `photo_id` int(11) NOT NULL,
  PRIMARY KEY  (`id`),
  KEY `pressroom_article_photos_30525a19` (`article_id`),
  KEY `pressroom_article_photos_7c6c8bb1` (`photo_id`)
) ENGINE=MyISAM AUTO_INCREMENT=118 DEFAULT CHARSET=utf8;
/*!40101 SET character_set_client = @saved_cs_client */;

--
-- Dumping data for table `pressroom_article_photos`
--

LOCK TABLES `pressroom_article_photos` WRITE;
/*!40000 ALTER TABLE `pressroom_article_photos` DISABLE KEYS */;
INSERT INTO `pressroom_article_photos` VALUES (102,4,39),(107,11,6),(106,11,4),(108,11,47),(105,11,3),(80,12,7),(110,13,9),(82,14,10),(101,4,45),(104,6,38),(111,15,49),(74,16,14),(36,17,16),(100,4,44),(113,18,50),(77,9,20),(76,9,19),(75,9,18),(103,6,46),(99,4,43),(48,7,24),(58,2,25),(117,3,29),(116,3,28),(115,3,27),(114,3,26),(63,5,32),(64,5,33),(65,5,30),(66,5,31),(67,10,34),(68,10,35),(69,10,36),(98,4,41);
/*!40000 ALTER TABLE `pressroom_article_photos` ENABLE KEYS */;
UNLOCK TABLES;

--
-- Table structure for table `pressroom_article_sections`
--

DROP TABLE IF EXISTS `pressroom_article_sections`;
/*!40101 SET @saved_cs_client     = @@character_set_client */;
/*!40101 SET character_set_client = utf8 */;
CREATE TABLE `pressroom_article_sections` (
  `id` int(11) NOT NULL auto_increment,
  `article_id` int(11) NOT NULL,
  `section_id` int(11) NOT NULL,
  PRIMARY KEY  (`id`),
  KEY `pressroom_article_sections_30525a19` (`article_id`),
  KEY `pressroom_article_sections_3ff842a6` (`section_id`)
) ENGINE=MyISAM AUTO_INCREMENT=96 DEFAULT CHARSET=utf8;
/*!40101 SET character_set_client = @saved_cs_client */;

--
-- Dumping data for table `pressroom_article_sections`
--

LOCK TABLES `pressroom_article_sections` WRITE;
/*!40000 ALTER TABLE `pressroom_article_sections` DISABLE KEYS */;
INSERT INTO `pressroom_article_sections` VALUES (87,6,2),(69,2,3),(95,3,3),(86,4,2),(71,5,3),(64,7,1),(72,8,3),(78,9,4),(73,10,3),(89,11,3),(80,12,2),(91,13,2),(82,14,2),(92,15,2),(76,16,3),(55,17,1),(94,18,2),(88,11,2),(56,17,4),(77,9,1);
/*!40000 ALTER TABLE `pressroom_article_sections` ENABLE KEYS */;
UNLOCK TABLES;

--
-- Table structure for table `pressroom_document`
--

DROP TABLE IF EXISTS `pressroom_document`;
/*!40101 SET @saved_cs_client     = @@character_set_client */;
/*!40101 SET character_set_client = utf8 */;
CREATE TABLE `pressroom_document` (
  `id` int(11) NOT NULL auto_increment,
  `file` varchar(100) NOT NULL,
  `pub_date` datetime NOT NULL,
  `title` varchar(200) NOT NULL,
  `slug` varchar(50) NOT NULL,
  `summary` longtext NOT NULL,
  PRIMARY KEY  (`id`),
  KEY `pressroom_document_56ae2a2a` (`slug`)
) ENGINE=MyISAM DEFAULT CHARSET=utf8;
/*!40101 SET character_set_client = @saved_cs_client */;

--
-- Dumping data for table `pressroom_document`
--

LOCK TABLES `pressroom_document` WRITE;
/*!40000 ALTER TABLE `pressroom_document` DISABLE KEYS */;
/*!40000 ALTER TABLE `pressroom_document` ENABLE KEYS */;
UNLOCK TABLES;

--
-- Table structure for table `pressroom_section`
--

DROP TABLE IF EXISTS `pressroom_section`;
/*!40101 SET @saved_cs_client     = @@character_set_client */;
/*!40101 SET character_set_client = utf8 */;
CREATE TABLE `pressroom_section` (
  `id` int(11) NOT NULL auto_increment,
  `title` varchar(80) NOT NULL,
  `slug` varchar(50) NOT NULL,
  PRIMARY KEY  (`id`),
  UNIQUE KEY `title` (`title`),
  KEY `pressroom_section_56ae2a2a` (`slug`)
) ENGINE=MyISAM AUTO_INCREMENT=6 DEFAULT CHARSET=utf8;
/*!40101 SET character_set_client = @saved_cs_client */;

--
-- Dumping data for table `pressroom_section`
--

LOCK TABLES `pressroom_section` WRITE;
/*!40000 ALTER TABLE `pressroom_section` DISABLE KEYS */;
INSERT INTO `pressroom_section` VALUES (1,'Новини','news'),(2,'Нови продукти','novi-produkti'),(3,'Събития','sbitiya'),(4,'Любопитно','lyubopitno'),(5,'Newsletter','newsletter');
/*!40000 ALTER TABLE `pressroom_section` ENABLE KEYS */;
UNLOCK TABLES;

--
-- Table structure for table `product_attributeoption`
--

DROP TABLE IF EXISTS `product_attributeoption`;
/*!40101 SET @saved_cs_client     = @@character_set_client */;
/*!40101 SET character_set_client = utf8 */;
CREATE TABLE `product_attributeoption` (
  `id` int(11) NOT NULL auto_increment,
  `description` varchar(100) NOT NULL,
  `name` varchar(100) NOT NULL,
  `validation` varchar(100) NOT NULL,
  `sort_order` int(11) NOT NULL,
  `error_message` varchar(100) NOT NULL,
  PRIMARY KEY  (`id`),
  KEY `product_attributeoption_52094d6e` (`name`)
) ENGINE=MyISAM AUTO_INCREMENT=15 DEFAULT CHARSET=utf8;
/*!40101 SET character_set_client = @saved_cs_client */;

--
-- Dumping data for table `product_attributeoption`
--

LOCK TABLES `product_attributeoption` WRITE;
/*!40000 ALTER TABLE `product_attributeoption` DISABLE KEYS */;
INSERT INTO `product_attributeoption` VALUES (1,'Дължина','dlzhina','product.utils.validation_integer',2,'Invalid Entry'),(2,'Ринг','ring','product.utils.validation_integer',3,'Invalid Entry'),(3,'Калибър','kalibr','product.utils.validation_simple',4,'Invalid Entry'),(4,'Сила','sila','product.utils.validation_simple',5,'Invalid Entry'),(5,'Име на галерията','galeriya','product.utils.validation_simple',1,'Invalid Entry'),(6,'Опаковка','opakovka','product.utils.validation_simple',6,'Invalid Entry'),(7,'Аромат','aromat','product.utils.validation_simple',7,'Invalid Entry'),(8,'Друга информация','druga-informaciya','product.utils.validation_simple',8,'Invalid Entry'),(9,'Произход','proizhod','product.utils.validation_simple',9,'Invalid Entry'),(10,'Материал','material','product.utils.validation_simple',10,'Invalid Entry'),(11,'Характеристики','harakteristiki','product.utils.validation_simple',11,'Invalid Entry'),(12,'Цвят','cvyat','product.utils.validation_simple',12,'Invalid Entry'),(13,'Пламък','plamk','product.utils.validation_simple',13,'Invalid Entry'),(14,'Единична цена','edinichna-cena','product.utils.validation_simple',0,'Invalid Entry');
/*!40000 ALTER TABLE `product_attributeoption` ENABLE KEYS */;
UNLOCK TABLES;

--
-- Table structure for table `product_category`
--

DROP TABLE IF EXISTS `product_category`;
/*!40101 SET @saved_cs_client     = @@character_set_client */;
/*!40101 SET character_set_client = utf8 */;
CREATE TABLE `product_category` (
  `id` int(11) NOT NULL auto_increment,
  `site_id` int(11) NOT NULL,
  `name` varchar(200) NOT NULL,
  `slug` varchar(50) NOT NULL,
  `parent_id` int(11) default NULL,
  `meta` longtext,
  `description` longtext NOT NULL,
  `ordering` int(11) NOT NULL,
  `is_active` tinyint(1) NOT NULL,
  `include_child_categories` tinyint(1) NOT NULL,
  PRIMARY KEY  (`id`),
  UNIQUE KEY `site_id` (`site_id`,`slug`),
  KEY `product_category_6223029` (`site_id`),
  KEY `product_category_56ae2a2a` (`slug`),
  KEY `product_category_63f17a16` (`parent_id`)
) ENGINE=MyISAM AUTO_INCREMENT=165 DEFAULT CHARSET=utf8;
/*!40101 SET character_set_client = @saved_cs_client */;

--
-- Dumping data for table `product_category`
--

LOCK TABLES `product_category` WRITE;
/*!40000 ALTER TABLE `product_category` DISABLE KEYS */;
INSERT INTO `product_category` VALUES (1,1,'Habanos Premium','habanos-premium',3,'','',2,1,1),(2,1,'Cohiba','cohiba',1,'','',1,1,1),(3,1,'Habanos Пури','habanos-cigars',NULL,'Оригинални, ароматни Хавански пури','',1,1,0),(4,1,'Habanos Specialties','habanos-specialties',3,'','',3,1,1),(5,1,'Only La Casa del Habano','only-la-casa-del-habano',4,'','',1,1,1),(6,1,'Cuban Machine Made Cigars','machine-made-cigars',3,'','',4,1,1),(7,1,'Montecristo','montecristo',1,'Представена на пазара през 1935 година от фабриката H. Upmann, марката Montecristo първоначално е представена само от пет размера дефинирани по номера вместо по имена. Останалите размери са добавени в началото на 70-те години на миналия век. Характерния аромат на Montecristo носи такава наслада на пушача, че вече две десетилетия марката доминира в продажбите сред всички Хавански пури.','',2,1,1),(8,1,'Romeo y Julieta','romeo-y-julieta',1,'','',3,1,1),(9,1,'Partagas','partagas',1,'','',4,1,1),(10,1,'Cohiba Behike','cohiba-behike',2,'','',1,1,1),(11,1,'Hoyo de Monterrey','hoyo-de-monterrey',1,'','',5,1,1),(12,1,'H. Upmann','hupmann',1,'','',6,1,1),(13,1,'Trinidad','trinidad',1,'','',7,1,1),(14,1,'San Cristobal','san-cristobal',1,'','',8,1,1),(15,1,'Bolivar','bolivar',1,'','',9,1,1),(16,1,'Vegas Robaina','vegas-robaina',1,'','',10,1,1),(17,1,'Ramon Allones','ramon-allones',1,'','',11,1,1),(18,1,'Punch','punch',1,'','',12,1,1),(19,1,'Cuaba','cuaba',1,'','',13,1,1),(20,1,'Por Larranaga','por-larranaga',1,'','',14,1,1),(21,1,'Rafael Gonzalez','rafael-gonzalez',1,'','',15,1,1),(22,1,'Jose L. Piedra','jose-l-piedra',1,'','',16,1,1),(23,1,'Ediciones Limitadas','ediciones-limitadas',4,'','',2,1,1),(24,1,'Travel Retail','travel-retail',4,'','',3,1,1),(25,1,'Coleccion Habanos - The Books','coleccion-habanos-the-books',4,'','',4,1,1),(26,1,'Replicas','replicas',4,'','',5,1,1),(27,1,'Selecciones','selecciones',4,'','',6,1,1),(28,1,'Guantanamera','guantanamera',6,'','',1,1,1),(29,1,'Belinda','belinda',6,'','',2,1,1),(30,1,'Minis Cubanos','minis-cubanos',3,'','',4,1,1),(31,1,'Cohiba','cohiba-minis',30,'','',1,0,1),(32,1,'Montecristo','montecristo-minis',30,'','',2,0,1),(33,1,'Romeo y Julieta','romeo-y-julieta-minis',30,'','',3,0,1),(34,1,'Partagas','partagas-minis',30,'','',4,0,1),(35,1,'Punch','punch--minis',30,'','',5,0,1),(36,1,'Пури и пурети','puri-i-pureti',NULL,'','',2,1,0),(37,1,'Пури','cigars',36,'','',1,1,1),(38,1,'Habanos пури','habanos-ciigars',37,'','',1,0,1),(39,1,'Guantanamera','guantanamera-cigars',37,'','',2,1,1),(40,1,'Belinda','belinda-cigars',37,'','',3,1,1),(41,1,'Villiger','villiger-cigars',37,'','',4,1,1),(42,1,'Пурети','cigarss',36,'','',2,1,1),(43,1,'Agio','agio-cigars',42,'','',1,1,1),(45,1,'Mehari`s','meharis',42,'','',2,1,1),(46,1,'Panter','panter',42,'','',3,1,1),(47,1,'Villiger','villiger',42,'','',4,1,1),(48,1,'Minis Cubanos','minis-cubanos-cigars',42,'','',5,1,1),(49,1,'Тютюни за лула','tyutyuni-za-lula',NULL,'','',3,1,1),(50,1,'Clan','clan',49,'','',1,1,1),(51,1,'W. O. Larsen','wo-larsen',49,'','',2,1,1),(52,1,'Stanwell','stanwell',49,'','',3,1,1),(53,1,'Alsbo','alsbo',49,'','',4,1,1),(54,1,'Erinmore','erinmore',49,'','',5,1,1),(55,1,'Colts','colts',49,'','',6,1,1),(56,1,'Choice','choice',49,'','',7,1,1),(57,1,'Ambrosia','ambrosia',49,'','',8,1,1),(58,1,'7 Seas','7-seas',49,'','',9,1,1),(59,1,'Velvet','velvet',49,'','',10,1,1),(60,1,'Тютюни за цигари','tyutyuni-za-tzicari',NULL,'','',4,1,1),(61,1,'Bali Shag','bali-shag',60,'','',1,1,1),(62,1,'Home Roll','home-roll',60,'','',2,1,1),(63,1,'Mac Baren','mac-baren',60,'','',3,1,1),(64,1,'Unitas Excellent','unitas-excellent',60,'','',4,1,1),(65,1,'Lexington','lexington',60,'','',5,1,1),(66,1,'Цигари','cigari',NULL,'','',5,1,1),(67,1,'Black Devil','black-devil',66,'','',1,1,1),(68,1,'Che','che',66,'','',2,1,1),(69,1,'Lexington','lexington-cigari',66,'','',3,1,1),(70,1,'Аксесоари','aksesoari',NULL,'','',6,1,0),(71,1,'Аксесоари за пушене','aksesoari-za-pyshene',70,'','',1,1,1),(72,1,'Porsche Design','porsche-design',70,'','',2,1,1),(73,1,'Други','drygi',70,'','',3,1,1),(127,1,'Умидори','ymidori-aksesoari-za-pyshene',71,'','',1,1,1),(128,1,'Запалки','zapalki-aksesoari-za-pyshene',71,'','',2,1,1),(129,1,'Резачки','rezachki-aksesoari-za-pyshene',71,'','',3,1,1),(130,1,'Пепелници','pepelnici-aksesoari-za-pyshene',71,'','',4,1,1),(131,1,'Калъфи за пури','kalufi-za-pyri-aksesoari-za-pushene',71,'','',5,1,1),(132,1,'Колекции','collections',71,'','',6,1,1),(133,1,'Подаръчни комплекти','podaruchni-komplekti-aksesoari-za-pyshene',71,'','',7,1,1),(134,1,'Лули','lyli-aksesoari-za-pyshene',71,'','',8,1,1),(135,1,'Porsche Design Shisha','porsche-design-shisha',72,'','',1,1,1),(136,1,'Porsche Design Useful things','porsche-design-useful-things',72,'','',2,1,1),(137,1,'Porsche Design Writing tolls','porsche-design-writing-tolls',72,'','',3,1,1),(138,1,'Сувенири','syveniri',73,'','',1,1,1),(139,1,'Декорация','dekoracia',73,'','',2,0,1),(140,1,'Книги','knigi',73,'','',3,1,1),(142,1,'Minis Cubanos','minis-cubanos-1',30,'','',6,1,1),(143,1,'Cohiba Maduro 5','cohiba-maduro-5',2,'','',2,1,1),(144,1,'Cohiba Linea Clasica','cohiba-linea-clasica',2,'','',3,1,1),(145,1,'Cohiba Siglo','cohiba-siglo',2,'','',4,1,1),(146,1,'Montecristo Linea Clasica','montecristo-linea-clasica',7,'','',1,1,1),(147,1,'Montecristo Edmundo','montecristo-edmundo',7,'','',2,1,1),(148,1,'Montecristo Open','montecristo-open',7,'','',3,1,1),(149,1,'Romeo y Julieta Linea Clasica','romeo-y-julieta-linea-clasica',8,'','',1,1,1),(150,1,'Romeo y Julieta Churchills','romeo-y-julieta-churchills',8,'','',2,1,1),(151,1,'Partagas Linea Clasica','partagas-linea-clasica',9,'','',1,1,1),(152,1,'Partagas Series','partagas-series',9,'','',2,1,1),(153,1,'Hoyo de Monterrey Linea Clasica','hoyo-de-monterrey-linea-clasica',11,'','',1,1,1),(154,1,'Hoyo de Monterrey Epicure','hoyo-de-monterrey-epicure',11,'','',2,1,1),(155,1,'H.Upmann Linea Clasica','h-upmann-linea-clasica',12,'','',1,1,1),(156,1,'H.Upmann Magnum','h-upmann-magnum',12,'','',2,1,1),(157,1,'Agio Tip пурети','agio-tip',43,'','',1,1,1),(158,1,'Mehari`s пурети с филтър','mehari-s',45,'','',1,1,1),(159,1,'Mehari`s пурети без филтър','mehari-s-1',45,'','',2,1,1),(160,1,'Villiger пурети с филтър','villiger-1',47,'','',1,1,1),(161,1,'Villiger Tip пурети','villiger-tip',47,'','',2,1,1),(162,1,'Villiger пурети без филтър','villiger-2',47,'','',3,1,1),(163,1,'Panter пурети с филтър','panter-1',46,'','',1,1,1),(164,1,'Panter пурети без филтър','panter-2',46,'','',2,1,1);
/*!40000 ALTER TABLE `product_category` ENABLE KEYS */;
UNLOCK TABLES;

--
-- Table structure for table `product_category_related_categories`
--

DROP TABLE IF EXISTS `product_category_related_categories`;
/*!40101 SET @saved_cs_client     = @@character_set_client */;
/*!40101 SET character_set_client = utf8 */;
CREATE TABLE `product_category_related_categories` (
  `id` int(11) NOT NULL auto_increment,
  `from_category_id` int(11) NOT NULL,
  `to_category_id` int(11) NOT NULL,
  PRIMARY KEY  (`id`),
  UNIQUE KEY `from_category_id` (`from_category_id`,`to_category_id`),
  KEY `product_category_related_categories_5809f13e` (`from_category_id`),
  KEY `product_category_related_categories_79bdfe15` (`to_category_id`)
) ENGINE=MyISAM DEFAULT CHARSET=utf8;
/*!40101 SET character_set_client = @saved_cs_client */;

--
-- Dumping data for table `product_category_related_categories`
--

LOCK TABLES `product_category_related_categories` WRITE;
/*!40000 ALTER TABLE `product_category_related_categories` DISABLE KEYS */;
/*!40000 ALTER TABLE `product_category_related_categories` ENABLE KEYS */;
UNLOCK TABLES;

--
-- Table structure for table `product_categoryattribute`
--

DROP TABLE IF EXISTS `product_categoryattribute`;
/*!40101 SET @saved_cs_client     = @@character_set_client */;
/*!40101 SET character_set_client = utf8 */;
CREATE TABLE `product_categoryattribute` (
  `id` int(11) NOT NULL auto_increment,
  `category_id` int(11) NOT NULL,
  `languagecode` varchar(10) default NULL,
  `option_id` int(11) NOT NULL,
  `value` varchar(255) NOT NULL,
  PRIMARY KEY  (`id`),
  KEY `product_categoryattribute_42dc49bc` (`category_id`),
  KEY `product_categoryattribute_2f3b0dc9` (`option_id`)
) ENGINE=MyISAM DEFAULT CHARSET=utf8;
/*!40101 SET character_set_client = @saved_cs_client */;

--
-- Dumping data for table `product_categoryattribute`
--

LOCK TABLES `product_categoryattribute` WRITE;
/*!40000 ALTER TABLE `product_categoryattribute` DISABLE KEYS */;
/*!40000 ALTER TABLE `product_categoryattribute` ENABLE KEYS */;
UNLOCK TABLES;

--
-- Table structure for table `product_categoryimage`
--

DROP TABLE IF EXISTS `product_categoryimage`;
/*!40101 SET @saved_cs_client     = @@character_set_client */;
/*!40101 SET character_set_client = utf8 */;
CREATE TABLE `product_categoryimage` (
  `id` int(11) NOT NULL auto_increment,
  `category_id` int(11) default NULL,
  `picture` varchar(200) NOT NULL,
  `caption` varchar(100) default NULL,
  `sort` int(11) NOT NULL,
  PRIMARY KEY  (`id`),
  UNIQUE KEY `category_id` (`category_id`,`sort`),
  KEY `product_categoryimage_42dc49bc` (`category_id`)
) ENGINE=MyISAM AUTO_INCREMENT=83 DEFAULT CHARSET=utf8;
/*!40101 SET character_set_client = @saved_cs_client */;

--
-- Dumping data for table `product_categoryimage`
--

LOCK TABLES `product_categoryimage` WRITE;
/*!40000 ALTER TABLE `product_categoryimage` DISABLE KEYS */;
INSERT INTO `product_categoryimage` VALUES (1,NULL,'images/productimage-picture-default.jpg','',0),(2,2,'images/categoryimage-picture-cohiba-2.JPG','',0),(3,7,'images/categoryimage-picture-montecristo-3.gif','',0),(4,8,'images/categoryimage-picture-romeo-y-julieta-4.gif','',0),(5,9,'images/categoryimage-picture-partagas-5.gif','',0),(6,11,'images/categoryimage-picture-hoyo-de-monterrey-6.gif','',0),(7,12,'images/categoryimage-picture-hupmann-7.gif','',0),(8,13,'images/categoryimage-picture-trinidad-8.gif','',0),(9,14,'images/categoryimage-picture-san-cristobal-9.gif','',0),(10,15,'images/categoryimage-picture-bolivar-10.gif','',0),(11,16,'images/categoryimage-picture-vegas-robaina-11.gif','',0),(12,17,'images/categoryimage-picture-ramon-allones-12.gif','',0),(13,18,'images/categoryimage-picture-punch-13.gif','',0),(14,19,'images/categoryimage-picture-cuaba-14.gif','',0),(15,20,'images/categoryimage-picture-por-larranaga-15.gif','',0),(16,21,'images/categoryimage-picture-rafael-gonzalez-16.gif','',0),(17,22,'images/categoryimage-picture-jose-l-piedra-17.gif','',0),(18,23,'images/categoryimage-picture-ediciones-limitadas-18.gif','',0),(19,24,'images/categoryimage-picture-travel-retail-19.gif','',0),(20,25,'images/categoryimage-picture-coleccion-habanos-the-books-20.gif','',0),(21,26,'images/categoryimage-picture-replicas-21.gif','',0),(22,27,'images/categoryimage-picture-selecciones-22.gif','',0),(23,28,'images/categoryimage-picture-guantanamera-23.gif','',0),(24,40,'images/categoryimage-picture-belinda-cigars-24.gif','',0),(25,30,'images/categoryimage-picture-minis-cubanos-25.gif','',0),(26,5,'images/categoryimage-picture-only-la-casa-del-habano-26.gif','',0),(27,50,'images/categoryimage-picture-clan-27.png','',0),(28,29,'images/categoryimage-picture-belinda-28.jpg','',0),(29,43,'images/categoryimage-picture-agio-cigars-29.png','',0),(30,3,'images/categoryimage-picture-habanos-cigars-30.png','',0),(31,38,'images/categoryimage-picture-habanos-ciigars-31.png','',0),(32,41,'images/categoryimage-picture-villiger-cigars-32.png','',0),(33,39,'images/categoryimage-picture-guantanamera-cigars-33.gif','',0),(34,48,'images/categoryimage-picture-minis-cubanos-cigars-34.gif','',0),(35,45,'images/categoryimage-picture-meharis-35.png','',0),(36,46,'images/categoryimage-picture-panter-36.png','',0),(37,51,'images/categoryimage-picture-wo-larsen-37.png','',0),(38,52,'images/categoryimage-picture-stanwell-38.png','',0),(39,53,'images/categoryimage-picture-alsbo-39.png','',0),(40,54,'images/categoryimage-picture-erinmore-40.png','',0),(41,55,'images/categoryimage-picture-colts-41.png','',0),(42,56,'images/categoryimage-picture-choice-42.png','',0),(43,57,'images/categoryimage-picture-ambrosia-43.png','',0),(44,58,'images/categoryimage-picture-7-seas-44.png','',0),(45,59,'images/categoryimage-picture-velvet-45.png','',0),(54,61,'images/categoryimage-picture-bali-shag-54.png','',0),(48,62,'images/categoryimage-picture-home-roll-48.png','',0),(51,63,'images/categoryimage-picture-mac-baren-51.png','',0),(52,64,'images/categoryimage-picture-unitas-excellent-52.png','',0),(60,65,'images/categoryimage-picture-lexington-60.png','',0),(56,67,'images/categoryimage-picture-black-devil-56.png','',0),(58,68,'images/categoryimage-picture-che-58.png','',0),(61,69,'images/categoryimage-picture-lexington-cigari-61.png','',0),(62,127,'images/categoryimage-picture-ymidori-aksesoari-za-pyshene-62.png','',0),(63,128,'images/categoryimage-picture-zapalki-aksesoari-za-pyshene-63.png','',0),(64,129,'images/categoryimage-picture-rezachki-aksesoari-za-pyshene-64.png','',0),(66,130,'images/categoryimage-picture-pepelnici-aksesoari-za-pyshene-66.png','',0),(67,131,'images/categoryimage-picture-kalufi-za-pyri-aksesoari-za-pushene-67.png','',0),(68,133,'images/categoryimage-picture-podaruchni-komplekti-aksesoari-za-pyshene-68.png','',0),(69,132,'images/categoryimage-picture-collections-69.png','',0),(70,134,'images/categoryimage-picture-lyli-aksesoari-za-pyshene-70.png','',0),(71,135,'images/categoryimage-picture-porsche-design-shisha-71.png','',0),(72,136,'images/categoryimage-picture-porsche-design-useful-things-72.png','',0),(73,137,'images/categoryimage-picture-porsche-design-writing-tolls-73.png','',0),(74,138,'images/categoryimage-picture-syveniri-74.png','',0),(75,140,'images/categoryimage-picture-knigi-75.png','',0),(76,31,'images/categoryimage-picture-cohiba-minis-76.gif','',0),(77,32,'images/categoryimage-picture-montecristo-minis-77.gif','',0),(78,33,'images/categoryimage-picture-romeo-y-julieta-minis-78.gif','',0),(79,34,'images/categoryimage-picture-partagas-minis-79.gif','',0),(80,35,'images/categoryimage-picture-punch-minis-80.gif','',0),(81,47,'images/categoryimage-picture-villiger-81.png','',0),(82,142,'images/categoryimage-picture-minis-cubanos-1-82.png','',0);
/*!40000 ALTER TABLE `product_categoryimage` ENABLE KEYS */;
UNLOCK TABLES;

--
-- Table structure for table `product_categoryimagetranslation`
--

DROP TABLE IF EXISTS `product_categoryimagetranslation`;
/*!40101 SET @saved_cs_client     = @@character_set_client */;
/*!40101 SET character_set_client = utf8 */;
CREATE TABLE `product_categoryimagetranslation` (
  `id` int(11) NOT NULL auto_increment,
  `categoryimage_id` int(11) NOT NULL,
  `languagecode` varchar(10) NOT NULL,
  `caption` varchar(255) NOT NULL,
  `version` int(11) NOT NULL,
  `active` tinyint(1) NOT NULL,
  PRIMARY KEY  (`id`),
  UNIQUE KEY `categoryimage_id` (`categoryimage_id`,`languagecode`,`version`),
  KEY `product_categoryimagetranslation_2ac39f6a` (`categoryimage_id`)
) ENGINE=MyISAM DEFAULT CHARSET=utf8;
/*!40101 SET character_set_client = @saved_cs_client */;

--
-- Dumping data for table `product_categoryimagetranslation`
--

LOCK TABLES `product_categoryimagetranslation` WRITE;
/*!40000 ALTER TABLE `product_categoryimagetranslation` DISABLE KEYS */;
/*!40000 ALTER TABLE `product_categoryimagetranslation` ENABLE KEYS */;
UNLOCK TABLES;

--
-- Table structure for table `product_categorytranslation`
--

DROP TABLE IF EXISTS `product_categorytranslation`;
/*!40101 SET @saved_cs_client     = @@character_set_client */;
/*!40101 SET character_set_client = utf8 */;
CREATE TABLE `product_categorytranslation` (
  `id` int(11) NOT NULL auto_increment,
  `category_id` int(11) NOT NULL,
  `languagecode` varchar(10) NOT NULL,
  `name` varchar(255) NOT NULL,
  `description` longtext NOT NULL,
  `version` int(11) NOT NULL,
  `active` tinyint(1) NOT NULL,
  PRIMARY KEY  (`id`),
  UNIQUE KEY `category_id` (`category_id`,`languagecode`,`version`),
  KEY `product_categorytranslation_42dc49bc` (`category_id`)
) ENGINE=MyISAM DEFAULT CHARSET=utf8;
/*!40101 SET character_set_client = @saved_cs_client */;

--
-- Dumping data for table `product_categorytranslation`
--

LOCK TABLES `product_categorytranslation` WRITE;
/*!40000 ALTER TABLE `product_categorytranslation` DISABLE KEYS */;
/*!40000 ALTER TABLE `product_categorytranslation` ENABLE KEYS */;
UNLOCK TABLES;

--
-- Table structure for table `product_discount`
--

DROP TABLE IF EXISTS `product_discount`;
/*!40101 SET @saved_cs_client     = @@character_set_client */;
/*!40101 SET character_set_client = utf8 */;
CREATE TABLE `product_discount` (
  `id` int(11) NOT NULL auto_increment,
  `site_id` int(11) NOT NULL,
  `description` varchar(100) NOT NULL,
  `code` varchar(20) NOT NULL,
  `active` tinyint(1) NOT NULL,
  `amount` decimal(8,2) default NULL,
  `percentage` decimal(5,2) default NULL,
  `automatic` tinyint(1) default NULL,
  `allowedUses` int(11) default NULL,
  `numUses` int(11) default NULL,
  `minOrder` decimal(8,2) default NULL,
  `startDate` date NOT NULL,
  `endDate` date NOT NULL,
  `shipping` varchar(10) default NULL,
  `allValid` tinyint(1) NOT NULL,
  PRIMARY KEY  (`id`),
  UNIQUE KEY `code` (`code`),
  KEY `product_discount_6223029` (`site_id`)
) ENGINE=MyISAM DEFAULT CHARSET=utf8;
/*!40101 SET character_set_client = @saved_cs_client */;

--
-- Dumping data for table `product_discount`
--

LOCK TABLES `product_discount` WRITE;
/*!40000 ALTER TABLE `product_discount` DISABLE KEYS */;
/*!40000 ALTER TABLE `product_discount` ENABLE KEYS */;
UNLOCK TABLES;

--
-- Table structure for table `product_discount_valid_categories`
--

DROP TABLE IF EXISTS `product_discount_valid_categories`;
/*!40101 SET @saved_cs_client     = @@character_set_client */;
/*!40101 SET character_set_client = utf8 */;
CREATE TABLE `product_discount_valid_categories` (
  `id` int(11) NOT NULL auto_increment,
  `discount_id` int(11) NOT NULL,
  `category_id` int(11) NOT NULL,
  PRIMARY KEY  (`id`),
  UNIQUE KEY `discount_id` (`discount_id`,`category_id`),
  KEY `product_discount_valid_categories_5c536bf3` (`discount_id`),
  KEY `product_discount_valid_categories_42dc49bc` (`category_id`)
) ENGINE=MyISAM DEFAULT CHARSET=utf8;
/*!40101 SET character_set_client = @saved_cs_client */;

--
-- Dumping data for table `product_discount_valid_categories`
--

LOCK TABLES `product_discount_valid_categories` WRITE;
/*!40000 ALTER TABLE `product_discount_valid_categories` DISABLE KEYS */;
/*!40000 ALTER TABLE `product_discount_valid_categories` ENABLE KEYS */;
UNLOCK TABLES;

--
-- Table structure for table `product_discount_valid_products`
--

DROP TABLE IF EXISTS `product_discount_valid_products`;
/*!40101 SET @saved_cs_client     = @@character_set_client */;
/*!40101 SET character_set_client = utf8 */;
CREATE TABLE `product_discount_valid_products` (
  `id` int(11) NOT NULL auto_increment,
  `discount_id` int(11) NOT NULL,
  `product_id` int(11) NOT NULL,
  PRIMARY KEY  (`id`),
  UNIQUE KEY `discount_id` (`discount_id`,`product_id`),
  KEY `product_discount_valid_products_5c536bf3` (`discount_id`),
  KEY `product_discount_valid_products_44bdf3ee` (`product_id`)
) ENGINE=MyISAM DEFAULT CHARSET=utf8;
/*!40101 SET character_set_client = @saved_cs_client */;

--
-- Dumping data for table `product_discount_valid_products`
--

LOCK TABLES `product_discount_valid_products` WRITE;
/*!40000 ALTER TABLE `product_discount_valid_products` DISABLE KEYS */;
/*!40000 ALTER TABLE `product_discount_valid_products` ENABLE KEYS */;
UNLOCK TABLES;

--
-- Table structure for table `product_option`
--

DROP TABLE IF EXISTS `product_option`;
/*!40101 SET @saved_cs_client     = @@character_set_client */;
/*!40101 SET character_set_client = utf8 */;
CREATE TABLE `product_option` (
  `id` int(11) NOT NULL auto_increment,
  `option_group_id` int(11) NOT NULL,
  `name` varchar(50) NOT NULL,
  `value` varchar(50) NOT NULL,
  `price_change` decimal(14,6) default NULL,
  `sort_order` int(11) NOT NULL,
  PRIMARY KEY  (`id`),
  UNIQUE KEY `option_group_id` (`option_group_id`,`value`),
  KEY `product_option_2619a0bd` (`option_group_id`)
) ENGINE=MyISAM AUTO_INCREMENT=24 DEFAULT CHARSET=utf8;
/*!40101 SET character_set_client = @saved_cs_client */;

--
-- Dumping data for table `product_option`
--

LOCK TABLES `product_option` WRITE;
/*!40000 ALTER TABLE `product_option` DISABLE KEYS */;
INSERT INTO `product_option` VALUES (1,1,'3 tubos','3 tubos',NULL,2),(2,1,'25','25','0.000000',3),(19,1,'10 tubos','10 tubos',NULL,0),(16,1,'25 tubos','25 tubos',NULL,0),(15,1,'3 ','3 ',NULL,0),(17,1,'20','20',NULL,0),(12,1,'5','5','0.000000',1),(18,1,'10','10',NULL,0),(20,1,'12','12',NULL,0),(21,1,'24','24',NULL,0),(22,1,'1 ','1 ',NULL,0),(23,1,'1 tubos','1 tubos',NULL,0);
/*!40000 ALTER TABLE `product_option` ENABLE KEYS */;
UNLOCK TABLES;

--
-- Table structure for table `product_optiongroup`
--

DROP TABLE IF EXISTS `product_optiongroup`;
/*!40101 SET @saved_cs_client     = @@character_set_client */;
/*!40101 SET character_set_client = utf8 */;
CREATE TABLE `product_optiongroup` (
  `id` int(11) NOT NULL auto_increment,
  `site_id` int(11) NOT NULL,
  `name` varchar(50) NOT NULL,
  `description` varchar(100) NOT NULL,
  `sort_order` int(11) NOT NULL,
  PRIMARY KEY  (`id`),
  KEY `product_optiongroup_6223029` (`site_id`)
) ENGINE=MyISAM AUTO_INCREMENT=6 DEFAULT CHARSET=utf8;
/*!40101 SET character_set_client = @saved_cs_client */;

--
-- Dumping data for table `product_optiongroup`
--

LOCK TABLES `product_optiongroup` WRITE;
/*!40000 ALTER TABLE `product_optiongroup` DISABLE KEYS */;
INSERT INTO `product_optiongroup` VALUES (1,1,'Опаковка','',1);
/*!40000 ALTER TABLE `product_optiongroup` ENABLE KEYS */;
UNLOCK TABLES;

--
-- Table structure for table `product_optiongrouptranslation`
--

DROP TABLE IF EXISTS `product_optiongrouptranslation`;
/*!40101 SET @saved_cs_client     = @@character_set_client */;
/*!40101 SET character_set_client = utf8 */;
CREATE TABLE `product_optiongrouptranslation` (
  `id` int(11) NOT NULL auto_increment,
  `optiongroup_id` int(11) NOT NULL,
  `languagecode` varchar(10) NOT NULL,
  `name` varchar(255) NOT NULL,
  `description` longtext NOT NULL,
  `version` int(11) NOT NULL,
  `active` tinyint(1) NOT NULL,
  PRIMARY KEY  (`id`),
  UNIQUE KEY `optiongroup_id` (`optiongroup_id`,`languagecode`,`version`),
  KEY `product_optiongrouptranslation_2d4ce28b` (`optiongroup_id`)
) ENGINE=MyISAM DEFAULT CHARSET=utf8;
/*!40101 SET character_set_client = @saved_cs_client */;

--
-- Dumping data for table `product_optiongrouptranslation`
--

LOCK TABLES `product_optiongrouptranslation` WRITE;
/*!40000 ALTER TABLE `product_optiongrouptranslation` DISABLE KEYS */;
/*!40000 ALTER TABLE `product_optiongrouptranslation` ENABLE KEYS */;
UNLOCK TABLES;

--
-- Table structure for table `product_optiontranslation`
--

DROP TABLE IF EXISTS `product_optiontranslation`;
/*!40101 SET @saved_cs_client     = @@character_set_client */;
/*!40101 SET character_set_client = utf8 */;
CREATE TABLE `product_optiontranslation` (
  `id` int(11) NOT NULL auto_increment,
  `option_id` int(11) NOT NULL,
  `languagecode` varchar(10) NOT NULL,
  `name` varchar(255) NOT NULL,
  `version` int(11) NOT NULL,
  `active` tinyint(1) NOT NULL,
  PRIMARY KEY  (`id`),
  UNIQUE KEY `option_id` (`option_id`,`languagecode`,`version`),
  KEY `product_optiontranslation_2f3b0dc9` (`option_id`)
) ENGINE=MyISAM DEFAULT CHARSET=utf8;
/*!40101 SET character_set_client = @saved_cs_client */;

--
-- Dumping data for table `product_optiontranslation`
--

LOCK TABLES `product_optiontranslation` WRITE;
/*!40000 ALTER TABLE `product_optiontranslation` DISABLE KEYS */;
/*!40000 ALTER TABLE `product_optiontranslation` ENABLE KEYS */;
UNLOCK TABLES;

--
-- Table structure for table `product_price`
--

DROP TABLE IF EXISTS `product_price`;
/*!40101 SET @saved_cs_client     = @@character_set_client */;
/*!40101 SET character_set_client = utf8 */;
CREATE TABLE `product_price` (
  `id` int(11) NOT NULL auto_increment,
  `product_id` int(11) NOT NULL,
  `price` decimal(14,6) NOT NULL,
  `quantity` decimal(18,6) NOT NULL,
  `expires` date default NULL,
  PRIMARY KEY  (`id`),
  UNIQUE KEY `product_id` (`product_id`,`quantity`,`expires`),
  KEY `product_price_44bdf3ee` (`product_id`)
) ENGINE=MyISAM AUTO_INCREMENT=291 DEFAULT CHARSET=utf8;
/*!40101 SET character_set_client = @saved_cs_client */;

--
-- Dumping data for table `product_price`
--

LOCK TABLES `product_price` WRITE;
/*!40000 ALTER TABLE `product_price` DISABLE KEYS */;
INSERT INTO `product_price` VALUES (1,1,'520.000000','1.000000',NULL),(2,2,'680.000000','1.000000',NULL),(3,3,'740.000000','1.000000',NULL),(4,171,'14.000000','1.000000',NULL),(5,172,'14.000000','1.000000',NULL),(6,173,'14.000000','1.000000',NULL),(7,7,'135.000000','1.000000',NULL),(8,6,'562.500000','1.000000',NULL),(9,13,'400.000000','1.000000',NULL),(10,12,'365.000000','1.000000',NULL),(11,11,'185.000000','1.000000',NULL),(12,5,'90.000000','1.000000',NULL),(13,204,'387.500000','1.000000',NULL),(14,64,'525.000000','1.000000',NULL),(15,74,'34.000000','1.000000',NULL),(16,53,'69.000000','1.000000',NULL),(17,32,'125.000000','1.000000',NULL),(18,34,'262.500000','1.000000',NULL),(19,33,'275.000000','1.000000',NULL),(20,65,'90.000000','1.000000',NULL),(21,10,'50.000000','1.000000',NULL),(22,59,'174.000000','1.000000',NULL),(23,24,'550.000000','1.000000',NULL),(24,17,'190.000000','1.000000',NULL),(25,38,'220.000000','1.000000',NULL),(26,19,'99.000000','1.000000',NULL),(27,27,'360.000000','1.000000',NULL),(28,44,'215.000000','1.000000',NULL),(29,66,'725.000000','1.000000',NULL),(30,70,'240.000000','1.000000',NULL),(31,22,'70.000000','1.000000',NULL),(32,55,'212.500000','1.000000',NULL),(33,31,'220.000000','1.000000',NULL),(34,71,'76.000000','1.000000',NULL),(35,63,'275.000000','1.000000',NULL),(36,56,'800.000000','1.000000',NULL),(37,54,'215.000000','1.000000',NULL),(38,8,'30.000000','1.000000',NULL),(39,23,'287.500000','1.000000',NULL),(40,20,'240.000000','1.000000',NULL),(41,21,'90.000000','1.000000',NULL),(42,45,'220.000000','1.000000',NULL),(43,68,'550.000000','1.000000',NULL),(44,43,'180.000000','1.000000',NULL),(45,25,'185.000000','1.000000',NULL),(46,30,'800.000000','1.000000',NULL),(47,40,'125.000000','1.000000',NULL),(48,15,'150.000000','1.000000',NULL),(49,35,'187.500000','1.000000',NULL),(50,61,'384.000000','1.000000',NULL),(51,42,'88.000000','1.000000',NULL),(52,14,'150.000000','1.000000',NULL),(53,28,'440.000000','1.000000',NULL),(54,52,'275.000000','1.000000',NULL),(55,75,'210.000000','1.000000',NULL),(56,73,'162.500000','1.000000',NULL),(57,29,'560.000000','1.000000',NULL),(58,58,'912.000000','1.000000',NULL),(59,47,'200.000000','1.000000',NULL),(60,16,'98.000000','1.000000',NULL),(61,26,'250.000000','1.000000',NULL),(62,51,'45.000000','1.000000',NULL),(63,41,'280.000000','1.000000',NULL),(64,50,'212.500000','1.000000',NULL),(65,60,'114.000000','1.000000',NULL),(66,72,'212.500000','1.000000',NULL),(67,69,'275.000000','1.000000',NULL),(68,76,'500.000000','1.000000',NULL),(69,62,'480.000000','1.000000',NULL),(70,48,'55.500000','1.000000',NULL),(71,49,'52.500000','1.000000',NULL),(72,18,'84.000000','1.000000',NULL),(73,46,'42.500000','1.000000',NULL),(74,39,'450.000000','1.000000',NULL),(75,36,'550.000000','1.000000',NULL),(76,57,'90.000000','1.000000',NULL),(77,67,'83.000000','1.000000',NULL),(78,9,'135.000000','1.000000',NULL),(79,128,'8.800000','1.000000',NULL),(80,164,'14.000000','1.000000',NULL),(81,123,'11.000000','1.000000',NULL),(82,149,'10.500000','1.000000',NULL),(185,93,'22.500000','1.000000',NULL),(84,80,'280.000000','1.000000',NULL),(85,116,'4.200000','1.000000',NULL),(86,162,'17.500000','1.000000',NULL),(87,166,'18.500000','1.000000',NULL),(88,192,'7.900000','1.000000',NULL),(89,150,'12.500000','1.000000',NULL),(90,77,'450.000000','1.000000',NULL),(91,187,'11.500000','1.000000',NULL),(92,146,'19.900000','1.000000',NULL),(93,89,'6200.000000','1.000000',NULL),(94,87,'800.000000','1.000000',NULL),(95,147,'15.000000','1.000000',NULL),(96,133,'10.000000','1.000000',NULL),(97,99,'12.500000','1.000000',NULL),(98,183,'13.500000','1.000000',NULL),(99,139,'10.000000','1.000000',NULL),(100,125,'8.800000','1.000000',NULL),(101,186,'11.500000','1.000000',NULL),(102,170,'18.500000','1.000000',NULL),(103,145,'25.000000','1.000000',NULL),(104,200,'4.700000','1.000000',NULL),(105,155,'49.500000','1.000000',NULL),(106,191,'11.500000','1.000000',NULL),(107,102,'15.000000','1.000000',NULL),(108,141,'10.000000','1.000000',NULL),(109,180,'13.500000','1.000000',NULL),(110,124,'9.950000','1.000000',NULL),(111,137,'19.800000','1.000000',NULL),(112,84,'280.000000','1.000000',NULL),(113,190,'11.500000','1.000000',NULL),(114,167,'18.500000','1.000000',NULL),(115,176,'11.000000','1.000000',NULL),(116,198,'6.000000','1.000000',NULL),(117,151,'14.000000','1.000000',NULL),(118,101,'19.000000','1.000000',NULL),(119,103,'30.000000','1.000000',NULL),(120,175,'18.500000','1.000000',NULL),(121,85,'380.000000','1.000000',NULL),(122,189,'11.500000','1.000000',NULL),(123,179,'13.500000','1.000000',NULL),(184,92,'13.500000','1.000000',NULL),(186,94,'15.000000','1.000000',NULL),(126,98,'16.000000','1.000000',NULL),(127,144,'12.500000','1.000000',NULL),(128,140,'10.000000','1.000000',NULL),(129,104,'10.500000','1.000000',NULL),(130,148,'30.000000','1.000000',NULL),(131,201,'4.700000','1.000000',NULL),(132,156,'49.500000','1.000000',NULL),(133,121,'11.000000','1.000000',NULL),(134,134,'10.000000','1.000000',NULL),(135,142,'20.000000','1.000000',NULL),(136,115,'4.200000','1.000000',NULL),(137,188,'11.500000','1.000000',NULL),(138,132,'10.000000','1.000000',NULL),(139,154,'49.500000','1.000000',NULL),(140,78,'175.000000','1.000000',NULL),(141,195,'7.900000','1.000000',NULL),(142,138,'5.990000','1.000000',NULL),(143,100,'25.000000','1.000000',NULL),(144,178,'11.000000','1.000000',NULL),(145,194,'7.900000','1.000000',NULL),(146,152,'11.500000','1.000000',NULL),(147,159,'18.500000','1.000000',NULL),(148,131,'10.000000','1.000000',NULL),(149,91,'178.000000','1.000000',NULL),(150,169,'18.500000','1.000000',NULL),(151,120,'11.000000','1.000000',NULL),(152,135,'10.000000','1.000000',NULL),(153,127,'8.800000','1.000000',NULL),(154,157,'49.500000','1.000000',NULL),(155,165,'14.000000','1.000000',NULL),(156,158,'18.500000','1.000000',NULL),(157,86,'168.000000','1.000000',NULL),(158,177,'11.000000','1.000000',NULL),(159,90,'188.000000','1.000000',NULL),(160,196,'6.000000','1.000000',NULL),(161,143,'16.000000','1.000000',NULL),(188,96,'15.000000','1.000000',NULL),(163,130,'10.000000','1.000000',NULL),(164,126,'8.800000','1.000000',NULL),(165,168,'18.500000','1.000000',NULL),(166,174,'18.500000','1.000000',NULL),(187,95,'32.000000','1.000000',NULL),(168,199,'5.500000','1.000000',NULL),(169,83,'340.000000','1.000000',NULL),(170,182,'13.500000','1.000000',NULL),(171,81,'680.000000','1.000000',NULL),(172,88,'2000.000000','1.000000',NULL),(173,163,'18.500000','1.000000',NULL),(174,79,'290.000000','1.000000',NULL),(175,161,'18.500000','1.000000',NULL),(176,82,'280.000000','1.000000',NULL),(177,136,'19.800000','1.000000',NULL),(178,122,'11.000000','1.000000',NULL),(179,117,'4.200000','1.000000',NULL),(180,153,'11.500000','1.000000',NULL),(181,160,'18.500000','1.000000',NULL),(182,193,'7.900000','1.000000',NULL),(183,197,'6.000000','1.000000',NULL),(189,209,'6.000000','1.000000',NULL),(190,210,'27.500000','1.000000',NULL),(191,211,'6.000000','1.000000',NULL),(192,212,'27.500000','1.000000',NULL),(193,97,'20.000000','1.000000',NULL),(194,185,'13.500000','1.000000',NULL),(195,181,'13.500000','1.000000',NULL),(205,230,'825.000000','1.000000',NULL),(204,226,'90.000000','1.000000',NULL),(203,228,'450.000000','1.000000',NULL),(202,227,'67.500000','1.000000',NULL),(206,229,'99.000000','1.000000',NULL),(207,232,'562.500000','1.000000',NULL),(208,231,'78.000000','1.000000',NULL),(209,233,'675.000000','1.000000',NULL),(210,235,'99.000000','1.000000',NULL),(211,234,'135.000000','1.000000',NULL),(212,238,'750.000000','1.000000',NULL),(213,237,'111.000000','1.000000',NULL),(214,236,'150.000000','1.000000',NULL),(215,118,'11.000000','1.000000',NULL),(216,37,'450.000000','1.000000',NULL),(217,239,'560.000000','1.000000',NULL),(218,240,'96.000000','1.000000',NULL),(219,241,'440.000000','1.000000',NULL),(220,242,'78.000000','1.000000',NULL),(221,243,'250.000000','1.000000',NULL),(222,244,'49.500000','1.000000',NULL),(223,245,'360.000000','1.000000',NULL),(224,246,'66.000000','1.000000',NULL),(225,250,'66.000000','1.000000',NULL),(226,252,'75.000000','1.000000',NULL),(227,253,'550.000000','1.000000',NULL),(228,254,'185.000000','1.000000',NULL),(229,255,'66.000000','1.000000',NULL),(230,256,'240.000000','1.000000',NULL),(231,257,'72.000000','1.000000',NULL),(232,258,'180.000000','1.000000',NULL),(233,259,'54.000000','1.000000',NULL),(234,260,'90.000000','1.000000',NULL),(235,261,'140.000000','1.000000',NULL),(236,262,'42.000000','1.000000',NULL),(237,263,'70.000000','1.000000',NULL),(238,265,'287.500000','1.000000',NULL),(239,264,'57.500000','1.000000',NULL),(240,266,'320.000000','1.000000',NULL),(241,268,'800.000000','1.000000',NULL),(242,267,'96.000000','1.000000',NULL),(243,269,'220.000000','1.000000',NULL),(244,270,'550.000000','1.000000',NULL),(245,271,'180.000000','1.000000',NULL),(246,273,'450.000000','1.000000',NULL),(247,272,'66.000000','1.000000',NULL),(248,274,'125.000000','1.000000',NULL),(249,275,'37.500000','1.000000',NULL),(250,276,'105.000000','1.000000',NULL),(251,278,'262.500000','1.000000',NULL),(252,277,'31.500000','1.000000',NULL),(253,281,'275.000000','1.000000',NULL),(254,279,'33.000000','1.000000',NULL),(255,280,'55.000000','1.000000',NULL),(256,282,'215.000000','1.000000',NULL),(257,283,'76.500000','1.000000',NULL),(258,284,'180.000000','1.000000',NULL),(259,285,'54.000000','1.000000',NULL),(260,286,'66.000000','1.000000',NULL),(261,287,'125.000000','1.000000',NULL),(262,288,'37.500000','1.000000',NULL),(263,289,'88.000000','1.000000',NULL),(264,290,'220.000000','1.000000',NULL),(265,291,'200.000000','1.000000',NULL),(266,292,'72.000000','1.000000',NULL),(267,293,'55.500000','1.000000',NULL),(268,294,'462.500000','1.000000',NULL),(269,295,'52.500000','1.000000',NULL),(270,296,'437.500000','1.000000',NULL),(271,297,'215.000000','1.000000',NULL),(272,298,'76.500000','1.000000',NULL),(273,299,'456.000000','1.000000',NULL),(274,300,'912.000000','1.000000',NULL),(275,301,'456.000000','1.000000',NULL),(276,302,'114.000000','1.000000',NULL),(277,303,'384.000000','1.000000',NULL),(278,304,'768.000000','1.000000',NULL),(279,305,'174.000000','1.000000',NULL),(280,306,'72.500000','1.000000',NULL),(281,307,'83.000000','1.000000',NULL),(282,308,'415.000000','1.000000',NULL),(283,309,'76.000000','1.000000',NULL),(284,310,'380.000000','1.000000',NULL),(285,311,'4.500000','1.000000',NULL),(286,312,'22.500000','1.000000',NULL),(287,313,'112.500000','1.000000',NULL),(288,314,'32.000000','1.000000',NULL),(289,315,'8.000000','1.000000',NULL),(290,316,'150.000000','1.000000',NULL);
/*!40000 ALTER TABLE `product_price` ENABLE KEYS */;
UNLOCK TABLES;

--
-- Table structure for table `product_product`
--

DROP TABLE IF EXISTS `product_product`;
/*!40101 SET @saved_cs_client     = @@character_set_client */;
/*!40101 SET character_set_client = utf8 */;
CREATE TABLE `product_product` (
  `id` int(11) NOT NULL auto_increment,
  `site_id` int(11) NOT NULL,
  `name` varchar(255) NOT NULL,
  `slug` varchar(255) NOT NULL,
  `sku` varchar(255) default NULL,
  `short_description` longtext NOT NULL,
  `description` longtext NOT NULL,
  `items_in_stock` decimal(18,6) NOT NULL,
  `meta` longtext,
  `date_added` date default NULL,
  `active` tinyint(1) NOT NULL,
  `featured` tinyint(1) NOT NULL,
  `ordering` int(11) NOT NULL,
  `weight` decimal(8,2) default NULL,
  `weight_units` varchar(3) default NULL,
  `length` decimal(6,2) default NULL,
  `length_units` varchar(3) default NULL,
  `width` decimal(6,2) default NULL,
  `width_units` varchar(3) default NULL,
  `height` decimal(6,2) default NULL,
  `height_units` varchar(3) default NULL,
  `total_sold` decimal(18,6) NOT NULL,
  `taxable` tinyint(1) NOT NULL,
  `taxClass_id` int(11) default NULL,
  `shipclass` varchar(10) NOT NULL,
  PRIMARY KEY  (`id`),
  UNIQUE KEY `site_id_2` (`site_id`,`slug`),
  UNIQUE KEY `site_id` (`site_id`,`sku`),
  KEY `product_product_6223029` (`site_id`),
  KEY `product_product_56ae2a2a` (`slug`),
  KEY `product_product_21ec4f69` (`taxClass_id`)
) ENGINE=MyISAM AUTO_INCREMENT=317 DEFAULT CHARSET=utf8;
/*!40101 SET character_set_client = @saved_cs_client */;

--
-- Dumping data for table `product_product`
--

LOCK TABLES `product_product` WRITE;
/*!40000 ALTER TABLE `product_product` DISABLE KEYS */;
INSERT INTO `product_product` VALUES (1,1,'Cohiba Behike BHK 52','cohiba-behike-bhk-52','cohiba-behike-bhk-52','','Линия „Behike“ на Cohiba бе представена в средата на 2010г. Оттогава целият свят говори за Behike. Изработена е от изключителния лист “medio tiempo” -  оскъден двоен лист в най-горната част на тютюневото стъбълце. Рядкост е, когатo  “върже” medio tiempo, появата  на тези фини листенца се намира в изключителна зависимост от грижовността на земеделците. Този най-нежен лист е уязвим и на най-малките климатични промени. Благодарение на позицията на тези листенца, „medio tiempo“ концентрира в себе си голяма сила и ароматичност. Новите витоли се произвеждат с всяка годишна реколта в изключително ограничени количества поради природната оскъдност на листенцата “medio tiempo”.</br></br>\r\n\r\nВитола BHK 52, освен с неповторим формат, може да изненада пушача с баланс и наситеност, характерни за най-добрата линия на Cohiba, правена някога.','471.000000','','2011-10-28',1,0,1,NULL,'','119.00','',NULL,'',NULL,'','29.000000',0,NULL,'DEFAULT'),(2,1,'Cohiba Behike BHK 54','cohiba-behike-bhk-54','cohiba-behike-bhk-54','','Линия „Behike“ на Cohiba бе представена в средата на 2010г. Оттогава целият свят говори за Behike. Изработена е от изключителния лист “medio tiempo” -  оскъден двоен лист в най-горната част на тютюневото стъбълце. Рядкост е, когатo  “върже” medio tiempo, появата  на тези фини листенца се намира в изключителна зависимост от грижовността на земеделците. Този най-нежен лист е уязвим и на най-малките климатични промени. Благодарение на позицията на тези листенца, „medio tiempo“ концентрира в себе си голяма сила и ароматичност. Новите витоли се произвеждат с всяка годишна реколта в изключително ограничени количества поради природната оскъдност на листенцата “medio tiempo”.</br>\r\n</br>Витола 54 притежава ясно изразени дегустационни третини със наситен, богат и относително мек вкус, радост за най-изтънчените познавачи.\r\n','20.000000','','2011-10-31',1,1,2,NULL,'lb',NULL,'in',NULL,'in',NULL,'in','0.000000',0,NULL,'DEFAULT'),(3,1,'Cohiba Behike BHK 56','cohiba-behike-bhk-56','cohiba-behike-bhk-56','','Линия „Behike“ на Cohiba бе представена в средата на 2010г. Оттогава целият свят говори за Behike. Изработена е от изключителния лист “medio tiempo” -  оскъден двоен лист в най-горната част на тютюневото стъбълце. Рядкост е, когатo  “върже” medio tiempo, появата  на тези фини листенца се намира в изключителна зависимост от грижовността на земеделците. Този най-нежен лист е уязвим и на най-малките климатични промени. Благодарение на позицията на тези листенца, „medio tiempo“ концентрира в себе си голяма сила и ароматичност. Новите витоли се произвеждат с всяка годишна реколта в изключително ограничени количества поради природната оскъдност на листенцата “medio tiempo”.\r\n</br>\r\n</br>Витола 56– лидер на линия Behike, внушителна и със запомнящи се за цял живот характер и вкус. Eдна от най-добрите пури, излезли под бренда Cohiba.','345.000000','','2011-10-31',1,0,3,NULL,'lb',NULL,'in',NULL,'in',NULL,'in','0.000000',0,NULL,'DEFAULT'),(5,1,'Cohiba Siglo I ','cohiba-siglo-i','cohiba-siglo-i','','Най-малката Cohiba е определяна като прелюдия към линията на вековете, макар да е втората “Сигло” хронологически след Siglo V.  Перфектна витола за отърсване от стреса на забързаното ежедневие. Актуална и предпочитана дължина. Подходяща за всекидневна употреба и в комбинация с храна, алкохолни напитки и кафе. Съчетава се чудесно с препечен тъмен шоколад, меки и сладникави алкохолни концетрати като ром и леко опушено уиски, както и със силно кафе арабика. Времето й за пушене я прави чудесен компаньон за коктейл-парти, кафе пауза или просто почивка след тежка умствена дейност или  конференция. Не само поради своя филигранен и елегантен рисунък, но и със своя бавно ескалиращ интензитет тя е очарователна спътница и на дамите. Перфектна горимост, с дървесен аромат и леки нотки на карамел.','34.000000','','2011-11-01',1,0,13,NULL,'lb',NULL,'in',NULL,'in',NULL,'in','0.000000',0,NULL,'DEFAULT'),(6,1,'Cohiba Siglo II','cohiba-siglo-ii','cohiba-siglo-ii','','Предпочитана от мнозина заради достъпния си размер и перфектната си горимост, както и поради своята универсалност и представителност сред линията на вековете. Siglo II е идеална и за онези, които обичат да се наслаждават на неинтензивна пура в комбинация с качествени напитки. Изключително атрактивна за следобедно кафе, за първа пура за вечерта, както и за начинаещи пушачи. Освен с вкус, дамите ще плени и с елегантен формат. Пълен с богати аромати и нежни вкусове, като отличителен сред тях е акцентът на свежа пшеница, дървесина, тревни нюанси тъй нежни към небцето,  докато на нос се долавят нотки на бразилски кедър. Послевкус много богат и запомнящ се за едно изживяване, което не просто  свършва бавно, а оставя сетивата Ви дълго -дълго да трепнат в сладката възбуда на току-що отминала блажена нега.','0.000000','','2011-11-01',1,1,14,NULL,'lb',NULL,'in',NULL,'in',NULL,'in','0.000000',0,NULL,'DEFAULT'),(7,1,'Cohiba Siglo III','cohiba-siglo-iii','cohiba-siglo-iii','','Един от „най-сладките” представители на Cohiba. С добро въображение всеки, който се докосне до нея може да се наслади на аромати на ванилия и шоколад, ремиксирани с типичната тревна и матова рецептура на марката. Затова перфектната комбинация за тази витола е силно ароматен алкохол, по възможност с траен послевкус. Аналог на Corona Especial, но в “Линията на вековете”, Siglo III е дълга и тънка, “гранде” корона, т.е. една от най-дегустационните витолас в съответното портфолио за линията. А това означава ясно изразени третини, всяка от които надгражда и изненадва предишните. Това е и първия формат на линия 1492, който демонстрира уталожване на интензитета и силата на вкуса след достигане на дегустационна половина – запазена марка единствено за известната сред афисионадос “лека линия на Cohiba.”','0.000000','','2011-11-01',1,0,15,NULL,'lb',NULL,'in',NULL,'in',NULL,'in','0.000000',0,NULL,'DEFAULT'),(8,1,'Cohiba Siglo IV','cohiba-siglo-iv','cohiba-siglo-iv','','Притежаваща изключително красива текстура, тази пура не прави изключение от останалите формати на „Линията на вековете“ - обвивният лист е произведен специално за витолас на линията. Наред със Siglo VI, най-популярната сред “вековете” и сред представителите на своята галерия. Най-балансирана със своята деликатност и привкус на какао. Ароматът й е плътен, наситен и способен да плени и най-претенциозните почитатели на кубинската пура. Около дегустационната среда намираме кулминация, която е нашата най-чисто изведена представа за усещане за прекрасна кубинска пура. Долавят се земни нотки, примесени с леки нюанси на подправки, най-вече свежи градински билки и салвия. Великолепна горимост. Чудесна за по-късните часове на нощта, за последните размишления преди сън или за среща със стар приятел.','0.000000','','2011-11-01',1,0,16,NULL,'lb',NULL,'in',NULL,'in',NULL,'in','0.000000',0,NULL,'DEFAULT'),(9,1,'Cohiba Siglo V','cohiba-siglo-v','cohiba-siglo-v','','Не случайно тази витола е първата от линията на вековете. Представена през 1992г., тя излиза на пазара едва 2 години по-късно. Създадена по случай 500 годишнината от експедицията на Колумб, тази далия придава елегантност и изтънченост на всеки, който се докосне до нея. Пленява с вкус на кожа и сметана, които са балансирани с традиционния табаков аромат, като и при този представител на „Линията на вековете“ наблюдаваме известно успокояване след достигане на дегустационна половина. Въпреки това, финалът е бурен, страстен и табаков. Пура, която сменя своята пиперливост според предпочитанията на пушача, чиито израз са скоростта на пушене и съчетанието с отмиваща или неутрална на небце напитка. Сред най-добрите пури в ежегодните класации на специализираните издания за пури.','0.000000','','2011-11-01',1,0,17,NULL,'lb',NULL,'in',NULL,'in',NULL,'in','0.000000',0,NULL,'DEFAULT'),(10,1,'Cohiba Siglo VI','cohiba-siglo-vi','cohiba-siglo-vi','','Първата Cohiba, презентирана с настоящия златист пръстен. В началото е умерена и елегантна, но впоследствие грабва с изблик от аромати - кафе, какао, пипер и малко мускус. Витола, която леко отстъпва от вкусовата представа за „вековете“, но за сметка на това е типична Cohiba, готова още от излизането си на пазара  да стане лидер на марката изобщо. И това се случва, като понастоящем Siglo VI е перлата в короната на Cohiba, наред с витолите от новата линия Behike. За сметка на тази конкуренция, Siglo VI си има вариант в дълбока резерва – Cohiba Grand Reserva Siglo VI, която продължава да е сред най-търсените специални издания в света на пурите. Също така, любители и колекционери биха могли да дегустират това бижу с голям период на отлежаване в умидор, тъй като витола Siglo VI е представена в далечната вече 2002 г.','0.000000','','2011-11-01',1,0,18,NULL,'lb',NULL,'in',NULL,'in',NULL,'in','0.000000',0,NULL,'DEFAULT'),(11,1,'Cohiba Maduro Secretos','cohiba-maduro-secretos','cohiba-maduro-secretos','','Ако приемем за вярна тезата, че тайната е в малките неща, то определено Secreto на актуалната линия Мадуро 5 е малка пура, която крие много тайни и енигматика. Разбира се, ключът към намиране на тайнствата на тази линия се крие в 5-годишното отлежаване на 3 от общо петте листа, изграждащи витолас на М5. Във витола Secreto откриваме наситена първа третина с нотки на кедър и черен пипер. Постепенно разгръща ароматите на дърво, пипер, гъби и есенни листа. Последната част се характеризира с плътност, усещането за което се запазва до самия край. Завършена пура, чест за всеки любител на престижното семейство на Мадуро гамата. Усещането, даравящо Secretos е като от есенна картичка: за кратко те облива носталгичният мирис на есенни листа, но когато затвориш очи, пред очите ти остава само красотата.','0.000000','','2011-11-02',1,1,6,NULL,'lb',NULL,'in',NULL,'in',NULL,'in','0.000000',0,NULL,'DEFAULT'),(12,1,'Cohiba Maduro Magicos','cohiba-maduro-magicos','cohiba-maduro-magicos','','Habano, претендиращ да изведе най-доброто от едно отлежало 5 години Робусто, но в по-къс вариант. Бързо осезаемата първа третина демонстрира задълбочен вкус с нотки на кедър и черен пипер. Не по-малко пиперлива е и втората част от тази пура, но сега вече наложена със силата и интензитета на едно изключително робусто. Накрая се долавят експлозивните усещания за горещ въздух и влажна земя, покрита с тежки есенни листа. Цялото ни същество  усеща с всяка своя клетка наближаващата есен, мрачна и влажна и в същото време прелестна с тихата си и цветна стихия. Пура, която крие в себе си за всекиго по нещо. Уникално и незабравимо преживяване от това младо мадуро с голямо бъдеще.\r\n</br></br> За колекционерите: задължително допълнително отлежаване в умидор поне 3 години, считано от датата на производство, отбелязан на дъното на кутията.','0.000000','','2011-11-02',1,0,5,NULL,'lb',NULL,'in',NULL,'in',NULL,'in','0.000000',0,NULL,'DEFAULT'),(13,1,'Cohiba Maduro Genios','cohiba-maduro-genios','cohiba-maduro-genios','','Най-внушителната витола на М5 линията. Финият и копринен обвивен лист тип Мадуро, отлежавал в продължение на 5 години, го прави да прилича на елегантен костюм за гала вечеря. Всичко това означава добра пропускливост, равномерна горимост, плътен дим с нотки на дърво, както и красива светлосива пепел. Пиршество за сетивата, вкусът е едновременно балансиран и комплексен, като началото му се свързва с шоколад и кафе. Следват кожа, отново кафе и цяла плеяда от тропически вкусове. Очаквано за едно отлежало Екстра Робусто (дълго и малко по-дебело Робусто), ясно изразените дегустационни третини дават най-доброто от Cohiba и от М5 линията, в едно. Незабравима пура. \r\n</br></br>\r\nЗа колекционерите: препоръчително допълнително отлежаване в умидор поне 3 години, считано от датата на производство, отбелязан на дъното на кутията.','-1.000000','','2011-11-02',1,0,4,NULL,'lb',NULL,'in',NULL,'in',NULL,'in','1.000000',0,NULL,'DEFAULT'),(14,1,'Cohiba Corona Especial','cohiba-corona-especial','cohiba-corona-especial','','Изтънчена и елегантна, истинска Корона Еспесиал, същинска коронована особа! Определяна като най-леката и ароматна витола от “Класическата линия” на Cohiba, това е портретът на един Есплендидо или Лансеро, само че излязъл изпод четката на художник-импресионист. Защото в нея откриваме всичко онова, което прави Cohiba най-елитарната и желана марка: ясно изразени третини, по време на чието действие в различни пропорции прескачат тропически плодове, кожа и ванилия, испанска сангрия в преход към френското боле, пиршество от аромати, сила без натрапчивост, елеганс без аналог сред най-добрите habanos. Любима пура на Холивуд и короновани особи от цял свят, най-известен сред които е испанският крал Хуан Карлос де Бурбон. Изключително подходяща за комбинация с  вино, порто и коняк. Любима пура и на дамите, заложили на стила “Cohiba”.','0.000000','','2011-11-02',1,0,10,NULL,'lb',NULL,'in',NULL,'in',NULL,'in','0.000000',0,NULL,'DEFAULT'),(15,1,'Cohiba Esplendidos','cohiba-esplendidos','cohiba-esplendidos','','Класиката на Cohiba. Най-предпочитаната сред държавни глави пура в историята. Впечатляваща витола, която съчетава в себе си цялата традиция в производството на кубински пури. Всеки досег с нея доставя усещането, че дегустираш за първи път, защото независимо от опита, оставяш очарован и леко замаян от завладяващите й вкус и изтънченост. Препоръчва се за хора, които имат опит в пушенето, защото само те могат да усетят пълния букет от аромати, които носи в себе си. Силно начало, балансирана втора третина и елегантен финал, които могат да оставят без дъх и най-претенциозните афисионадос. Подходяща за след вечеря, винаги като последна, завършваща пура и в комбинация с любима напитка, по възможност със силни аромат и вкус и траен послевкус. \r\n</br></br>\r\nЗа любители: доверявайте се само на оторизирани търговци!','0.000000','','2011-11-02',1,0,11,NULL,'lb',NULL,'in',NULL,'in',NULL,'in','0.000000',0,NULL,'DEFAULT'),(16,1,'Cohiba Exquisitos','cohiba-exquisitos','cohiba-exquisitos','','Exquisito носи характерния вкус на Cohíba, но в по-малък формат. Истински може да се оценят вкусовите му качества главно от онези пушачи, които са почитатели на по-силните витолас. Защото Exquisito е една пура със силен и доминантен характер. Не случайно Exquisito е сравняван с царствения Lancero и дори е наричан неговия „по-малък брат”. Още от самото начало се долавят табакови и дървесни нотки, които едва успяват да укротят експлозивността на свежа зеленина и тропически тревисти растения. Втората половина на този около 20-минутен Habano се характеризира с разцвет на ароматите на силна арабика и препечени ядки, които се вплитат във все по-интензифициращия лайтмотив на разноцветни пипери. Финалът обаче е спокоен, което е една приятна изненада, която ще остане по небцето и устните Ви задълго.','0.000000','','2011-11-02',1,0,8,NULL,'lb',NULL,'in',NULL,'in',NULL,'in','0.000000',0,NULL,'DEFAULT'),(17,1,'Cohiba Lanceros','cohiba-lanceros','cohiba-lanceros','','Исторически първата Cohiba, това е пурата, която дава началото и продължава да вдъхва живот на най-успешната марка кубински бижута за пушене в света. Фина и издължена, тя е представена във формат любим за торседорите, еталон, по който едни се различават от други единствено по размера на таланта си. В същото време това обуславя и изключително дегустацинния й характер с ясно обозначими, дори от начинаещ пушач, третини. Нежна текстура и букет от вкусове, които ни оставят с усещането, че сме разбрали защо “Cohiba” е ритуална, свещена дума.\r\n</br></br>\r\nЛюбимият Habano на Фидел Кастро е само за онези, които считат успеха не само за крайна цел, а за неспирно, вълнуващо пътешествие. За “воините на духа”, които отстояват позицията си докрай, придавайки на своята решимост една харизматична,  завладяваща изтънченост.\r\n','0.000000','','2011-11-02',1,0,12,NULL,'lb',NULL,'in',NULL,'in',NULL,'in','0.000000',0,NULL,'DEFAULT'),(18,1,'Cohiba Panetelas','cohiba-panetelas','cohiba-panetelas','','Кратък, но поливалентен вкус, подходящ за дами и начинаещи пушачи. Приказно начало на зърнена закуска с шоколад, поднесена в уханен кедров поднос. Усещането е като да бъдеш в центъра на красива туристическа картичка за Карибите, рано сутрин когато сред тишината и прохладата можеш да доловиш дори мълчаливата радост от живота на екзотичните пъстроцветни рибки. Скоро след това се пренасяме сред гъстите тютюневи насаждения, защото тъкмо средата е моментът, в който тази малка, но невероятна Панетелка проявява своя табаков характер. Кулминацията и епилогът на тази кратка и завладяваща приказка си дават чудна среща, дарявайки пушача с финал на подправката гарам масала, която полепва по небцето като последна целувка от Индия преди откриването на Новия свят с неговите тропически по вкус и характер усещания.','0.000000','','2011-11-02',1,0,7,NULL,'lb',NULL,'in',NULL,'in',NULL,'in','0.000000',0,NULL,'DEFAULT'),(19,1,'Cohiba Robustos','cohiba-robustos','cohiba-robustos','','Това е един шедьовър на кубинските аромати - едновременно дълбок и деликатен. Най-популярното Робусто сред кубинските пури. Интензивен вкус, пуши се за около час. В своите сливащи се третини, в пъстра въртележка се завихрят ароматите на подправки и привкус на кафе, тютюн, кедър, прeпечени ядки, кожа, тропически плодове, ефимерен ванилов рисунък, отново тютюн, сандалово дърво... Кулминация, която напомня за най-добрите третини на пурите Cohiba и доказва защо Робусто е най-представителният сред форматите. Казват, че идеята за профил на жена, който се “рисува” около пушача от дима на кубинската пура, се е зародил именно след дегустация на този великолепен habano. Единственият представител на тази галерия, който започва по-силно, отколкото завършва, подобно на повечето представители на “Линията на вековете”','0.000000','','2011-11-02',1,0,9,NULL,'lb',NULL,'in',NULL,'in',NULL,'in','0.000000',0,NULL,'DEFAULT'),(20,1,'Montecristo N2','montecristo-n2','montecristo-n2','','Без съмнение сред най-популярните кубински пури. Често снимана във филми, което я превръща в олицетворение на елитарност и престиж, в неизменен атрибут за силния и решителен мъж. Един от тях е Арнолд Шварценегер, който пренася любовта си към “Двойката” на Montecristo и в битността на губернатор. Умерен старт с типичното за марката наслагване на тютюневи и плодово-тропически аромати, без доминираща роля на нито една от тези линии. Черен пипер, препечени ядки и тютюн започват да се интензифицират едва след средата. Притежава традиционното за класическите линии засилване в края, което цели максимално никотиново насищане. Отлична пура за човек с опит или желание за експерименти. Неизменно присъства в топ 5 на Habanos, както и в специализираните издания за пури, където също заема челните места.','0.000000','','2011-11-02',1,0,0,NULL,'lb',NULL,'in',NULL,'in',NULL,'in','0.000000',0,NULL,'DEFAULT'),(21,1,'Montecristo N3','montecristo-n3','montecristo-n3','','Короната на Montecristo се явява междинно звено между най-продаваната Хаванска пура – Montecristo N4 и по-големите пури от марката. Началото е белязано от ароматите на влажна трева, горещо натурално какао и кафява захар. Втората третина и около средата Montecristo N 3 интензифицира и кристализира, за да добие, с ярки контури, вида на визитна картичка на кубинското земеделие: парещ сок от прясно изцедена захарна тръстика, силно кубинско кафе от сорта Арабика и разбира се, най-скъпия и старателно обгрижван тютюн в цял свят. Усещането е като да се докоснеш за първи път до Куба и очарован и дори смаян, да си поръчаш импулсивно чаша кубински ром, дори да не си почитател на алкохолните напитки. Финалът кулминира с дъх на тютюн, нюансиран от печен бадем и зелен пипер. Пура, която никога няма да ви омръзне.','0.000000','','2011-11-02',1,0,0,NULL,'lb',NULL,'in',NULL,'in',NULL,'in','0.000000',0,NULL,'DEFAULT'),(22,1,'Montecristo N4','montecristo-n4','montecristo-n4','','Неизменният habano в ръката на кубинския славей Компай Сегундо, Montecristo N 4 е правилният избор за онези, които желаят да дегустират най-продаваната пура в света. Въпреки че не е лека, тя е предпочитано начало за мнозина. Универсалността на вкусовете и ароматите я прави любимка на широк кръг почитатели. Пленява с изтънчени земни нотки, които допълват традиционните за марката дървесни вкусове и кожа. Перфектна едновременно и за следобедно питие и за финал на вечерта, като последна, завършваща пура. Поливалентна е и по отношение на комбинирането й с напитка. Първата дълбока резерва (реколта 2002 г.) бе именно отлежала вариация на Montecristo N4, което е още едно доказателство за нейния безспорен успех. Пура с характер, но и дипломатичност – перфектната характеристика на добрия компаньон.','0.000000','','2011-11-02',1,0,0,NULL,'lb',NULL,'in',NULL,'in',NULL,'in','0.000000',0,NULL,'DEFAULT'),(23,1,'Montecristo N5','montecristo-n5','montecristo-n5','','Случвало ли Ви се е да имате 20 минути, а да изпитвате страшна нужда да запалите кубинска пура? Вече не трябва да търсите, защото пред Вас е Montecristo N5. Внимавайте с бързането, обаче, защото, подобно на знойна мулатка, тя може да отговори на нетърпението Ви като покаже силния си и горещ темперамент. Този характер е още по-ясно изразен в по-тъмните партиди на тази витола. Разбира се, това няма да Ви отблъсне от нея, но следва да сте готов за подобно предизвикателство. \r\n</br></br>\r\nЯсно изразените й две дегустационни части предоставят всичко, което обичаме в марката, в съкратен и “ускорен” вид. Представена преди повече от половин век, тази витола на Montecristo сега заема успешно нишата на най-модерните, “шорт” формати. Релакс в 102 милиметра, това е една малка пура, но с голям и неподправен артистизъм.','0.000000','','2011-11-02',1,0,0,NULL,'lb',NULL,'in',NULL,'in',NULL,'in','0.000000',0,NULL,'DEFAULT'),(24,1,'Montecristo Edmundo','montecristo-edmundo','montecristo-edmundo','','Умелото съчетание на листата „маняна” от ниските части  на растението със своя зеленикав цвят с традиционните за хаванските пури средно големи обвивни листа е експеримент, който си заслужава да опитаме. Очаквано, началото е леко сладникаво и горчиво. Изненадващо леката горимост може само да ни очарова, като към средата на пурата ни предостава чудесната възможност да дегустираме леко соления вкус със силни акценти на отлежал тютюн. Добре балансирана, третата третина ни предоставя букета от аромати, който по своята пълнота и завършеност, можем да открием в твърде малко пури. Забележителен успех на тази витола след представянето й през 2004 г.\r\n</br></br>\r\nЗа ценителите: търсете по-зеленикави партиди на обвивния лист, те по-добре се съчетават с основната съставка, листенцата “маняна”, запазена марка за Edmundo.','0.000000','','2011-11-02',1,0,0,NULL,'lb',NULL,'in',NULL,'in',NULL,'in','0.000000',0,NULL,'DEFAULT'),(25,1,'Montecristo Petit Edmundo','montecristo-petit-edmundo','montecristo-petit-edmundo','','Умелото съчетание на листата „маняна” от ниските части  на растението със своя зеленикав цвят с традиционните за хаванските пури средно големи обвивни листа е експеримент, който си заслужава да опитаме. Очаквано, началото е леко сладникаво и горчиво. Изненадващо леката горимост може само да ни очарова, като към средата на пурата ни предостава чудесната възможност да дегустираме леко соления вкус със силни акценти на отлежал тютюн. Трета третина ни дарява и с кулминацията на този великолепен habano, като финалът е бърз, наситен и очарователен, с много тютюн, зелен пипер и меко чили. Малкият брат на Edmundo няма как да разочарва почитателите на “баткото”!\r\n</br></br>\r\nЗа cenitelite: търсете по-зеленикави партиди на обвивния лист, те по-добре се съчетават с  листенцата “маняна”, запазена марка за Edmundo линията.','0.000000','','2011-11-02',1,0,0,NULL,'lb',NULL,'in',NULL,'in',NULL,'in','0.000000',0,NULL,'DEFAULT'),(26,1,'Montecristo Open Junior','montecristo-open-junior','montecristo-open-junior','','Най-малкия формат на новата линия на Montecristo следва тенденциите, актуални в последно време, за бърза дегустация на един habanos шорт. Нещо като шот, но при пурите, ако такава аналогия би могла да се счете за удачна. Бърз, но сериозен вкус, награда за забързания градски човек. \r\n</br></br>\r\nСлуховете вече „декласират” бестселъра Montecristo N 5 поради тази нова силна вътрешна конкуренция, но все пак има доста да се доказва този пионер пред лидера на малките формати – „петичката на Монте”. Още повече че двете витоли имат и леко разминаване във формфактор: Junior е с близо сантиметър по-дълга спрямо N5, но е леко по-тънкa. Това несъмнено ще привлече дамите към този малък, но пълен с надежди Habano. Подходяща и за начинаещи пушачи, както и за онези, които търсят нещо неангажиращо и леко по характер.','0.000000','','2011-11-02',1,0,0,NULL,'lb',NULL,'in',NULL,'in',NULL,'in','0.000000',0,NULL,'DEFAULT'),(27,1,'Montecristo Open Regata','montecristo-open-regata','montecristo-open-regata','','Montecristo Open Regata се забави в стъпването си на пазарa, но това още в края на 2009г. я превърна в още по-желана и очаквана. Почитателите на торпедо, както и на класиката Montecristo N 2 с нетърпение oчакваха да се докоснат до очарователната й фигурална форма. Regata взаимства много от N2, като разликата е в силата и дължината, които я превръщат в пура със собствен характер. Въпреки сравнително малкия й размер, както и очакванията да бъде тип “кампана” или малка пирамида по своя вкус и интензитет, тя се оказва изненадващо мека, като дарява с типичния за марката вкус на сандалово дърво, кожа и божествен, релаксиращ табаков финал. Завършек, който не те оставя равнодушен, а те кара следващия път, когато прекрачиш прага на умидора, отново да посегнеш към своята вече любима. Regata, разбира се.','0.000000','','2011-11-02',1,0,0,NULL,'lb',NULL,'in',NULL,'in',NULL,'in','0.000000',0,NULL,'DEFAULT'),(28,1,'Montecristo Open Master','montecristo-open-master','montecristo-open-master','','Форматът на форматите, мастерът на мастерите, Робусто е най-очакваното звено в портфолиото на всяка марка. 124мм и ринг 50 е и най-представителния формат за всеки бранд, комуто се възлагат най-много надежди. Като сложим и факта, че Montecristo Edicion Limitada 2006, онова великолепно робусто, беше и ще остане една от най-обичаните пури за всички времена, то залозите пред Montecristo Master скачат до линията на най-високите очаквания. \r\n</br></br>\r\nДали ще ги оправдае и дали е най-подходяща за почитателите на спортовете на открито, предстои да разберем. Призоваваме българският habanos фен да бъде достатъчно търпелив, за да изрази своята категорична оценка за тази пура поне след няколко месеца допълнително отлежаване, тъй като от пускането си на пазарите витолас на Montecristo Open  са все още твърде млади.','0.000000','','2011-11-02',1,0,0,NULL,'lb',NULL,'in',NULL,'in',NULL,'in','0.000000',0,NULL,'DEFAULT'),(29,1,'Montecristo Open Eagle','montecristo-open-eagle','montecristo-open-eagle','','Най-големият представител на новата линия впечатлява с внушителни размери. Преди да бъде запалена тази витола се отличава с изтънчен аромат на натурален шоколад. Очакванията за силно начало, които са предизвикани от традицията на Моntecristo и младостта на тази витола, не са оправдани. \r\n</br></br>\r\nВ началото Eagle ни представя кедрови нотки, в комбинация със задълбочаващ се аромат на влажна кожа и сандалово дърво.  Ароматът е комплексен и пленителен, като по своята комплексност и мекота, запазващи се до края, Eagle се нарежда в топ 3 на Habanos.\r\n</br></br>\r\nСравнението с Edmundo е неизбежно, като поне на този етап Eagle изглежда подобрена версия, която трябва да опитате.\r\n</br></br>\r\nЗа колекционерите: поради младостта на тази витола препоръчваме допълнително отлежаване в умидор поне 3 години, считано от датата на производство.','0.000000','','2011-11-02',1,0,0,NULL,'lb',NULL,'in',NULL,'in',NULL,'in','0.000000',0,NULL,'DEFAULT'),(30,1,'Romeo y Julieta Churchills','romeo-y-julieta-churchills','romeo-y-julieta-churchills','','Забележителна пура за забележителни хора, индивидуалисти, експресивни, дълбоки и артистични. Защото който е посегнал към Чърчила на Romeo, той още преди да я вкуси усеща, че му предстои среща с изделие от най-висок клас. За такова го е считал още Уинстън Чърчил, дал името на тази витола. Ексцентричният британски премиер е сред най-ярко записалите се в биографията на този великолепен Чърчил. Дегустационна и очароваща, сериозна и артистична, тази пура няма да остави равнодушни дори онези, които не нареждат Romeo y Julieta сред любимите си марки. За силата и богатството й от аромати, за разгръщащите се като тропическа буря вкусове, преплетени в 3, а може би и още една, четвърта част, няма как да опишем с няколко думи. Пура, която задължително всеки афисионадо трябва да опита поне веднъж.','0.000000','','2011-11-02',1,0,0,NULL,'lb',NULL,'in',NULL,'in',NULL,'in','0.000000',0,NULL,'DEFAULT'),(31,1,'Romeo y Julieta Coronitas en Cedro','romeo-y-julieta-coronitas-en-cedro','romeo-y-julieta-coronitas-en-cedro','','Съчетаваща характерния вкус на марката с атрактивна и достъпна за всеки цена, тази малка витола е една съвсем “Пети” Корона и по размери, и по характер. Ако представителите на Romeo y Julieta могат съвсем не на шега да бъдат разделени на Ромеовци и Жулиети, то това определено е една малка Жулиетка, която ще Ви забавлява в продължение на около 25 минути със своя игривост и ненатрапчива пиперливост. Плътната й конструкция й позволява да проявява известно самочувствие и дори да претендира за сравнение с витолас на марката от по-висок клас, но със сигурност й трябва още мъничко, за да го постигне. Със сигурност онова, което не й достига, не е вкусът й, а още само няколко минути за пушене, в които да покаже на какво са способни Жулиетите на марката. Подходяща за ежедневна пура и за начинаещи пушачи.','0.000000','','2011-11-02',1,0,0,NULL,'lb',NULL,'in',NULL,'in',NULL,'in','0.000000',0,NULL,'DEFAULT'),(32,1,'Romeo y Julieta Romeo N1','romeo-y-julieta-romeo-n1','romeo-y-julieta-romeo-n1','','Любителите на марката ще открият в тази Крема всичко онова, което обичат в Romeo y Julieta: плътна конструкция, равномерна горимост и време за пушене, в което има всички вкусове и нюанси, характерни за марката. Начинаещите пушачи ще усетят магията на Ромеовците, а ако дегустират за първи път Хаванска пура, ще останат верни фенове и занапред. Формат Крема е сред най-харесваните формати на всяка марка от новите пушачи, а тази “единичка” не само че не е изключение, но и проявява характер и пленителеност със своя строен и изпънат вид, подобно на млад кубински войник. За доброто й съхранение и транспорт се грижи метална туба. Romeo N1 изпъква с мекота и по-лек завършек в сравнение с по-малките си братя. Наситените аромати на дървесина и кожа пък само правят тази витола още по-предпочитана.','0.000000','','2011-11-02',1,0,0,NULL,'lb',NULL,'in',NULL,'in',NULL,'in','0.000000',0,NULL,'DEFAULT'),(33,1,'Romeo y Julieta Romeo N2','romeo-y-julieta-romeo-n2','romeo-y-julieta-romeo-n2','','Една от най-продаваните пури в България и по света. Пура, която наднича от всеки киоск и присъства в листата на всеки приличен ресторант или бар. Най-харесваната първа пура. Най-предпочитаната за ежедневна... Защо ли? На първо място заради балансирания вкус, който лесно пленява дори претенциозните пушачи. Още от самото начало се долавят с горните части на небцето нотките на орехи, кедър и една идея шоколад, които запазват звученето си до втората третина, за да кулминира вкусът в едно изящество на тютюневи букети с тревни оттенъци. На второ място красивата метална туба, която спомага за по-добро съхранение извън умидор и за лесно пренасяне при пътувания. И накрая, но не и по важност, заради традиционния аромат за марката, който се е доказал във времето като еталон за качество и елитарност.','0.000000','','2011-11-02',1,0,0,NULL,'lb',NULL,'in',NULL,'in',NULL,'in','0.000000',0,NULL,'DEFAULT'),(34,1,'Romeo y Julieta Romeo N3','romeo-y-julieta-romeo-n3','romeo-y-julieta-romeo-n3','','Пура, която докато пушите, съвсем възможно е да си помислите, че става дума за дете, родено от любовта на някоя неголяма Жулиета и строен Пети Сетро на марката H. Upmann. Защото тя е повече Жулиета, отколкото Ромео и пиперливостта й се пренася по магичен начин в дегустационната среда на пурата в една плодова и флорална симфония, която гали сетивата, както само “упманките” могат да го направят. Витола на атрактивна цена, достатъчно представителна за марката, но и достатъчно различна, за да бъде предизвикателство за всеки, неопитал я още. Предлага се в удобен тубос, който ще Ви позволи да запазите ароматите й достатъчно добре, за да изчака първата глътка вино за вечерта. Подходяща за сладки коктейли, за начинаещи пушачи и най-вече за дами, посягащи за пръв път към магията на Хаванската пура.','0.000000','','2011-11-02',1,0,0,NULL,'lb',NULL,'in',NULL,'in',NULL,'in','0.000000',0,NULL,'DEFAULT'),(35,1,'Romeo y Julieta Sport Largos','romeo-y-julieta-sport-largos','romeo-y-julieta-sport-largos','','Кратка, достъпна, представителна, тази малка витола ни оставя с едно макар и моментно, но пълно или почти пълно разбиране за RyJ. Първото усещане е акцентно на Жулиета, следват плодовите аромати, които оставят загадъчното усещане за тропически плод, чието име е буквално и преносно на върха на езика ни, но не успяваме да се досетим в пълнота. Сред основните акценти са и на млада тропическа дървесина или по-скоро на някакви екзотични билки, които вероятно растат само там, нейде по Карибието. Почти до края пиперливите нотки само леко натискат клавишите на сетивата ни подобно на мелодичен рок концерт, в който нежно акомпанира далечно пиано. С наближаване края на този чудесен Habano обаче пикантните усещания не ни оставят съмнения, че все пак става дума за изделие от гамата на Ромео и Жулиета.','0.000000','','2011-11-02',1,0,0,NULL,'lb',NULL,'in',NULL,'in',NULL,'in','0.000000',0,NULL,'DEFAULT'),(36,1,'Romeo y Julieta Belicosos','romeo-y-julieta-belicosos','romeo-y-julieta-belicosos','','Един от най-обичаните у нас фигурални формати поради компактния си вид и внушителен ринг за допълнителна мекота. Галерия Кампана създава приятели за цял живот, ако се съди по двата представителя на този формат. Очаквана пура със заявки от българския афисионадо от доста време насам.','0.000000','','2011-11-02',1,0,0,NULL,'lb',NULL,'in',NULL,'in',NULL,'in','0.000000',0,NULL,'DEFAULT'),(37,1,'Romeo y Julieta Exhibicion N4','romeo-y-julieta-exhibicion-n4','romeo-y-julieta-exhibicion-n4','','Най-близкият формат до Робусто, Ермосо, притежава индивидуалност и представителност в едно, като е подходяща и за начишанещи пушачи, както и за дами, за първи път посягащи към магията на Хаванската пура. Излязла цели 26 години преди Short Churchill, тази витола е изразител на типичния ранен Romeo y Julieta вкус.','0.000000','','2011-11-02',1,0,0,NULL,'lb',NULL,'in',NULL,'in',NULL,'in','0.000000',0,NULL,'DEFAULT'),(38,1,'Romeo y Julieta Wide Churchills','romeo-y-julieta-wide-churchills','romeo-y-julieta-wide-churchills','','Любителите на Romeo Y Julieta ще могат да се насладят на най-новата витола под шапката на популярната марка. Продължение на линията Churchill, която регистрира невероятен успех с пускането преди години на топ робустото Short Churchill. \r\n</br></br>Нова витола е с историческо име Wide Churchill (широк Чърчил). Специфичните му размери не могат да бъдат открити в никоя друга Habanos марка. Внушителен ринг, балансира и ароматен бленд, изработен от селектираните листа на Vuelta Abajo. Комбинация от страст и съвършенство. \r\n</br></br>По-лека от Short Churchill, но в същото време подходяща за българските почитатели заради впечатляващия си ринг. Перфектна за комбинация с коктейл или с ароматно уиски след залез слънце.','0.000000','','2011-11-02',1,0,0,NULL,'lb',NULL,'in',NULL,'in',NULL,'in','0.000000',0,NULL,'DEFAULT'),(39,1,'Romeo y Julieta Short Churchills','romeo-y-julieta-short-churchills','romeo-y-julieta-short-churchills','','Макар и по-малка от Churchill тази виола притежава своята уникалност. Далеч по-силна е в сравнение с останалите представители на марката, като успява да разгърне истинския си потенциал още до средата. Със сигурност ще допадне на почитателите на малките формати и на тези, които обичат усещането на дървесни аромати.\r\n','0.000000','','2011-11-02',1,0,0,NULL,'lb',NULL,'in',NULL,'in',NULL,'in','0.000000',0,NULL,'DEFAULT'),(40,1,'Partagas de Luxe','partagas-de-luxe','partagas-de-luxe','','Тази горда и изкусителна витола в най-харесвания формат за начинаещите пушачи, Крема, завладява с разкошна текстура, изпъстрена с любимите за мнозина хлорофилни пръски. Експресивен и статичен едновременно, димът е достоен за картина на художник - майстор на натюрморти. Усещането за кедър и отлежала тропическа дървесина завладява и околните. Вкусът на тази наистина луксозна пура представлява приятна изненада за почитателите на формата, като в същото време е и смел дегустационен „ъпгрейд” на вкуса “Partagas”. Между втора и трета половина по своя интензитет и богатство от аромати пушачът трудно може да повярва, че става дума за една малка Крема. Краят кулминира с нотки на ядки, кожа и дъх на рохкава и плодородна кубинска почва: усещане за земя, от чиито сокове са черпели живот поколения наред.','0.000000','','2011-11-02',1,0,0,NULL,'lb',NULL,'in',NULL,'in',NULL,'in','0.000000',0,NULL,'DEFAULT'),(41,1,'Partagas Lusitanias','partagas-lusitanias','partagas-lusitanias','','Lusitaniaе една от най-известните и обичаните витоли в цял свят. Изключителна чест за всеки колекционер е да притежава една от най-легендарните пури в историята, безспорно най-добрата Проминенте. Тя ще Ви кара да флиртувате, да потанцувате, да се отпуснете и после отново и отново да повтаряте, без да се уморите или напрегнете, същите действия. Не само че притежава ясно изразени три дегустационни части, но Lusitania в  продължение на повече от час ще ви доминира, забавлява, очарова. Леко и флорално начало, първата третина оставя у пушача усещане за тропически рай и мокра пръст. Екзотични плодове сякаш изливат нектара си върху кехлибареното тяло на Lusitania. От обвитото с лек крем начало и около средата, пурата демонстрира рязко своя характер като кулминира в пиперливи, табакови и землисти пикове.','0.000000','','2011-11-02',1,0,0,NULL,'lb',NULL,'in',NULL,'in',NULL,'in','0.000000',0,NULL,'DEFAULT'),(42,1,'Partagas Mille Fleur','partagas-mille-fleur','partagas-mille-fleur','','Силен, смел, но и порядъчен по своя характер и достъпна цена, този представител на галерия Пети Корона е подходящ за всеки, който е в плен на очарованието на вкуса Partagas, но разполага с ограничено време или отдава страстта на пурите няколко пъти на ден  и търси своята ежедневна пура. Всекидневна, непретенциозна пура, която ще ви прави компания между 30 и 40 минути. Няма изисквания към това с какво да я комбинирате, но каквото й да изберете – кафе, коктейл или уиски ще ви даде възможност да усетите ароматите на дърво, кожа и леки орехови нотки. Изключително подходяща за следобедно силно и горчиво кафе от сорта Арабика, или за бърз релакс след натоварващ ден. Финалът е спокоен, което най-вероятно ще Ви отведе до втори Mille Fleurs или до компанията на някой по-солиден и доминиращ Partagas.','0.000000','','2011-11-02',1,0,0,NULL,'lb',NULL,'in',NULL,'in',NULL,'in','0.000000',0,NULL,'DEFAULT'),(43,1,'Partagas Serie D N4','partagas-serie-d-n4','partagas-serie-d-n4','','Ако държите вашата пура да се откроява със сила и мощ, Partagas Serie DN4 e решението за вас. Перфектно робусто, което пленява с традиционните за марката кедрови и земни нотки. Бърза, доминираща и пиперлива витола, със своята сила тя ще изисква да употребите всичките си сетива, ако искате да Ви завладее. Освен че е е една от най-продаваните кубински пури, това е и единствения Partagas, който извади Резерва под формата на лимитирана кутия от 5000 броя за цял свят. Разбира се, да получиш резерва от любимата ти пура е все едно да превърнеш като с магическа пръчица новия си автомобил в красив ретро звяр. Сред причините за небивалия успех на това завладяващо Робусто е и прекрасният обвивен лист с по-тъмен от обикновен цвят. Пура, печелеща различни  класации и любима на много известни личности от целия свят.','0.000000','','2011-11-02',1,0,0,NULL,'lb',NULL,'in',NULL,'in',NULL,'in','0.000000',0,NULL,'DEFAULT'),(44,1,'Partagas Serie P N2','partagas-serie-p-n2','partagas-serie-p-n2','','Една от най-успешните в колекцията на Partagas. Не случайно тази изящна пирамида бе  избрана за пура на 2005-а на изложението в Париж и за най-добра пура още при появата си от елитното испанско habanos общество: клуб Епикур. Новост от 2008 г. е елегантният черен тубос, който превърна Serie PN2 в пионер. Силна пура с характер и с типичните за марката пиперливи и земни нотки. Типичен Partagas, силен, завладяващ и земен, този habano впечатлява дори онези познавачи, които залагат на други марки хавански пури за свои любими. 40 миниути сила, огън и страст, като финалът не е чак толкова силен, колкото бихме могли да очакваме, но достатъчно, за да знаем, че това е завършващата, последна и кулминираща вечерта пура. Силна пура, подходяща за мъже, искащи максимума от пурата си и от дами с характер.','0.000000','','2011-11-02',1,0,0,NULL,'lb',NULL,'in',NULL,'in',NULL,'in','0.000000',0,NULL,'DEFAULT'),(45,1,'Partagas 8.9.8','partagas-8-9-8','partagas-8-9-8','','Тази витола е една от най-старите представители на Partagas. Прекъсната е през 90-те години, като от тогава има почти  култов статус. 8-9-8 означава точното разпределение на пурите в кутия от 25 броя. Само няколко витолас могат да се похвалят с такава подредба. Предоминантно силно начало с мощен табаков заряд, свидетелство за типична за марката, сила и интензитет. В дегустационно отношение изненадите не спират със силния, почти главозамайващ старт. Още с навлизане в средата на първата третина, оставаме приятно сюрпризирани от мекия вкус, комуто акомпанират свежи тонове на кожа, абанос, кедър и цяла една палитра от силни и очарователни аромати.\r\n</br></br>\r\nЗа познавачи: оставете 8-9-8 да отлежи в умидор 3 години, считани от датата на производство и ще се превърнете в притежатели на същинско съкровище.','0.000000','','2011-11-02',1,0,0,NULL,'lb',NULL,'in',NULL,'in',NULL,'in','0.000000',0,NULL,'DEFAULT'),(46,1,'Partagas Aristocrat','partagas-aristocrat','partagas-aristocrat','','Бюджетна пура, но със силата и настойчивостта на „Характер Partagas“. Особено ако се пуши по-динамично, поради високата й пропускливост. Характерна и за начинаещи пушачи, които обаче не са чужди на интензивните вкусове, това е бомба със закъснител в раздел „Ежедневна пура“.','0.000000','','2011-11-02',1,0,0,NULL,'lb',NULL,'in',NULL,'in',NULL,'in','0.000000',0,NULL,'DEFAULT'),(47,1,'Hoyo de Monterrey Epicure Especial','hoyo-de-monterrey-epicure-especial','hoyo-de-monterrey-epicure-especial','','Еpicure Especial бе представена на Habanos фестивала в края на февруари 2008 г. и понастоящем е една от най-желаните витолас в цял свят. Със своите щедри пропорции (ринг 50, дължина 141) отговаря напълно на космополитния вкус на съвременните пушачи. Тази Хаванска пура, характеризираща се с мекота и интензивен вкус, се превърна във витола – еталон, след като беше представена през 2004 г. като лимитирана серия. Запалените пушачи ще я познаят не само по неговия характер, но и по специалния пръстен, добавен под традиционния с логото на Hoyo de Monterrey. Нестандартна е и визията му в тубос, като в метални туби очакваме всички представители от високата гама на Hoyo. Вкусово няма да изненада почитателите на марката, но ще добави още една щипка интензитет и аромат, опаковани в красив мадуро лист.','0.000000','','2011-11-02',1,0,0,NULL,'lb',NULL,'in',NULL,'in',NULL,'in','0.000000',0,NULL,'DEFAULT'),(48,1,'Hoyo de Monterrey Epicure N1','hoyo-de-monterrey-epicure-n1','hoyo-de-monterrey-epicure-n1','','Hoyo de Monterrey Épicure No. 1 е един от най-добре познатите представители на марката. Прототип и ракетеоносител на дълго чакания флагман на новата линия на Hoyo -  Epicure Especial. Типично начало: сладко, тревно, какаово, леко матово и много меко. Това е една доста илюзорна външност, зад която се крие силен и интензивен вкус, който тепърва ще разкрива потенциала си. Макар на небце и устни димът да е все така мек и приятно плътен, той е доста остър при вдишване. Това е безспорно доказателство за силно табаковия интензитет, който очаква всеки любител по-нататък. Най-силният Hoyo на българския пазар ще очарова с присъствие без натрапчивост, ясно изразени дегустацинни третини и финал на покой и блаженство без да е спестено ни най-малко от отпускащото никотиново усещане – награда за опитния пушач.','0.000000','','2011-11-02',1,0,0,NULL,'lb',NULL,'in',NULL,'in',NULL,'in','0.000000',0,NULL,'DEFAULT'),(49,1,'Hoyo de Monterrey Epicure N2','hoyo-de-monterrey-epicure-n2','hoyo-de-monterrey-epicure-n2','','Марката предлага лек аромат и голямо разнообразие от формати. Дълги години до 1992 г. някои от пурите на Давидоф се произвеждат с листата от плантациите на Hoyo. През 1970 е представена новата линия „Le Hoyo” с по-наситен аромат. Предпочитана марка от големия джазмен Дизи Гилеспи.\r\n</br></br>\r\nEpicure N2 е сред най-продаваните представители на марката, както и на формата Робусто. Отличава се с нежна текстура на листото и перфектен завършек със сладникав тропически послевкус. Основното й предимство е това, че е лека към средна, което я прави подходяща за всяка ситуация, както и за начинаещи пушачи. Особено подходяща е за дами, които трудно се решават на по-големи формати. Изключителна дълбочина, лек дървесен привкус. Равномерно горене, богат аромат и вкус, сладки нотки на какао, канела и дори индийско орехче.','0.000000','','2011-11-02',1,0,0,NULL,'lb',NULL,'in',NULL,'in',NULL,'in','0.000000',0,NULL,'DEFAULT'),(50,1,'Hoyo de Monterrey Epicure Palma Extra','hoyo-de-monterrey-epicure-palma-extra','hoyo-de-monterrey-epicure-palma-extra','','Пура с много добра конструкция, пикантна, без да бъде остра, на много конкурентна цена. Достъпна и поливалентна, тя е подходяща за широк кръг пушачи. При отварянето на кутията се усеща специфичен аромат на кожа и тютюн. Изглежда плътна на допир, но гори плавно и равномерно. Пепелта й е бяла отвън и тъмна отвътре. По-мека в началото, във втората половина вече се долавя, макар и леко и ненатрапчиво, типичната за Хаванските пури сила и настойчивост с ароматите на какао, кафе, сушени плодове и дори пчелен мед. В края намаляват плодовите акценти за сметка на все по-интензивния, като водещ мотив в песен, аромат на отлежал тютюн  и тропическа дървесина. \r\n</br></br>\r\nКато цяло, витола Palma Extra оборва общоприетите схващания, че малката пура трудно осъвместява наситен аромат, комплексност на вкуса и достатъчно сила.','0.000000','','2011-11-02',1,0,0,NULL,'lb',NULL,'in',NULL,'in',NULL,'in','0.000000',0,NULL,'DEFAULT'),(51,1,'Hoyo de Monterrey Petit Robustos','hoyo-de-monterrey-petit-robustos','hoyo-de-monterrey-petit-robustos','','Почитателите на актуалните къси и дебели формати няма да останат разочаровани, ако за първи път посягат към това късичко, но наситено Пети Робусто. Тъмен, мадуро обвивен лист загатват за характера на тази витола, който няма да бъде доминиращ пушача, а само ще пофлиртува 30-ина минути със сетивата му. Характеризира се с меко и земно начало, подобно на по-големия си събрат Epicure N2. Развитието е прогресивно, без да бъде агресивно. Изключително приятна пура, напомняща за славните дни на Куба. Въпреки че се усеща като прясно навита пура, ароматът й се развива доста плътен и по-скоро не е необходимо допълнително отлежаване. Впечатляващ завършек. Няма да можете да спрете да пушите дори във втората част и с риск да си изгорите пръстите. Великолепна пура, обявена за една от най-добрите на 2004 г.','0.000000','','2011-11-02',1,0,0,NULL,'lb',NULL,'in',NULL,'in',NULL,'in','0.000000',0,NULL,'DEFAULT'),(52,1,'H.Upmann Coronas Major','h-upmann-coronas-major','h-upmann-coronas-major','','Витола от любимата марка на американския президент Кенеди. Непретенциозна пура, подходяща за всички нива пушачи – начинаещи и напреднали, която въпреки не големия си формат оставя приятно усещане за тютюн, примесено с лек привкус на земя, градински подправки и салвия. Равномерно навита пура, която ще Ви достави удоволствие независимо от това дали е със сутрешното кафе или в компанията на свежо питие около полунощ. Подходяща както за начинаещи пушачи, така и за напреднали, които все още не са открили своята ежедневна пура. Както за първа, така и за завършваща вечерта. Гори без проблем от началото до края, с балансиран константен дим и сива пепел. Финал, запазващ усещането за H.Upmann и с плавно нарастващи пиперливост и никотиново засищане. Предлага се в метален тубос за по-добро съхранение.','0.000000','','2011-11-02',1,0,0,NULL,'lb',NULL,'in',NULL,'in',NULL,'in','0.000000',0,NULL,'DEFAULT'),(53,1,'H.Upmann Magnum 46','h-upmann-magnum-46','h-upmann-magnum-46','','Витола, предшественик на лимитираната за 2005 г. H. Upmann Magnum 50, която в следствие на успеха си, се превърна в серийна пура. Един от най-добре продаваните представители на марката, Magnum 46 се характеризира с типичен за нея вкус. Както и с формат поливалентен както като време за пушене, така и като перфектен израз на рецептурата на Upmann. Изключително ароматна пура, която може да плени и най-претенциозните почитатели на кубинските пури. В нея може да откриете комбинация от дървесни нотки, примесени с подправки. Изработена е от най-класния тютюн, използван от H. Upmann, който може да бъде определен като среден към силен. Проводимостта е перфектна, а горимостта адекватна за един от най-представителните формати на марката. Препоръчва се отлежаване в кедрова кутия, за период от минимум 2 години.','0.000000','','2011-11-02',1,0,0,NULL,'lb',NULL,'in',NULL,'in',NULL,'in','0.000000',0,NULL,'DEFAULT'),(54,1,'H.Upmann Magnum 50','h-upmann-magnum-50','h-upmann-magnum-50','','Витола - сериен вариант на лимитираното издание на вековната марка, която се появи на пазара през 2005-а. Още тогава тя плени верните почитатели на кубинските пури, а мотото й – „Нещо голямо в света на най-големите” - е доказателство, че тази пура е създадена, за да бъде лидер. Усещането да пушиш тази пура е като да танцуваш валс: ти диктуваш темпото, но забързаш ли, няма как, ще се наложи да отвърнеш със същата страст, да се сгорещиш. Чудесната му структура, бързата му и жива горимост, жизнения му «Upmann» вкус, както и ненатрапчивата, но завладяваща нега, съпътстваща пушача още от момента, в който погледът му се плъзне по тялото на убийствения Magnum 50, всичко това сякаш е създадено за дълбоко удоволствие, но и за небрежно, флиртуващо със сетивата леко и весело настроение.','0.000000','','2011-11-02',1,0,0,NULL,'lb',NULL,'in',NULL,'in',NULL,'in','0.000000',0,NULL,'DEFAULT'),(55,1,'H.Upmann Majestic','h-upmann-majestic','h-upmann-majestic','','Още една пура от средните формати на H. Upmann, която ще ви убеди, че това не случйно е била любимата марка на американския президент Джон Кенеди. Лека, със свежи нотки на кожа и пръст, които допълват гамата от аромати на H. Upmann. Без колебание може да я пробвате, ако сте начинаещ в света на кубинските пури. Няма да Ви изненада, но ако за първи път дегустирате Хаванска пура, със сигурност ще Ви очарова с мекотата и достъпността си, с успокоението и блажена нега, които могат да Ви осигурят само и единствено най-добрите пури в света. Дори на самия финал тази витола е все така лека и блажена, като десерт, който никога не омръзва. Еднакво подходяща и за всекидневна пура, за първи досег на дамите до магичния свят на habanos, както и за компаньон на Вашите служебни коктейли и партита.','-1.000000','','2011-11-02',1,0,0,NULL,'lb',NULL,'in',NULL,'in',NULL,'in','1.000000',0,NULL,'DEFAULT'),(56,1,'H.Upmann Sir Winston','h-upmann-sir-winston','h-upmann-sir-winston','','Този забележителен Чърчил се намира в колекциите на малцина суперлюбители със своята кабинетна кутия от кедър. Макар да е вторият подред Чърчил в портфолиото на H.Upmann, заедно с Monarcas, то Sir Winston е определян за класа над него. Забележителна, горда и достолепна пура, носеща напълно достойно името на един от най-бележитите политици на XX в.','0.000000','','2011-11-02',1,0,0,NULL,'lb',NULL,'in',NULL,'in',NULL,'in','0.000000',0,NULL,'DEFAULT'),(57,1,'Trinidad Coloniales','trinidad-coloniales','trinidad-coloniales','','Дългият процес на ферментация и специалният бленд тютюни (най-скъпият сорт за пури в света El Laguito, от който се произвеждат само представители на Cohiba и Trinidad) си казват думата още на прима виста. Акцентите на влажна дървесина, кедър, цитруси, градински растения, пикантни мексикански „пимиентас” и пчелен мед се редуват в една феерична експлозия, но без да надделяват над постоянното успокояващо действие на зелен чай, прясно окосена трева и влажна дървесина. На пресни билки и салвия е и основният тон на песента Colonial, след чието първо изслушване имаш чувството, че си се пренесъл на друга планета, че си опитал вкуса на Рая. Дори опитните афисионадос се изненадват от непредсказуемия, завладяващ флорално, плодово-матов вкус и парещ послевкус. Универсална и невероятно класна малка пура!','0.000000','','2011-11-02',1,0,0,NULL,'lb',NULL,'in',NULL,'in',NULL,'in','0.000000',0,NULL,'DEFAULT'),(58,1,'Trinidad Fundadores','trinidad-fundadores','trinidad-fundadores','','Започва като протоколна пура с формат Lancero, Trinidad Fundador еволюира до днешната витола – малко по-дебела, но определено със свой характер и стил. Форматът й е уникален – нито една марка не произвежда подобна витола. Изборът на тютюневи листа за пълнежа и обвивката й е наистина първокласен – придават усещане за кадифена мекота. Единствената пура от ранга на Lanceros на Cohiba – любимата на кубинския лидер Фидел Кастро. Фундадор означава “основател” и това дава ключът от загадката защо това е първата витола на марката, пусната на пазара през 1998г. Това е и пурата, участвала на съзтезанието за habanossomelier в Хавана през 2010 г. на страната на българския участник. Една от най-дегустационните пури в каталога на Habanos. Класа, стил, предназначени само за отбран кръг познавачи!','0.000000','','2011-11-02',1,0,0,NULL,'lb',NULL,'in',NULL,'in',NULL,'in','0.000000',0,NULL,'DEFAULT'),(59,1,'Trinidad Reyes','trinidad-reyes','trinidad-reyes','','Когато бе представена в началото на новото хилядолетие тази витола предизвика огромен интерес. Малка, компактна, харесвана. Няма човек, който да я е опитал и да не е останал очарован. Поради поливалентния си характер, тя е еднакво подходяща за кафе сутрин, така и за завършек на вечерта. Може да бъде силна и слаба, мека и неотстъпчива, тръпчива и кадифена. Финалът може да бъде силно табаков и кедров, но ако се пуши бавно ще изненада със своята мекота на божествен нектар. Често става първа пура за онези, които скоро ще се превърнат в изискани познавачи. Пленителна и очарователна, запомняща се пура. Като цяло може да се характеризира с леки изтънчени дървесни нотки, примесени със запленителен аромат на кафе. Макар и малка, Rey е любимец на жените, които не пропускат да му се насладят.','0.000000','','2011-11-02',1,0,0,NULL,'lb',NULL,'in',NULL,'in',NULL,'in','0.000000',0,NULL,'DEFAULT'),(60,1,'Trinidad Robusto Extra','trinidad-robusto-extra','trinidad-robusto-extra','','Една от най-интересните пури, които са представени в България. Нестандартна форма, която привлича почитателите на големите размери, но в същото време не се натрапва с прекалена сила и профилираност. Точният вариант за човек, който търси баланс и финни аромати на кафе, черен пипер, дървесина, кедър, влажна кожа и зехтин. Една изключително балансирана пура, най-нюансираната може би в каталога на Habanos поради трудно уловимия водещ мотив. За сметка на него, могат да бъдат открити запленяващите хиляди микроаромати, които ще оставят без дъх дори най-опитните познавачи. Пура, която всеки следващ път е ново, очарователно откритие.','0.000000','','2011-11-02',1,0,0,NULL,'lb',NULL,'in',NULL,'in',NULL,'in','0.000000',0,NULL,'DEFAULT'),(61,1,'Trinidad Robusto T','trinidad-robusto-t','trinidad-robusto-t','','Една от най-очакваните пури десетилетия наред от общността на пушачите. Близък до универсалния формат Робусто, Делвайе ще очарова и смайва, докосвайки се до класическия и дълбок, неустоим Robusto Extra. Също като него, е перфектният вариант за човек, който търси баланс на финни аромати на кафе, черен пипер, дървесина, кедър, влажна кожа и зехтин, без да усеща натрапчивост от страна на водещ мотив тютюн или кедър. Останалото е удоволствие в около 40 минути, което те грабва неусетно и неопределимо, тайнствено и загадъчно. Дипломатична пура за среща със стар приятел или стара любов, за която ще желаете да си спомняте дълго след като си е заминала. Изключителен баланс и релакс, който свършва като всички хубави неща: точно когато ти е станало най-сладко. Сериозна и дълбока, пура за опитни пушачи.','0.000000','','2011-11-02',1,0,0,NULL,'lb',NULL,'in',NULL,'in',NULL,'in','0.000000',0,NULL,'DEFAULT'),(62,1,'San Cristobal La Punta','san-cristobal-la-punta','san-cristobal-la-punta','','Чудесна Campana – притежава богат и цветист аромат, наситен вкус и прекрасен завършек. Специално селектираните листа тютюн я правят уникална по характер. Тази ексклузивна фигурална пура представя най-добрите качества на San Cristobal. Мекота, ненатрапчивост, лек, порфирен тютюнев зачатък, много какао и още повече релакс. Усещането е като да се върнеш в детството и избягал на двора, където обичаш да правиш белите си, да изпиеш на спокойствие гореща чаша мляко с какао. После вкусът е ясен: небцето и устните ти лепнат сладникаво, като впечатлението, което оставя след себе си La Punta, е чувството на удоволствие и независимост от нещата от живота, самостоятелност и авантюризъм. Предпочитана от едни от най-големите ценители на тези изделия у нас. Пура с широки възможности за комбинация с напитка.','0.000000','','2011-11-02',1,0,0,NULL,'lb',NULL,'in',NULL,'in',NULL,'in','0.000000',0,NULL,'DEFAULT'),(63,1,'San Cristobal El Principe','san-cristobal-el-principe','san-cristobal-el-principe','','Тази емблематична марка, лансирана на пазара през 1999 г. по повод на дългата история на град Хавана, първоначално наречен в годината на създаването си на своя създател Христофор Колумб Свети Христофор (San Cristobal) от Хавана. Хавана е старото автоктонно име на града, дадено му от местните индиански племена. Имената на първите четири витолас на марката, El Morro, La Fuerza, La Punta y El Principe обозначават четирите крепостни стени, опазващи мира, духовните и материални ценности на първите жители на „Свети Христофор” от честите набези на корсари и пирати. Останалите 3 витолас, Mercaderes, Oficios y Muralla носят имената на исторически улици в града, просъществували и до днес и неизменни спътници за всеки, пожелал да се потопи в историята на този героичен град. Всички представители на марката са изработени изцяло на ръка и са съставени от филер (пълнеж) от цели тютюневи листа, като цялостната композиция е с лек към среден интензитет на вкуса. \r\n</br></br>\r\nЕл Принсипе, специално подбрана за срещата ни днес, по своя малък формат и средна сила, е идеална за дегустиране от Дамите на Клуба, в компанията на чудесните коктейли и в приятната атмосфера на Casa del Habano”Radisson, като се надяваме това да бъде за Вас едно изключително преживяване, което да Ви даде повод да добавите в своето пурено „портфолио” именно този незабравим Habano.','0.000000','','2011-11-02',1,0,0,NULL,'lb',NULL,'in',NULL,'in',NULL,'in','0.000000',0,NULL,'DEFAULT'),(64,1,'San Cristobal La Fuerza','san-cristobal-la-fuerza','san-cristobal-la-fuerza','','Едва ли има почитател на кубинската пура, който да не познава San Cristobal de la Habana. Марката взаимства старото име на Хавана - Сан Кристобал де ла Хабана. Първата половина от него носи името на откривателя Христофор Колумб, а втората е старото индианско наименование на града.\r\nSan Cristobal de la Habana e лансирана през 1999 г. по повод тържествата за отбелязване на вековната история на града в навечерието на новото хилядолетие.\r\n</br></br>\r\nВ България марката е представена с три галерии – El Principe, La Punta и La Fuerza, които носят името си на крепостните кулите разположени на входа на  Хаванското пристанище. Всички представители са леки към средни, направени от специално подбран тютюн от региона Вуелта Абахо.','0.000000','','2011-11-02',1,0,0,NULL,'lb',NULL,'in',NULL,'in',NULL,'in','0.000000',0,NULL,'DEFAULT'),(65,1,'Vegas Robaina Clasicos','vegas-robaina-clasicos','vegas-robaina-clasicos','','Макар че някои смятат тази витола за издънката на галерия Cervante, тя има своя чар и не бива да бъде пренебрегвана от никого. Добре изразени три дегустационни части. Силно и запомнящо се начало, като сред основните моменти се долавят вкусовете на зехтин, кедър, подправки и кафе.\r\n</br></br>\r\nПри навлизане във втората дегустационна третина Clasico проявява силния си и необуздан характер. Третата дегустационна третина, разбира се, кулминира с разноликите цветни щрихи, преплитащи се като в причудлива картина. Вкусът интензифицира, но не с очакваната експлозия на силни табакови и `спайси` елементи, а с едно богатство и балансираност. Изключителна пура във всички аспекти с изящен от среден до силен аромат, селекция на тютюневи листа и великолепно обвивно листо. Заслужава място измежду най-добрите Хавански пури.','0.000000','','2011-11-02',1,0,0,NULL,'lb',NULL,'in',NULL,'in',NULL,'in','0.000000',0,NULL,'DEFAULT'),(66,1,'Vegas Robaina Don Alejandro','vegas-robaina-don-alejandro','vegas-robaina-don-alejandro','','Хубаво, по-хубаво, най-хубаво...усещането да пушиш Don Alejandro на Vegas Robaina. За мнозина традицията означава качество, изисканост и елитарност, но когато говорим за една от най-младите кубински марки пури може да направим изключение. Тези, които вече се докоснали тази витола, са на мнение, че търсенето на най-добрата Двойна корона може да приключи. Защото челното място на Don Alejandro е гарантирано, при това в конкуренция с някои от най-добрите продукти. Тази пура ще ви плени и с уникалната си проводимост, перфектна структура, а най-изтънчените дегустатори ще се насладят и на финния й плодов аромат, съчетан с матово-земни елементи. Don Alejandro определено е най-добрия начин да завършите вечерта си, независимо дали сте в семейна обстановка, в компанията на стар приятел или на шумно парти.','0.000000','','2011-11-02',1,0,0,NULL,'lb',NULL,'in',NULL,'in',NULL,'in','0.000000',0,NULL,'DEFAULT'),(67,1,'Vegas Robaina Famosos','vegas-robaina-famosos','vegas-robaina-famosos','','Типичен представител на марката, Famoso е в уникалния формат Ермосо, рядко срещан сред Хаванските пури, но твърде близък до популярния Робусто формат. А това означава богат и комплексен вкус, в който могат да бъдат доловени десетки нюанси. Началото е меко и влажно, като оставя лек порфирен филм по небцето от пчелен мед, мляко и препечени ядки. Пурата разгръща екзотичната си карибска душа около средата, където избуяват страстните акцентни аромати на подправки, зехтин, кедър и тютюн. Изненадващо дори за привикналите пушачи, силата на този Habano се интензифицира в третата дегустационна третина. Чувствителното небце може да се загуби в морето от нюанси, които се сменят като кинопреглед за кубинското земеделие: кафе, какао, шоколад, цитруси, кокосово мляко.</br>\r\nИзискана пура за залез слънце...','0.000000','','2011-11-02',1,0,0,NULL,'lb',NULL,'in',NULL,'in',NULL,'in','0.000000',0,NULL,'DEFAULT'),(68,1,'Vegas Robaina Unicos','vegas-robaina-unicos','vegas-robaina-unicos','','Плътен и наситен дим, който доставя аромат на опушено дърво, примесен със земни нотки и тъмен зехтин. През цялото време се отличава с добра пропускливост и светлосива пепел. В края загатва за истинския си потенциал, с чувство за неповторимост. Бонус е светлокафявото обвивно листо, подбрано специално за марката. Обвивното листо на тази разкошна пирамида е едно от най-жизнените и красиви въобще за цялата гама на Хаванските пури. Всяка веничка те приласкава и гали, а крайчецът е с гладък рисунък като дипла на роклята на холандска благородничка. Освен радост за окото, то предоставя филигранен и нежен завършек, мек и гладък като коприна. Финалът е типичен за марката, без да става натрапчив, той е завършващ с акумулиращия ефект от предишните две третини. И чувство за пълнота, разбира се. Подходяща за последна, завършваща пура.','0.000000','','2011-11-02',1,0,0,NULL,'lb',NULL,'in',NULL,'in',NULL,'in','0.000000',0,NULL,'DEFAULT'),(69,1,'Punch Coronation','punch-coronation','punch-coronation','','Обвивният лист с цвят Колорадо кларо е нежен на допир и с перфектна текстура на тютюневия лист, подредена и симетрична. Марева означава малка Корона, но това далеч не се отнася за времето за пушене на `Коронованата особа` на Punch. Ако тази пура не се `форсира`, може да гори без да изгасне нито веднъж в продължение на 55 минути! Поради своя лек и цветен темперамент и подходящ формат - Coronation е чудесен избор за широк кръг фенове. Началото е сладникаво и подчертано флорално, като първоначалното усещане е за прясно окосена трева, както и за горяща млада дървесина. Земните вкусове се преакцентират във втората половина в тютюн/кедър. Следват нотките на препечени ядки, кафе, цитруси, млечен шоколад, като кулминацията е в стила на големите Хавански пури: експлозивна, ексцентрична и богата.','0.000000','','2011-11-02',1,0,0,NULL,'lb',NULL,'in',NULL,'in',NULL,'in','0.000000',0,NULL,'DEFAULT'),(70,1,'Punch Punch','punch-punch','punch-punch','','Комплексна пура, която въпреки не големия си формат оставя силно усещане за тютюн, примесен с лек привкус на подправки. След прекъсване от почти две години Punch Punch e oтново на българския пазар. Този път с „нови одежди” – тъмнозелен метален тубос, който придава на тази прекрасна витола завършеност. Гори без особен проблем от началото до края, с балансиран константен дим и сива пепел. Подходяща пура за финал на вечерта или бурно начало на нощния купон. Витола, която при първата дегустация не само няма да Ви остави равнодушни, но ще имате усещането си, въпреки опита си, че за първи път опитвате Хаванска пура. Това е така, защото изненадите в този обещаващ и елитарен habano са много. Част от тях е необичайният вкус, сладникав и меден в началото, който става такъв и към края. Пура за специални поводи!','0.000000','','2011-11-02',1,0,0,NULL,'lb',NULL,'in',NULL,'in',NULL,'in','0.000000',0,NULL,'DEFAULT'),(71,1,'Cuaba Exclusivos','cuaba-exclusivos','cuaba-exclusivos','','Комплексна пура, която въпреки не големия си формат оставя силно усещане за тютюн, примесен с лек привкус на подправки. Особено ясни изразени, както никъде другаде в каталога на Habanos, са нотките на препечени ядки, най-вече орехови, бадемови и кедрови, които грабват от самото начало, за да интензифицират в края, оставяйки усещане за бонбони от тъмен шоколад с ядки асроти. Очаквано, заради двойнофигуралния формат е по-стегната, но въпреки това се откроява с не лоша пропускливост. Гори без особен проблем от началото до края, с балансиран константен дим и сива пепел. Най-трудната за изготвяне заострена пура поради несиметричната си форма и тумбаче, което следва да бъде на точния милиметър. Единици са онези торседори, които имат правото, а и таланта, да приготвят двойнофигуралните бижута за пушене на Cuaba.','0.000000','','2011-11-02',1,0,0,NULL,'lb',NULL,'in',NULL,'in',NULL,'in','0.000000',0,NULL,'DEFAULT'),(72,1,'Por Larranaga Montecarlos','por-larranaga-montecarlos','por-larranaga-montecarlos','','Лека пура, в уникален формат, която е чудесно начало за тези, които тепърва посягат към кубинските пури. Тревните нотки са доста застъпени в Montecarlo, а това я прави предпочитана и от дами. Комбинирайте я с лек коктейл или безалкохолно, за да успеете да усетите истинския й характер.','0.000000','','2011-11-02',1,0,0,NULL,'lb',NULL,'in',NULL,'in',NULL,'in','0.000000',0,NULL,'DEFAULT'),(73,1,'Rafael Gonzalez Panetelas Extra','rafael-gonzalez-panetelas-extra','rafael-gonzalez-panetelas-extra','','Rafael Gonzalez е създадена през 1936.\r\n</br>Именно тази марка пуска първа на пазара галерията Сервантес (165mm и 42 калибър), която в началото се е казвала Лонсдейл. Кръстена е на името на лорд Лонсдейл, известен английски граф (любител на спорта) и ценител на пурите по онова време. На капака на всяка кутия е изписан един много интересен надпис на английски, който гласи, че е препоръчително пурите да бъдат изпушени до 1 месец след транспортирането им от Куба, в противен случай трябва да бъдат съхранявани много внимателно в продължение на година.\r\n</br></br>Лека пура, която е чудесно начало за тези, които тепърва посягат към кубинските пури. Сладките и дървесните нотки са доста застъпени в Panetela Extra, а това я прави подходяща и за дами. Комбинирайте я с лек коктейл или безалкохолно, за да усетите истинския и характер.','0.000000','','2011-11-02',1,0,0,NULL,'lb',NULL,'in',NULL,'in',NULL,'in','0.000000',0,NULL,'DEFAULT'),(74,1,'Jose L. Piedra Cazadores','jose-l-piedra-cazadores','jose-l-piedra-cazadores','','Една от най-новите пури в портфолиото на „Калиман Карибе”. Прекрасна витола, на достъпна цена, която може да насити и най-страстния пушач. Лека с тревисти нотки и перфектна проводимост. Предлага се в кутия от пет броя, което я прави още по-привлекателна за всекидневна употреба.','0.000000','','2011-11-02',1,0,0,NULL,'lb',NULL,'in',NULL,'in',NULL,'in','0.000000',0,NULL,'DEFAULT'),(75,1,'Bolivar Royal Corona','bolivar-royal-corona','bolivar-royal-corona','','В началото, до представянето си през 1973 г. като Royal Corona, тази витола е носила името на британския престолонаследник Принц Чарлз. Най-харесваната пура на марката, каквото и да се каже за нея ще е малко. Най-продаваният Bolivar в световен мащаб, който има дързостта да се конкурира с класиките в този размер – Cohiba Robusto и Partagas Serie D N4.\r\n</br></br>Тази витола е подходяща за хора, които не се притесняват да посегнат към нещо силно. Изпъква с уникални дървесни и земни нотки и аромати на подправки, които не са присъщи за другия най-популярен формат на марката Belicoso Fino. Пура с интензивна горимост, доминираща и пиперлива, може да Ви подкоси краката, ако сте прибързан пушач.\r\n</br></br>Royal Corona е представена в червен алуминиев тубос, което напоследък е все по-често срещана и удобна практика на Habanos.','0.000000','','2011-11-02',1,0,0,NULL,'lb',NULL,'in',NULL,'in',NULL,'in','0.000000',0,NULL,'DEFAULT'),(76,1,'Bolivar Belicosos Fino','bolivar-belicosos-fino','bolivar-belicosos-fino','','Belicoso Finos e лицето на Bolivar. Със силно изразените си дървесни нотки тази прекрасна витола изненадва дори най-любознателните почитатели на кубинските пури, които я опитват за първи път. Димът й е плътен и насищащ от началото до края. Във втората половина на това бижу на Bolivar могат да бъдат открити плодови аромати, подправки, които по уникален начин напомнят за кулинарни специалитети от Близкия изток. Проводимостта й е отлична, а препоръката е да я опитате след вечеря или в комбинация с чисто кубинско кафе. В едно се съчетават типичните за марката горчиво-матови и пиперливи усещания, като финалът е доминиращ, експлозивен и изключително насищащ. Много подходяща за последна, завършваща пура в комбинация със силно и любимо питие, по възможност с неотмиващо небцето тяло и остър вкус.','0.000000','','2011-11-02',1,0,0,NULL,'lb',NULL,'in',NULL,'in',NULL,'in','0.000000',0,NULL,'DEFAULT'),(77,1,'H.Upmann Noellas','h-upmann-noellas','h-upmann-noellas','','За нас е чест, че изключителната линия “La Casa del Habano”, представена в настоящото ревю, може да зарадва българския почитател с още едно, този път съвсем ново попълнение: H. Upmann Noellas. След близо 30-годишно прекъсване на тази витола, Habanos възкреси тяхната история в ювелирния умидор на благотворителния търг от Фестивала на пурата миналата година. Умидорът се продаде за рекордна сума, която по традиция се дарява в помощ на кубинската здравна система. \r\n</br></br>Сега обаче, витола Noellas заема своето самостоятелно място под бренда ONLY LCH. Форматът й е Cosacos, който българският сигарафисионадо познава от витола Cosacos на марката Fonseca. Пурите са 25 на брой и са в красив стъклен умидор, в чиито ретро дизайн може да се долови носталгия по миналото. Освен че е ново попълнение, чест за всяка колекция, H. Upmann Noellas ще бъде и силно ограничен като бройка: едва 5000 за цял свят. Българският потребител е един от малкото, които ще могат да се порадват на това красиво колекционно изделие.','0.000000','','2011-11-03',1,0,0,NULL,'lb',NULL,'in',NULL,'in',NULL,'in','0.000000',0,NULL,'DEFAULT'),(78,1,'Bolivar Gold Medal','bolivar-gold-medal','bolivar-gold-medal','','Исторически първи представител на ONLY La Casa del Habano линията в България. \r\n</br>\r\nХарактеризира се със специален пръстен от златисто фолио, покриващ този разкошен Серванте. Тази витола в този й вид е проектирана в чест на Хосе Роча, създал марката Bolivar в 1901 г. По онова време той държал фолиото, обграждащо образа на С. Боливар върху литографията на всички кутии от марката да се състои от частици злато. Когато през 1992 г. медта става силно дефицитна в Куба, витола Голд Медал е спряна от производство. Но не и желанието на афисионадос от цял свят да държат в ръцете си този горд, силен и завладяващ Боливар. \r\n</br></br>\r\nДнес всички пури `под зоркия поглед на Освободителя` се произвеждат във фабриката Партагас в Хавана, като в съответствие с характера на историческата фигура, чието име носят, те се отличават с индивидуалността и силата на своя вкус. „Златният медал“ не е изключение от това правило, но е единствената пура под името Bolivar, която се предлага ексклузивно в бутиците La Casa del Habano.','-1.000000','','2011-11-03',1,0,0,NULL,'lb',NULL,'in',NULL,'in',NULL,'in','1.000000',0,NULL,'DEFAULT'),(79,1,'La Gloria Cubana Inmensos','la-gloria-cubana-inmensos','la-gloria-cubana-inmensos','','Цели седем представителя на ексклузивната линия La Casa del Habano в България! С такова число могат да се похвалят малко къщи по света. А толкова много заложени големи заявки има в тази нова витола, че не знам откъде да започна. Може би от това, че единствените издания под име на витола Сюблим, са само 2 (без да броим регионалното издание, то все пак е по усмотрение на местния дистрибутор). Когато говорим за Cohiba Sublimes EL 2004, знаем, че това е изделие, което завинаги промени хода на лимитираните издания, превръщайки ги в най-ексклузивните предложения за годината. Това е и пурата, която се “радва” на най-много опити за фалшификация. (Поради причини, за които всички се досещаме). А стане ли дума за Montecristo Sublimes EL 2008, то българските потребители са добре запознати с тази невероятна витола. Нейната мекота, дълбочина и в същото време бързина и лекота при пушене, тъй характерни за “темперамента Монтекристо”, я превърнаха в един от фаворитите за сезона 2008-2009. Онези от Вас, които предвидливо положиха в своя умидор “Сюблимци” на Montecristo знаят, че в своята кутия за бижута са оставили сребро, а след някоя и друга година под капака ще намерят чисто злато. \r\n</br></br>\r\nИмето на новата витола, специализирана за продажба само във веригата La Casa del Habano, е нова заявка за качество и удоволствие, но и нова, огромна отговорност. Защото Inmensa означава “огромна” и ако за “Gloria cubana” или славата на Куба това е неоспорим факт, то за новото изкушение това е въпрос на себедоказване. Надяваме се и тази витола да заслужи своята почит, така както славата на българските фумадорес на ценители с вкус и усет ще обиколи habanos света с новото, българско регионално издание – Bolivar 681.','0.000000','','2011-11-03',1,0,0,NULL,'lb',NULL,'in',NULL,'in',NULL,'in','0.000000',0,NULL,'DEFAULT'),(80,1,'Partagas Salomones','partagas-salomones','partagas-salomones','','Специално за La Casa del Habano, нестандартния формат: Саломон. Този размер пресъздава стила на пурите съществувал през 19-ти век, когато заострените в двата края пури излизат на мода. Смята се, че оформлението на двата края на пурата е произведение на изкуството при създаването на пури, тъй като само най-добрите, опитни и виртуозни торседори имат правото да правят такива формати.  \r\n</br></br>\r\nPartagas Salomones e и единствената витола, която е „израстнала“ от серийна в Регионално издание и след това в Специализирано. Първи се осмеляват германските habanos специалисти като през 1995 г. поръчват ексклузивно за немския пазар големи количества от тях. За да не дискриминира другите пазари, чак 2003 г. Habanos предлага и на други големи национални дистрибутори свои подобни `географски лимитади`. Така се ражда невероятното явление Регионално издание, каквито цели две следващата година ще имаме и в България! Отчасти, този успех всички ние, любителите на най-добрите пури в света, дължим на Саломонес.','0.000000','','2011-11-03',1,0,0,NULL,'lb',NULL,'in',NULL,'in',NULL,'in','0.000000',0,NULL,'DEFAULT'),(81,1,'Estuche X Festival','estuche-x-festival','estuche-x-festival','','Montecristo <b>Edmundo</b> (Ринг 52 x 135 mm)\r\n</br>Trinidad <b>Robustos Extra</b> (Ринг 50 x 155 mm)\r\n</br>Cohiba Maduro 5 <b>Genios</b> (Ринг 52 x 140 mm)\r\n</br>H.Upmann <b>Magnum 50</b> (Ринг 50 x 160 mm)\r\n</br>Romeo y Julieta <b>Short Churchills</b> (Ринг 50 x 124 mm)\r\n</br>Hoyo de Monterrey <b>Epicure Especial</b> ( 50 x 141 mm)\r\n</br>Partagás <b>Serie P No 2</b> (Ринг 52 x 156 mm)\r\n</br>Cohiba <b>Siglo VI</b> (Ринг 52 x 150 mm)\r\n</br>San Cristóbal de la Habana <b>Mercaderes</b> (Ринг 48 x 167 mm)\r\n</br>Cuaba <b>Generosos</b> (Ринг 42 x 132 mm)\r\n</br></br>\r\nГодишният фестивал Habanos безспорно е фокус и кулминация на най-големите събития в света на пурите. Триумф на лукса и разкоша и в същото време, типично по кубински, „пълна победа“ на справедливостта в благотворителния търг, средствата от който подпомагат кубинското здравеопазване. Събитието чества всяка година великолепието на световния посланик на Куба – El Habano.\r\nX Habanos Фестивал (февруари 2008 г.) отбеляза своята годишнина с онова, което правят най-добре: с най-хубавите пури в света! Фестивалната селекция включва 10-те топ предложения, лансирани през 10-те години на фестивала. Списъкът, разбира се, е повече от впечатляващ. Селекцията съдържа и едно ново предложение, неприсъстващо до момента на нашия пазар. Ексклузивността й се допълва и от ограничените количества на нейното производство: едва 20 000 броя за целия свят.\r\n</br></br>\r\nНалични за ценителите само във веригите „Casa del Habano“, както и в специално сертифицираните от Habanos - Германия бутикови къщи с логото „Habanos specialist“.','0.000000','','2011-11-03',1,0,0,NULL,'lb',NULL,'in',NULL,'in',NULL,'in','0.000000',0,NULL,'DEFAULT'),(82,1,'Romeo y Julieta Duke 2009','romeo-y-julieta-duke','romeo-y-julieta-duke','','Традицията на Romeo y Julieta и впечатляващият успех на EL 2007 на марката -  Escudos - превръщат Duke във фаворит за короната – „най-добра сред добрите”. Вече всички почитатели на внушителните формати могат да са спокойни – появи се нещо ново, специално и за да е по-интересно - по-дебело от всичко това, което сте пробвали досега. Остава само да се насладите на традиционния за марката леко пиперлив и в същото време едва доловимо шоколадов аромат, като трябва да сте спокойни, че въпреки габаритите си Duke е по-скоро средна като сила, подходяща за специален повод и успешен завършек на всяко сериозно начинание. Всичко това се дължи на по-дългия период на ферментация и отлежаване, както и на специалната селекция на по-тъмни листа от изкусителния нюанс Мадуро. Разбира се, Duke е пионер сред форматите, като се среща за първи път. Няма да се учудим, ако след някоя и друга година тази едисион лимитада капитализира вече изградения си образ в серийна пура, любима на много почитатели от цял свят.','0.000000','','2011-11-03',1,0,0,NULL,'lb',NULL,'in',NULL,'in',NULL,'in','0.000000',0,NULL,'DEFAULT'),(83,1,'Montecristo Grand Edmundo - 2010','montecristo-grand-edmundo','montecristo-grand-edmundo','','Информацията за новите лимитади за настоящата година е все още твърде оскъдна. Очакванията и трите да се появят някъде през лятото ни карат да бъдем любопитни какво са ни приготвили от Habanos. Засега е сигурно обаче, че Montecristo Grand Edmundo съдържа в себе си концепцията на едно подобрено и “тунинговано” Edmundo, което поне на тоя етап звучи доста обнадеждаващо. Форматът на новата лимитирана пура, обаче, не е производен на Едмундо. Той носи името Cañonazo, добре познато от една от най-успешните и харесвани витоли - “Кралицата” на Cohiba – завладяващата и изтънчена в същото време Siglo VI. А това е и единствената (преди тази лимитада) пура с този формат. С това залогът пред Grand Edmundo скача двойно – поне до линията на най-високите ни очаквания. Дали ще се оправдае и вкусово и естетически, предстои да разберем. Засега от Habanos обещават това да е един типичен Montecristo и дано да се окаже приятен подарък за фумадорес така, както е обвит с радващ сетивата мадуро обвивен лист.','0.000000','','2011-11-03',1,0,0,NULL,'lb',NULL,'in',NULL,'in',NULL,'in','0.000000',0,NULL,'DEFAULT'),(84,1,'Partagas Serie D Especial - 2010','partagas-serie-d-especial','partagas-serie-d-especial','','Както при Montecristo EL 2010, така и при Partagas Serie D Especial информацията, все още е неофициална и има по-скоро спекулативен характер. Едно е ясно, обаче: стане ли дума за Partagas и Edicion Limitada, съчетани в едно изречение, то това изречение ще стане любимо на мнозина, и не само на верните фенове на марката, но и отвъд тях. Последните две EL на Partagas го доказаха безспорно, като оставиха далеч зад себе си конкурентните лимитади по популярност и продажби. “D” серията на Partagas означава сила и комплексност на вкусовете, които така или иначе са характерни за марката. А формат Gordito – по-скоро баланс и универсалност. Тези две взаимно уравновесяващи се свойства определено ще привлекат голям брой и то силно привързани към новата супервитола на Partagas почитатели. Но да не забравяме, че Partagas означава гордост и традиция, а традицията на EL на марката е да правят най-изкусителните предложения за годината. В заключение, D Especial ще бъде една много, много обещаваща пура!','0.000000','','2011-11-03',1,0,0,NULL,'lb',NULL,'in',NULL,'in',NULL,'in','0.000000',0,NULL,'DEFAULT'),(85,1,'H.Upmann Robustos 2007','h-upmann-robustos-2007','h-upmann-robustos-2007','','След като линията Travel Retail прави своя дебют навръх летния сезон в Кан през август 2006 г. с преносимия умидор, съдържащ 10 Montecristo Edmundo, през следващата 2007 г. да поеме щафетата се пада на H. Upmann. Стремглаво набираща сила марка по онова време, H. Upmann не опровергава успеха си, а още веднъж изненадва, този път в сектора на преносимите селекции. Изборът на витола се спира на Робусто и това е първият в историята на марката представител на този формат. Комплексността и универсалността на “формата на форматите” и надеждите на почитателите на марката именно за такъв формат се сбъдват 2 в 1, защото H. Upmann Robustos Travel Retail 2007 идва в невероятна кутия от мека кожа отвън и нежен и ароматен кедър отвътре. \r\nСуперлуксозната кутия съдържа 6 броя пури и усещането да държиш този травел е като да държиш най-скъпо струващото бижу на света. Макар и леко засилено като сила на вкуса и интензитет, това робусто е типично за марката: тревно, екзотично и с дъх на тропически подправки.','-3.000000','','2011-11-03',1,0,0,NULL,'lb',NULL,'in',NULL,'in',NULL,'in','3.000000',0,NULL,'DEFAULT'),(86,1,'Travel Retail Selection Pack 2008','travel-retail-selection-pack-2008','travel-retail-selection-pack-2008','','Petit Edmundo de Montecristo (ринг 52 х 110 mm); Romeo y Julieta Short Churchills (ринг 50 х 124 mm); Petit Robusto de Hoyo de Monterrey (ринг 50 х 102 mm).\r\n</br></br>\r\nТретото издание на най-практичната и удобна линия, лансирана от Habanos. Тя отново е предназначена за любителите, които често са на път. Където и да сте, Вашите любими пури са с Вас, благодарение на Travel Retail. Както винаги, изделията от тази линия съдържат доказали се, любими на феновете habanos, като тази година те съдържат малкото Едмундо на Монте, суперробустото на Ромео, както и единствената серийна витола във формат пети робусто - това на Hoyo.\r\n</br><br>\r\nЗатягането на регулаторните режими за пушене, главно в Европа, както и забързаният начин на активния пушач изкараха на преден план къси, но дебели формати, за да не се взима от удоволствието за сметка на времето за пушене. Сега обаче, Habanos изкараха с Travel Retail Selection и нещо съвсем неочаквано. Те се явиха и като разработчици и се справиха повече от добре и с тази задача: добре познатите ти шорт витолас са обвити в тубоси, които поддържат собствена овлажнителна система, както и са снабдени с пънч, при отвинтване на капачето.','0.000000','','2011-11-03',1,0,0,NULL,'lb',NULL,'in',NULL,'in',NULL,'in','0.000000',0,NULL,'DEFAULT'),(87,1,'Partagas Serie P N1 2009','partagas-serie-p-n1-2009','partagas-serie-p-n1-2009','','Последният и най-актуален подарък, с който от отдел „Travel Retail“ зарадваха почитателите на Habanos и на дългите пътувания. За втори път изделие от тази суперуспешна ниша, порцелановата кутия на фигуралните Partagas P N 1, бе представена във фестивалния град Кан, Франция. Тепърва очакваме да се появи това издание на марката, която при всяко ново лимитирано или специализирано издание се справя все по-добре. Затова информацията за самата витола все още е много оскъдна, но онова, което се знае е, че е с формат пети пирамиде, т.е. леко къса и леко по-тънка от класическата пирамида. А „класическа пирамида“ сякаш лепне за „Партагас“, тъй като Serie P N2 е най-добре продаваната пура с формат пирамиде. Красивата порцеланова кутия ще бъде решена в черен цвят, подобно на фейслифта на P N2 на марката, като ще съдържа 25 пури от новия формат. От Habanos уверяват, че по своите дегустационни и вкусови качества, това ще е типичен Партагас, така че мнозина би следвало да останат доволни от новата изненада.','0.000000','','2011-11-03',1,0,0,NULL,'lb',NULL,'in',NULL,'in',NULL,'in','0.000000',0,NULL,'DEFAULT'),(88,1,'San Cristobal','san-cristobal','san-cristobal','','Уникалната серия Habanos Collection продължава да радва почитателите на специалните издания кубински пури. В края на 2009 г. дойде ред и на една от най-бързоразвиващите се марки – San Cristobal de la Habana да се изяви и да покаже защо е любима на всички, независимо от пол, възраст или вкусови предпочитания.\r\n</br></br>Причината е и в 10-годишния юбилей на бранда, чийто дебют е промотиран в навечерието на новото хилядолетие през 1999 г. Уникалната кутия съдържа 20 пури от непознатата досега галерия – O’Reilly, като очакванията са този продукт да разбие всякакви рекорди за най-кратко задържане на пазара. И тази година, както през 2008-а книгата ще е в тираж 1000 бройки, което правят докосването до нея още по-ценно.\r\n</br></br>O’Reilly е третата книга от суперколекционната линия на Habanos. Носи името на улица в Хавана, която е в един от най-красивите старинни квартали на града. Дължината й е 160 мм, а дебелината на ринга – 56, което автоматично я превръща в най-внушителната витола от клана San Cristobal. ','0.000000','','2011-11-03',1,0,0,NULL,'lb',NULL,'in',NULL,'in',NULL,'in','0.000000',0,NULL,'DEFAULT'),(89,1,'Montecristo Humidor Replica 2009','montecristo-humidor-replica-2009','montecristo-humidor-replica-2009','','Още с представянето си на Habanos фестивала през 2009 г. репликата предизвика желанията на стотици сигарафисионадос по света. Традицията да се изработват реплики на прочути ювелирни кутии в ограничени количества и с пури в уникален формат, печели все повече изискани почитатели, които желаят да колекционират и дегустират частица от историята на Хаванската пура. Допълнителен щрих към екслклузивитета на настоящото бижу внася и фактът, че „Ел Умидор Антигуо” се предлага само в специализираните бутици от веригата La Casa del Habano и то едва в 350 екземпляра.\r\n</br></br>\r\nТози уникален античен умидор побира 50 пури от галерия Corona Doble (ринг 49 и дължина 194 мм), които не се предлагат серийно и са изработено специално по този повод, с тютюн селектиран от долината на „мечтите”– Вуелта Абахо.\r\n</br></br>\r\nРепликата е изваяна от кедър и махагон, като нейн автор е кубинския бижутер Ернесто Агилера. Съименникът на Че Гевара е и човекът, който прави репликите на Romeo Y Julieta (2008), H. Upmann (2007) и Partagás (2006).','0.000000','','2011-11-03',1,0,0,NULL,'lb',NULL,'in',NULL,'in',NULL,'in','0.000000',0,NULL,'DEFAULT'),(90,1,'Seleccion Piramides','seleccion-piramides','seleccion-piramides','','Представена преди повече от шест години селекцията от пирамиди продължава да е сред най-актуалните travel set на Habanos. Невероятна комбинация от петте най-популярни марки събрани в елегантна кедрова кутия с овлажнител.\r\n</br></br>\r\nЛюбопитно е, че при представянето на Cohiba Selection Piramides четири от пурите в нея правят своя дебют. Единствената, която вече е била позната е класиката Montecristo N2.','0.000000','','2011-11-03',1,0,0,NULL,'lb',NULL,'in',NULL,'in',NULL,'in','0.000000',0,NULL,'DEFAULT'),(91,1,'Seleccion Robustos','seleccion-robustos','seleccion-robustos','','Habanos S.A. с гордост представя  кутията The Selección Robusto. Това е един изискан продукт, изцяло ръчна изработка със специално подбрани листа от района на Vuelta Abajo.\r\nФорматът Robustо (124 mm дължина, 50 ринг) е един от най-добре приеманите формати сред любителите на Habanos.\r\n</br></br>Новата кутия съдържа 5 Robustos пури от най-популярните брендове на Habanos: Cohiba, Montecristo, Romeo y Julieta, Partagás y Hoyo de Monterrey. Тук новост са пурите Romeo y Julieta и Montecristo с формат Robusto, който не е типичен за тях.\r\n<br></br>Друга изненада е и новата лента на Hoyo de Monterrey Epicure No 2.\r\n</br></br>Кутията съдържа още овлажнител, който гарантира запазване на перфектно състояние на пурите, постигнато при оптимална температура и влажност.','0.000000','','2011-11-03',1,0,0,NULL,'lb',NULL,'in',NULL,'in',NULL,'in','0.000000',0,NULL,'DEFAULT'),(92,1,'Compay','compay','compay','','Това е втория по големина формат (след пуритос). Името му е типичен за източна Куба израз, който означава “приятел”.','0.000000','','2011-11-03',1,0,0,NULL,'lb',NULL,'in',NULL,'in',NULL,'in','0.000000',0,NULL,'DEFAULT'),(93,1,'Cristales','cristales','cristales','','5 броя в кутия. Това е най-големият формат. Тя се предлага в предпазваща прозрачна туба и е чудесен подарък за добри приятели. Подходяща за любителите на леките кубински пури.','0.000000','','2011-11-03',1,0,0,NULL,'lb',NULL,'in',NULL,'in',NULL,'in','0.000000',0,NULL,'DEFAULT'),(94,1,'Decimos','decimos','decimos','','Името на този формат идва от десетстишния формат на строфите в едноименната песен – източникът, вдъхновил създаването на марката.','0.000000','','2011-11-03',1,0,0,NULL,'lb',NULL,'in',NULL,'in',NULL,'in','0.000000',0,NULL,'DEFAULT'),(95,1,'Puritos','puritos','puritos','','Най-малкият размер на марката, присъединил се към фамилията от мини пури, които напоследък са силно застъпени в портфолиото на Habanos s.a.','0.000000','','2011-11-03',1,0,0,NULL,'lb',NULL,'in',NULL,'in',NULL,'in','0.000000',0,NULL,'DEFAULT'),(96,1,'Belinda','belinda','belinda','','Белинда е създадена през 90-те години на 19 век. Популярната марка е в разцвета си между Първата и Втората световна война. Пурата е била любимия бренд на американския комик Groucho Marx.\r\n</br></br>Всички пури от бренда Белинда са изработени по метода mecanizado – машинни пури със среден размер с тютюн от региона Vuelta Abajo, който тютюн се смята за неподходящ за изработката на „tripa larga, totalmente a mano” – пури от дълги тютюневи листа, изцяло изработени на ръка.','0.000000','','2011-11-03',1,0,0,NULL,'lb',NULL,'in',NULL,'in',NULL,'in','0.000000',0,NULL,'DEFAULT'),(97,1,'Cohiba Mini','mini','mini','','100% кубински тютюн.\r\nМного красив, копринено нежен обвивен лист; изключително добра изработка с подходяща компактност. Кадифена, изискана, с фин аромат и леко пикантна пурета от най-висок клас. С богат вкус, кадифени шоколадови нотки и аромат на кафе. Перфектна хармония и конструкция – една истинска Хавана.','0.000000','','2011-11-03',1,0,0,NULL,'lb',NULL,'in',NULL,'in',NULL,'in','0.000000',0,NULL,'DEFAULT'),(98,1,'Montecristo Mini ','montecristo-mini','montecristo-mini','','100% кубински тютюн.</br>\r\nСпецифичен грапав обвивен лист, наситен пикантен вкус със земни и кедрови нюанси, компактен и силен аромат. Чудесно балансирана пурета със силен характер. Кубинска класика. \r\n100% кубински тютюн.</br>\r\nНаситен пикантен вкус с аромат на канела и силен, леко горчив дъх на земя.\r\n','0.000000','','2011-11-03',1,0,0,NULL,'lb',NULL,'in',NULL,'in',NULL,'in','0.000000',0,NULL,'DEFAULT'),(99,1,'Partagas Mini ','partagas-mini','partagas-mini','','100% кубински тютюн. </br>\r\nДобра изработка, пурета, която определено прави впечатление. Типично кубинска, мека и ароматна.\r\n','0.000000','','2011-11-03',1,0,0,NULL,'lb',NULL,'in',NULL,'in',NULL,'in','0.000000',0,NULL,'DEFAULT'),(100,1,'Cohiba Club','cohiba-club','cohiba-club','','Много красив, копринено нежен обвивен лист; изключително добра изработка с подходяща компактност. Кадифена, изискана, с фин аромат и леко пикантна пурета от най-висок клас. \r\nДоставят истинско удоволствие, защото са 100% кубински тютюн с 100% натурален произход.','0.000000','','2011-11-03',1,0,0,NULL,'lb',NULL,'in',NULL,'in',NULL,'in','0.000000',0,NULL,'DEFAULT'),(101,1,'Montecristo Club','montecristo-club','montecristo-club','','100% кубински тютюн.</br>\r\nСпецифичен грапав обвивен лист, наситен пикантен вкус със земни и кедрови нюанси, компактен и силен аромат. Чудесно балансирана пурета със силен характер. Истинска Кубинска класика.','3.000000','','2011-11-03',1,0,0,NULL,'lb',NULL,'in',NULL,'in',NULL,'in','0.000000',0,NULL,'DEFAULT'),(102,1,'Partagas Club','partagas-club','partagas-club','','100% кубински тютюн.</br>\r\nДобра изработка, пурета, която определено прави впечатление. Типично кубинска, мека и ароматна, тя напомня много на лека малка пура.','0.000000','','2011-11-03',1,0,0,NULL,'lb',NULL,'in',NULL,'in',NULL,'in','0.000000',0,NULL,'DEFAULT'),(103,1,'Romeo y Julieta Club','romeo-y-julieta-club','romeo-y-julieta-club','','100% кубински тютюн.</br>\r\nНаситен пикантен вкус с аромат на канела и силен, леко горчив дъх на земя.','0.000000','','2011-11-03',1,0,0,NULL,'lb',NULL,'in',NULL,'in',NULL,'in','0.000000',0,NULL,'DEFAULT'),(104,1,'Partagas Chicos','partagas-chicos','partagas-chicos','','100% кубински тютюн.</br>\r\nДобра изработка, пурета, която определено прави впечатление. Типично кубинска, мека и ароматна.','0.000000','','2011-11-03',1,0,0,NULL,'lb',NULL,'in',NULL,'in',NULL,'in','0.000000',0,NULL,'DEFAULT'),(105,1,'Romeo i Julieta Puritos','romeo-i-julieta-puritos','romeo-i-julieta-puritos','','100% кубински тютюн.</br>\r\nНаситен пикантен вкус с аромат на канела и силен, леко горчив дъх на земя.','0.000000','','2011-11-03',1,0,0,NULL,'lb',NULL,'in',NULL,'in',NULL,'in','0.000000',0,NULL,'DEFAULT'),(209,1,'Classic Blue','classic-blue','classic-blue','','Бленд от тъмен Виржиния в балансиран микс с отбрани Бърлей и Ориенталски.\r\n</br></br>\r\n<b>24 g</b>','0.000000','','2011-11-18',1,0,0,NULL,'kg',NULL,'cm',NULL,'cm',NULL,'cm','0.000000',0,NULL,'DEFAULT'),(210,1,'Classic Bright Red Tin','classic-bright-red-tin','classic-bright-red-tin','','Бленд от светъл Виржиния в отлична комбинация с Бърлей и Ориенталски тютюни.\r\n\r\n</br></br><b>110 g</b>','0.000000','','2011-11-18',1,0,0,NULL,'kg',NULL,'cm',NULL,'cm',NULL,'cm','0.000000',0,NULL,'DEFAULT'),(211,1,'Classic Red','classic-red','classic-red','','Бленд от светъл Виржиния в балансирано съчетание с Бърлей и Ориенталски тютюни.\r\n</br></br>\r\n<b>24 g</b>','0.000000','','2011-11-18',1,0,0,NULL,'kg',NULL,'cm',NULL,'cm',NULL,'cm','0.000000',0,NULL,'DEFAULT'),(111,1,'Villiger Premium N1 Sumatra','villiger-premium-n1-sumatra','villiger-premium-n1-sumatra','','','0.000000','','2011-11-07',1,0,0,NULL,'lb',NULL,'in',NULL,'in',NULL,'in','0.000000',0,NULL,'DEFAULT'),(112,1,'Villiger Premium N7 Sumatra','villiger-premium-n7-sumatra','villiger-premium-n7-sumatra','','','0.000000','','2011-11-07',1,0,0,NULL,'lb',NULL,'in',NULL,'in',NULL,'in','0.000000',0,NULL,'DEFAULT'),(113,1,'Villiger Premium N3 Sumatra','villiger-premium-n3-sumatra','villiger-premium-n3-sumatra','','','0.000000','','2011-11-07',1,0,0,NULL,'lb',NULL,'in',NULL,'in',NULL,'in','0.000000',0,NULL,'DEFAULT'),(114,1,'Villiger Premium N8 Aromatic','villiger-premium-n8-aromatic','villiger-premium-n8-aromatic','','','0.000000','','2011-11-07',1,0,0,NULL,'lb',NULL,'in',NULL,'in',NULL,'in','0.000000',0,NULL,'DEFAULT'),(115,1,'Agio Tip Filter','agio-tip-filter','agio-tip-filter','','','0.000000','','2011-11-07',1,0,0,NULL,'lb',NULL,'in',NULL,'in',NULL,'in','0.000000',0,NULL,'DEFAULT'),(116,1,'Agio Sweet Tip ','agio-sweet-tip','agio-sweet-tip','','','0.000000','','2011-11-07',1,0,0,NULL,'lb',NULL,'in',NULL,'in',NULL,'in','0.000000',0,NULL,'DEFAULT'),(117,1,'Agio Clair Tip','agio-clair-tip','agio-clair-tip','','','0.000000','','2011-11-07',1,0,0,NULL,'lb',NULL,'in',NULL,'in',NULL,'in','0.000000',0,NULL,'DEFAULT'),(118,1,'Mehari`s Sweet Orient Filter','mehari-s-sweet-orient-filter','mehari-s-sweet-orient-filter','','','0.000000','','2011-11-07',1,0,0,NULL,'lb',NULL,'in',NULL,'in',NULL,'in','0.000000',0,NULL,'DEFAULT'),(119,1,'Mahari’s Sweet Orient Filter Tin','maharis-sweet-orient-filter-tin','maharis-orient-filter-tin','','','0.000000','','2011-11-07',1,0,0,NULL,'lb',NULL,'in',NULL,'in',NULL,'in','0.000000',0,NULL,'DEFAULT'),(120,1,'Mahari’s Java','maharis-java','maharis-java','','','0.000000','','2011-11-07',1,0,0,NULL,'lb',NULL,'in',NULL,'in',NULL,'in','0.000000',0,NULL,'DEFAULT'),(121,1,'Mahari’s Ecuador','maharis-ecuador','maharis-ecuador','','','0.000000','','2011-11-07',1,0,0,NULL,'lb',NULL,'in',NULL,'in',NULL,'in','0.000000',0,NULL,'DEFAULT'),(122,1,'Mahari’s Sweet Orient','maharis-sweet-orient','maharis-sweet-orient','','','0.000000','','2011-11-07',1,0,0,NULL,'lb',NULL,'in',NULL,'in',NULL,'in','0.000000',0,NULL,'DEFAULT'),(123,1,'Mahari’s Brasil','maharis-brasil','maharis-brasil','','','0.000000','','2011-11-07',1,0,0,NULL,'lb',NULL,'in',NULL,'in',NULL,'in','0.000000',0,NULL,'DEFAULT'),(124,1,'Panter Dessert Filter','panter-dessert-filter','panter-dessert-filter','','','0.000000','','2011-11-08',1,0,0,NULL,'lb',NULL,'in',NULL,'in',NULL,'in','0.000000',0,NULL,'DEFAULT'),(125,1,'Panter Arome','panter-arome','panter-arome','','','0.000000','','2011-11-08',1,0,0,NULL,'lb',NULL,'in',NULL,'in',NULL,'in','0.000000',0,NULL,'DEFAULT'),(126,1,'Panter Blue','panter-blue','panter-blue','','','0.000000','','2011-11-08',1,0,0,NULL,'lb',NULL,'in',NULL,'in',NULL,'in','0.000000',0,NULL,'DEFAULT'),(127,1,'Panter Small','panter-small','panter-small','','','0.000000','','2011-11-08',1,0,0,NULL,'lb',NULL,'in',NULL,'in',NULL,'in','0.000000',0,NULL,'DEFAULT'),(128,1,'Panter Sprint','panter-sprint','panter-sprint','','','0.000000','','2011-11-08',1,0,0,NULL,'lb',NULL,'in',NULL,'in',NULL,'in','0.000000',0,NULL,'DEFAULT'),(129,1,'Panter Senoritas','panter-senoritas','panter-senioritas','','','0.000000','','2011-11-08',1,0,0,NULL,'lb',NULL,'in',NULL,'in',NULL,'in','0.000000',0,NULL,'DEFAULT'),(130,1,'Villiger Premium Honey Filter','villiger-premium-honey-filter','villiger-premium-honey-filter','','','0.000000','','2011-11-08',1,0,0,NULL,'lb',NULL,'in',NULL,'in',NULL,'in','0.000000',0,NULL,'DEFAULT'),(131,1,'Villiger Premium Vanilla Filter','villiger-premium-vanilla-filter','villiger-premium-vanilla-filter','','','0.000000','','2011-11-08',1,0,0,NULL,'lb',NULL,'in',NULL,'in',NULL,'in','0.000000',0,NULL,'DEFAULT'),(132,1,'Villiger Premium Whisky Filter','villiger-premium-whisky-filter','villiger-premium-whisky-filter','','','0.000000','','2011-11-08',1,0,0,NULL,'lb',NULL,'in',NULL,'in',NULL,'in','0.000000',0,NULL,'DEFAULT'),(133,1,'Villiger Premium Cherry Filter','villiger-premium-cherry-filter','villiger-premium-cherry-filter','','','0.000000','','2011-11-08',1,0,0,NULL,'lb',NULL,'in',NULL,'in',NULL,'in','0.000000',0,NULL,'DEFAULT'),(134,1,'Villiger Premium Coffee Filter','villiger-premium-coffee-filter','villiger-premium-coffee-filter','','','0.000000','','2011-11-08',1,0,0,NULL,'lb',NULL,'in',NULL,'in',NULL,'in','0.000000',0,NULL,'DEFAULT'),(135,1,'Villiger Premium Dark Chocolate Filter','villiger-premium-dark-chocolate-filter','villiger-premium-dark-chocolate-filter','','','0.000000','','2011-11-08',1,0,0,NULL,'lb',NULL,'in',NULL,'in',NULL,'in','0.000000',0,NULL,'DEFAULT'),(136,1,'Villiger Premium N6 Cherry','villiger-premium-n6-cherry','villiger-premium-n6-cherry','','','0.000000','','2011-11-08',1,0,0,NULL,'lb',NULL,'in',NULL,'in',NULL,'in','0.000000',0,NULL,'DEFAULT'),(137,1,'Villiger Premium N6 Honey','villiger-premium-n6-honey','villiger-premium-n6-honey','','','0.000000','','2011-11-08',1,0,0,NULL,'lb',NULL,'in',NULL,'in',NULL,'in','0.000000',0,NULL,'DEFAULT'),(138,1,'Villiger Rillos','villiger-rillos','villiger-rillos','','','0.000000','','2011-11-08',1,0,0,NULL,'lb',NULL,'in',NULL,'in',NULL,'in','0.000000',0,NULL,'DEFAULT'),(139,1,'Villiger Premium Whisky','villiger-premium-whisky','villiger-premium-whisky','','','0.000000','','2011-11-08',1,0,0,NULL,'lb',NULL,'in',NULL,'in',NULL,'in','0.000000',0,NULL,'DEFAULT'),(140,1,'Villiger Premium Vanilla','villiger-premium-vanilla','villiger-premium-vanilla','','','0.000000','','2011-11-08',1,0,0,NULL,'lb',NULL,'in',NULL,'in',NULL,'in','0.000000',0,NULL,'DEFAULT'),(141,1,'Villiger Premium Honey','villiger-premium-honey','villiger-premium-honey','','','0.000000','','2011-11-08',1,0,0,NULL,'lb',NULL,'in',NULL,'in',NULL,'in','0.000000',0,NULL,'DEFAULT'),(142,1,'Cohiba Mini','cohiba-mini','cohiba-mini','','100% кубински тютюн. Много красив, копринено нежен обвивен лист; изключително добра изработка с подходяща компактност. Кадифена, изискана, с фин аромат и леко пикантна пурета от най-висок клас. С богат вкус, кадифени шоколадови нотки и аромат на кафе. Перфектна хармония и конструкция – една истинска Хавана.\r\n','0.000000','','2011-11-08',1,0,0,NULL,'lb',NULL,'in',NULL,'in',NULL,'in','0.000000',0,NULL,'DEFAULT'),(143,1,'Montecristo Mini','montecristo-mini-1','montecristo-mini-1','','100% кубински тютюн. Специфичен грапав обвивен лист, наситен пикантен вкус със земни и кедрови нюанси, компактен и силен аромат. Чудесно балансирана пурета със силен характер. Кубинска класика.','0.000000','','2011-11-08',1,0,0,NULL,'lb',NULL,'in',NULL,'in',NULL,'in','0.000000',0,NULL,'DEFAULT'),(144,1,'Partagás Mini','partagas-mini-1','partagas-mini-1','','100% кубински тютюн. Добра изработка, пурета, която определено прави впечатление. Типично кубинска, мека и ароматна.','0.000000','','2011-11-08',1,0,0,NULL,'lb',NULL,'in',NULL,'in',NULL,'in','0.000000',0,NULL,'DEFAULT'),(145,1,'Cohiba Club','cohiba-club-1','cohiba-club-1','','Много красив, копринено нежен обвивен лист; изключително добра изработка с подходяща компактност. Кадифена, изискана, с фин аромат и леко пикантна пурета от най-висок клас. \r\nДоставят истинско удоволствие, защото са 100% кубински тютюн с 100% натурален произход.','0.000000','','2011-11-08',1,0,0,NULL,'lb',NULL,'in',NULL,'in',NULL,'in','0.000000',0,NULL,'DEFAULT'),(146,1,'Montecristo Club','montecristo-club-1','montecristo-club-1','','100% кубински тютюн. Специфичен грапав обвивен лист, наситен пикантен вкус със земни и кедрови нюанси, компактен и силен аромат. Чудесно балансирана пурета със силен характер. Истинска Кубинска класика.','0.000000','','2011-11-08',1,0,0,NULL,'lb',NULL,'in',NULL,'in',NULL,'in','0.000000',0,NULL,'DEFAULT'),(147,1,'Partagás Club','partagas-club-1','partagas-club-1','','100% кубински тютюн. Добра изработка, пурета, която определено прави впечатление. Типично кубинска, мека и ароматна, тя напомня много на лека малка пура.','0.000000','','2011-11-08',1,0,0,NULL,'lb',NULL,'in',NULL,'in',NULL,'in','0.000000',0,NULL,'DEFAULT'),(148,1,'Romeo y Julieta Club','romeo-y-julieta-club-1','romeo-y-julieta-club-1','','100% кубински тютюн. Наситен пикантен вкус с аромат на канела и силен, леко горчив дъх на земя.','0.000000','','2011-11-08',1,0,0,NULL,'lb',NULL,'in',NULL,'in',NULL,'in','0.000000',0,NULL,'DEFAULT'),(149,1,'Partagas Chicos','partagas-chicos-1','partagas-chicos-1','','100% кубински тютюн. Добра изработка, пурета, която определено прави впечатление. Типично кубинска, мека и ароматна.','0.000000','','2011-11-08',1,0,0,NULL,'lb',NULL,'in',NULL,'in',NULL,'in','0.000000',0,NULL,'DEFAULT'),(150,1,'Romeo y Julieta Puritos','romeo-y-julieta-puritos','romeo-y-julieta-puritos','','100 % кубински тютюн. Наситен пикантен вкус с аромат на канела и силен, леко горчив дъх на земя.','0.000000','','2011-11-08',1,0,0,NULL,'lb',NULL,'in',NULL,'in',NULL,'in','0.000000',0,NULL,'DEFAULT'),(151,1,'Clan Aromatic','clan-aromatic','clan-aromatic','','Blend: Опушен Виржиния, Бърлей, Черен Кавендиш, Латакия. \r\n</br></br>Привкус: Ароматно какао\r\n</br></br>B 3, AT 4, RN 3\r\n</br>Loose Cut\r\n</br></br><b>40 g</b>','-1.000000','','2011-11-08',1,0,0,NULL,'lb',NULL,'in',NULL,'in',NULL,'in','1.000000',0,NULL,'DEFAULT'),(152,1,'Clan Fine Aromatic','clan-fine-aromatic','clan-fine-aromatic','','Blend: Селектиран Виржиния. Мек Черен Кавендиш\r\n</br></br>Привкус: Пикантен и богат вкус\r\n</br></br>B 2, AT 3, RN 3\r\n</br>Loose Cut\r\n</br></br><b>40 g</b>','0.000000','','2011-11-08',1,0,0,NULL,'lb',NULL,'in',NULL,'in',NULL,'in','0.000000',0,NULL,'DEFAULT'),(153,1,'Clan Highland Gold','clan-highland-gold','clan-highland-gold','','Blend: Златен Виржиния, Подбран Бърлей, Черен Кавендиш.\r\n</br></br>Привкус: Сладък и богат вкус.\r\n</br></br>B 2, AT 3, RN 3\r\n</br>Loose Cut\r\n</br></br><b>40 g</b>','0.000000','','2011-11-08',1,0,0,NULL,'lb',NULL,'in',NULL,'in',NULL,'in','0.000000',0,NULL,'DEFAULT'),(154,1,'W. O. Larsen 1864','w-o-larsen-1864','w-o-larsen-1864','','Blend: Селектиран Виржиния, Бърлей от САЩ, Черен Кавендиш.\r\n</br></br>Привкус: Шоколад, айриш крийм и портокал.\r\n</br></br>B 2, AT 3, RN 3\r\n</br>Mixture Cut\r\n</br></br><b>100 g</b>','0.000000','','2011-11-08',1,0,0,NULL,'lb',NULL,'in',NULL,'in',NULL,'in','0.000000',0,NULL,'DEFAULT'),(155,1,'W. O. Larsen Classic','w-o-larsen-classic','w-o-larsen-classic','','Blend: Златен Виржиния, Подбран Черен Кавендиш.\r\n</br></br>Привкус: Ванилия и карамел.\r\n</br></br>B 2, AT 2, RN 2\r\n</br>Mixture Cut\r\n</br></br><b>100 g</b>','0.000000','','2011-11-08',1,0,0,NULL,'lb',NULL,'in',NULL,'in',NULL,'in','0.000000',0,NULL,'DEFAULT'),(156,1,'W. O. Larsen Signature','w-o-larsen-signature','w-o-larsen-signature','','Blend: Зрял Виржиния, Бърлей от Мексико, Мек Черен Кавендиш.\r\n</br></br>Привкус: Карамел, ягода и ванилия.\r\n</br></br>B 3, AT 3, RN 4\r\n</br>Mixture Cut\r\n</br></br><b>100 g</b>','0.000000','','2011-11-08',1,0,0,NULL,'lb',NULL,'in',NULL,'in',NULL,'in','0.000000',0,NULL,'DEFAULT'),(157,1,'W. O. Larsen Old Fashioned','w-o-larsen-old-fashioned','w-o-larsen-old-fashioned','','Blend: подбран Виржиния, Обработен Бърлей.\r\n</br></br>Привкус: Кленов сироп и шоколад.\r\n</br></br>B 3, AT 3, RN 3\r\n</br>Mixture Cut\r\n</br></br><b>100 g</b>','0.000000','','2011-11-08',1,0,0,NULL,'lb',NULL,'in',NULL,'in',NULL,'in','0.000000',0,NULL,'DEFAULT'),(158,1,'Stanwell Classic','stanwell-classic','stanwell-classic','','Blend: Зрял Виржиния, Подбран Бърлей и Виржиния, мек Черен Кавендиш.\r\n</br></br>Привкус: Аромат на синя слива.\r\n</br></br>B 3, AT 2, RN 2\r\n</br>Mixture Cut\r\n</br></br><b>50 g</b>','0.000000','','2011-11-08',1,0,0,NULL,'lb',NULL,'in',NULL,'in',NULL,'in','0.000000',0,NULL,'DEFAULT'),(159,1,'Stanwell Full Aroma','stanwell-full-aroma','stanwell-full-aroma','','Blend: Подбран Виржиния, Препечен Бърлей.\r\n</br></br>Привкус: Шоколад и ванилия.\r\n</br></br>B 2, AT 4, RN 3\r\n</br>Mixture, Rubbed Cut\r\n</br></br><b>50 g</b>','0.000000','','2011-11-08',1,0,0,NULL,'lb',NULL,'in',NULL,'in',NULL,'in','0.000000',0,NULL,'DEFAULT'),(160,1,'Stanwell Melange','stanwell-melange','stanwell-melange','','Blend: Черен Кавендиш, Препечен Бърлей, Ориенталски, Лек Виржиния.\r\n</br></br>Привкус: Кайсия и ванилия\r\n</br></br>B 2, AT 5, RN 5\r\n</br>Mixture Cut\r\n</br></br><b>50 g</b>','0.000000','','2011-11-08',1,0,0,NULL,'lb',NULL,'in',NULL,'in',NULL,'in','0.000000',0,NULL,'DEFAULT'),(161,1,'Stanwell Vanilla','stanwell-vanilla','stanwell-vanilla','','Blend: Датски Черен Кавендиш, Бърлей, Виржиния, Зрял Самсун.\r\n</br></br>Привкус: Ванилия\r\n</br></br>B 2, AT 4, RN 5\r\n</br>Loose Cut\r\n</br></br><b>50 g</b>','0.000000','','2011-11-08',1,0,0,NULL,'lb',NULL,'in',NULL,'in',NULL,'in','0.000000',0,NULL,'DEFAULT'),(162,1,'Alsbo Black','alsbo-black','alsbo-black','','Blend: Черен Кавендиш, Лек Виржиния.\r\n</br></br>Привкус: Ванилия\r\n</br></br>B 2, AT 3, RN 2\r\n</br>Mixture Cut\r\n</br></br><b>50 g</b>','0.000000','','2011-11-08',1,0,0,NULL,'lb',NULL,'in',NULL,'in',NULL,'in','0.000000',0,NULL,'DEFAULT'),(163,1,'Erinmore Mixture','erinmore-mixture','erinmore-mixture','','Blend: Лек Виржиния, Мек Бърлей, Сладък Черен Кавендиш.\r\n</br></br>Привкус: Плодов\r\n</br><br>B 3, AT 4, RN 3\r\n</br>Loose Cut\r\n</br></br><b>50 g</b>','0.000000','','2011-11-08',1,0,0,NULL,'lb',NULL,'in',NULL,'in',NULL,'in','0.000000',0,NULL,'DEFAULT'),(164,1,'Colts American Mixture','colts-american-mixture','colts-american-mixture','','Blend: Черен Кавендиш, Чист Бърлей, Сладък Виржиния.\r\n</br></br>Привкус: Ванилия\r\n</br></br>B 2, AT 4, RN 4\r\n</br>Loose Cut\r\n</br></br><b>40 g</b>','0.000000','','2011-11-08',1,0,0,NULL,'lb',NULL,'in',NULL,'in',NULL,'in','0.000000',0,NULL,'DEFAULT'),(165,1,'Colts Gold Deluxe','colts-gold-deluxe','colts-gold-deluxe','','Blend: Сладък Виржиния, Чист Бърлей.\r\n</br></br>Привкус: Карамел\r\n</br></br>B 2, AT 3, RN 4\r\n</br>Loose Cut\r\n</br></br><b>40 g</b>','0.000000','','2011-11-08',1,0,0,NULL,'lb',NULL,'in',NULL,'in',NULL,'in','0.000000',0,NULL,'DEFAULT'),(166,1,'Original Choice','original-choice','original-choice','','Blend: Виржиния (Северна Каролина), Бърлей (Тенеси).\r\n</br></br>Привкус: Аромат на карамел\r\n</br></br>B 1, AT 3, RN 4\r\n</br>Loose Cut\r\n</br></br><b>40 g</b>','0.000000','','2011-11-08',1,0,0,NULL,'lb',NULL,'in',NULL,'in',NULL,'in','0.000000',0,NULL,'DEFAULT'),(167,1,'Aromatic Choice','aromatic-choice','aromatic-choice','','Blend: Виржиния (САЩ), Бърлей (САЩ), Черен Кавендиш.\r\n</br></br>Привкус: Аромат на плодове\r\n</br></br>B 1, AT 4, RN 4\r\n</br>Loose Cut\r\n</br></br><b>40 g</b>','0.000000','','2011-11-08',1,0,0,NULL,'lb',NULL,'in',NULL,'in',NULL,'in','0.000000',0,NULL,'DEFAULT'),(168,1,'Black Ambrosia','black-ambrosia','black-ambrosia','','Blend: Виржиния (Бразилия), Бърлей (Малави), Черен Кавендиш (Бразилия).\r\n</br></br>Привкус: Изтънчен плодов\r\n</br></br>B 2, AT 3, RN 4\r\n</br>Loose Cut\r\n</br></br><b>50 g</b>','0.000000','','2011-11-08',1,0,0,NULL,'lb',NULL,'in',NULL,'in',NULL,'in','0.000000',0,NULL,'DEFAULT'),(169,1,'Cherry Ambrosia','cherry-ambrosia','cherry-ambrosia','','Blend: Виржиния (САЩ и Бразилия), Бърлей (Малави и Бразилия), Черен Кавендиш (Малави).\r\n</br></br>Привкус: Аромат на череша\r\n</br></br>B 2, AT 4, RN 4\r\n</br>Mixture Cut\r\n</br></br><b>50 g</b>','0.000000','','2011-11-08',1,0,0,NULL,'lb',NULL,'in',NULL,'in',NULL,'in','0.000000',0,NULL,'DEFAULT'),(170,1,'Golden Ambrosia','golden-ambrosia','golden-ambrosia','','Blend: Виржиния (Бразилия), Бърлей (Малави и Бразилия), Черен Кавендиш (Бразилия).\r\n</br></br>Привкус: Фин плодов\r\n</br></br>B 2, AT 3, RN 4\r\n</br>Ready Rubbed Cut\r\n</br></br><b>50 g</b>','0.000000','','2011-11-08',1,0,0,NULL,'lb',NULL,'in',NULL,'in',NULL,'in','0.000000',0,NULL,'DEFAULT'),(171,1,'7 Seas Gold Blend','7-seas-gold-blend','7-seas-gold-blend','','Blend: Виржиния (САЩ и Бразилия), Бърлей (Малави и Мексико).\r\n</br></br>Привкус: Аромат на ванилия\r\n</br></br>B 1, AT 3, RN 3\r\n</br>Loose Cut\r\n</br></br><b>40 g</b>','0.000000','','2011-11-08',1,0,0,NULL,'lb',NULL,'in',NULL,'in',NULL,'in','0.000000',0,NULL,'DEFAULT'),(172,1,'7 Seas Regular Blend','7-seas-regular-blend','7-seas-regular-blend','','Blend: Виржиния (САЩ и Бразилия), Бърлей (Малави и Мексико), Черен Кавендиш (Бразилия и САЩ).\r\n</br></br>Привкус: Аромат на ванилия и шоколад\r\n</br></br>B 1, AT 4, RN 4\r\n</br>Loose Cut\r\n</br></br><b>40 g</b>','0.000000','','2011-11-08',1,0,0,NULL,'lb',NULL,'in',NULL,'in',NULL,'in','0.000000',0,NULL,'DEFAULT'),(173,1,'7 Seas Royal Blend','7-seas-royal-blend','7-seas-royal-blend','','Blend: Виржиния (САЩ и Бразилия), Бърлей (Малави и Мексико), Черен Кавендиш (Бразилия и САЩ).\r\n</br></br>Привкус: Мек сладникав вкус и плодови нотки\r\n</br></br>B 1, AT 3, RN 3\r\n</br>Loose Cut\r\n</br></br><b>40 g</b>','0.000000','','2011-11-08',1,0,0,NULL,'lb',NULL,'in',NULL,'in',NULL,'in','0.000000',0,NULL,'DEFAULT'),(174,1,'Velvet Red','velvet-red','velvet-red','','Blend: Черен Кавендиш (Бразилия)\r\n</br><br>Привкус: Аромат на ванилия и цитруси\r\n</br></br>B 1, AT 3, RN 4\r\n</br>Loose Cut\r\n</br></br><b>40 g</b>','0.000000','','2011-11-08',1,0,0,NULL,'lb',NULL,'in',NULL,'in',NULL,'in','0.000000',0,NULL,'DEFAULT'),(175,1,'Velvet Green','velvet-green','velvet-green','','Blend: Черен Кавендиш (Бразилия)\r\n</br></br>Привкус: Аромат на портокал и шоколад\r\n</br><br>B 1, AT 3, RN 4\r\n</br>Loose Cut\r\n</br></br><b>40 g</b>','0.000000','','2011-11-08',1,0,0,NULL,'lb',NULL,'in',NULL,'in',NULL,'in','0.000000',0,NULL,'DEFAULT'),(176,1,'Bali Shag Halfzware','bali-shag-halfzware','bali-shag-halfzware','','Традиционен холандски микс от тъмен Кентъки и Виржиния със силен, плътен и мек вкус.\r\n</br></br>\r\n<b>40 g</b>','0.000000','','2011-11-08',1,0,0,NULL,'lb',NULL,'in',NULL,'in',NULL,'in','0.000000',0,NULL,'DEFAULT'),(177,1,'Bali Shag Mellow Taste Virginia','bali-shag-mellow-taste-virginia','bali-shag-mellow-taste-virginia','','Типичен английски бленд от Виржиния, тъмен Кентъки и сушен на въздух тютюн със среден по сила вкус, с плътен и изразен аромат.\r\n</br></br><b>40 g</b>','0.000000','','2011-11-08',1,0,0,NULL,'lb',NULL,'in',NULL,'in',NULL,'in','0.000000',0,NULL,'DEFAULT'),(178,1,'Bali Shag Rounded Virginia','bali-shag-rounded-virginia','bali-shag-rounded-virginia','','Първокачествен бленд от Виржиния и Ориенталски тютюни със среден по сила, мек вкус.\r\n</br></br>\r\n<b>40 g</b>','0.000000','','2011-11-08',1,0,0,NULL,'lb',NULL,'in',NULL,'in',NULL,'in','0.000000',0,NULL,'DEFAULT'),(179,1,'Mac Baren Aromatic Choice Ryo','mac-baren-aromatic-choice-ryo','mac-baren-aromatic-choice-ryo','','Blend: Виржиния (САЩ и Бразилия), Бърлей (Малави), Ориенталски (Турция).\r\n</br></br>Привкус: Тропически плодове\r\n</br></br><b>40 g</b>','0.000000','','2011-11-08',1,0,0,NULL,'lb',NULL,'in',NULL,'in',NULL,'in','0.000000',0,NULL,'DEFAULT'),(180,1,'Mac Baren Cherry Choice RYO','mac-baren-cherry-choice-ryo','mac-baren-cherry-choice-ryo','','Blend: Виржиния (САЩ и Бразилия), Бърлей (Малави), Ориенталски (Турция).\r\n</br></br>Привкус: Аромат на череши\r\n</br></br><b>40 g</b>','0.000000','','2011-11-08',1,0,0,NULL,'lb',NULL,'in',NULL,'in',NULL,'in','0.000000',0,NULL,'DEFAULT'),(181,1,'Mac Baren Grape Choice Ryo','mac-baren-grape-choice-ryo','mac-baren-grape-choice-ryo','','Blend: Виржиния (САЩ и Бразилия), Бърлей (Малави), Ориенталски (Турция).\r\n</br></br>Привкус: Аромат на грозде\r\n</br></br><b>40 g</b>','0.000000','','2011-11-08',1,0,0,NULL,'lb',NULL,'in',NULL,'in',NULL,'in','0.000000',0,NULL,'DEFAULT'),(182,1,'Mac Baren Original Choice Ryo','mac-baren-original-choice-ryo','mac-baren-original-choice-ryo','','Blend: Виржиния (САЩ и Бразилия), Бърлей (Малави), Ориенталски (Турция).\r\n</br></br>Привкус: Аромат на карамел\r\n</br></br><b>40 g</b>','0.000000','','2011-11-08',1,0,0,NULL,'lb',NULL,'in',NULL,'in',NULL,'in','0.000000',0,NULL,'DEFAULT'),(183,1,'Mac Baren Vanilla Choice Ryo','mac-baren-vanilla-choice-ryo','mac-baren-vanilla-choice-ryo','','Blend: Виржиния (САЩ и Бразилия), Бърлей (Малави), Ориенталски (Турция).\r\n</br></br>Привкус: Аромат на ванилия\r\n</br></br><b>40 g</b>','0.000000','','2011-11-08',1,0,0,NULL,'lb',NULL,'in',NULL,'in',NULL,'in','0.000000',0,NULL,'DEFAULT'),(184,1,'Mac Baren Ice Tea Choice Ryo','mac-baren-ice-tea-choice-ryo','mac-baren-ice-tea-choice-ryo','','Blend: Виржиния (САЩ и Бразилия); Бърлей (Малави); Ориенталски (Турция). \r\n</br>Привкус: Аромат на студен чай.\r\n</br></br><b>40 g</b>','0.000000','','2011-11-08',1,0,0,NULL,'lb',NULL,'in',NULL,'in',NULL,'in','0.000000',0,NULL,'DEFAULT'),(185,1,'Mac Baren Apple Choice Ryo','mac-baren-apple-choice-ryo','mac-baren-apple-choice-ryo','','Blend: Виржиния (САЩ и Бразилия), Бърлей (Малави), Ориенталски (Турция).\r\n</br></br>Аромат на зелена ябълка\r\n</br></br>\r\n<b>40 g</b>','0.000000','','2011-11-08',1,0,0,NULL,'lb',NULL,'in',NULL,'in',NULL,'in','0.000000',0,NULL,'DEFAULT'),(186,1,'Unitas Excellent Mango','unitas-excellent-mango','unitas-excellent-mango','','Аромат на мента\r\n</br></br><b>35 g</b>','0.000000','','2011-11-08',1,0,0,NULL,'lb',NULL,'in',NULL,'in',NULL,'in','0.000000',0,NULL,'DEFAULT'),(187,1,'Unitas Excellent Kir Royal','unitas-excellent-kir-royal','unitas-excellent-kir-royal','','Аромат на касис\r\n</br></br><b>35 g</b>','0.000000','','2011-11-08',1,0,0,NULL,'lb',NULL,'in',NULL,'in',NULL,'in','0.000000',0,NULL,'DEFAULT'),(188,1,'Unitas Excellent Vanilla','unitas-excellent-vanilla','unitas-excellent-vanilla','','Аромат на ванилия\r\n</br></br><b>35 g</b>','0.000000','','2011-11-08',1,0,0,NULL,'lb',NULL,'in',NULL,'in',NULL,'in','0.000000',0,NULL,'DEFAULT'),(189,1,'Unitas Excellent Cherry','unitas-excellent-cherry','unitas-excellent-cherry','','Аромат на череша\r\n</br></br><b>35 g</b>','0.000000','','2011-11-08',1,0,0,NULL,'lb',NULL,'in',NULL,'in',NULL,'in','0.000000',0,NULL,'DEFAULT'),(190,1,'Unitas Excellent Strawberry','unitas-excellent-strawberry','unitas-excellent-strawberry','','Аромат на ягода\r\n</br></br><b>35 g</b>','0.000000','','2011-11-08',1,0,0,NULL,'lb',NULL,'in',NULL,'in',NULL,'in','0.000000',0,NULL,'DEFAULT'),(191,1,'Unitas Excellent Menthol','unitas-excellent-menthol','unitas-excellent-menthol','','Аромат на мента\r\n</br></br><b>35 g</b>','0.000000','','2011-11-08',1,0,0,NULL,'lb',NULL,'in',NULL,'in',NULL,'in','0.000000',0,NULL,'DEFAULT'),(192,1,'Lexington American Blend','lexington-american-blend','lexington-american-blend','','Blend: Перфектен баланс между Виржиния, Бърлей, Ориенталски и други тютюни\r\n</br></br><b>33 g</b>','0.000000','','2011-11-08',1,0,0,NULL,'lb',NULL,'in',NULL,'in',NULL,'in','0.000000',0,NULL,'DEFAULT'),(193,1,'Lexington Blue','lexington-blue','lexington-blue','','Blend: Чист тютюнев аромат за леки цигари\r\n</br></br><b>33 g</b>','0.000000','','2011-11-08',1,0,0,NULL,'lb',NULL,'in',NULL,'in',NULL,'in','0.000000',0,NULL,'DEFAULT'),(194,1,'Lexington Virginia','lexington-virginia','lexington-virginia','','Blend: Отличен подбор, Виржиния от различни плантации\r\n</br></br><b>33 g</b>','0.000000','','2011-11-08',1,0,0,NULL,'lb',NULL,'in',NULL,'in',NULL,'in','0.000000',0,NULL,'DEFAULT'),(195,1,'Lexington Vanilla','lexington-vanilla','lexington-vanilla','','Blend: Смес от Виржиния, Бърлей и Ориенталски тютюн с аромат на ванилия.\r\n</br></br><b>33 g</b>','0.000000','','2011-11-08',1,0,0,NULL,'lb',NULL,'in',NULL,'in',NULL,'in','0.000000',0,NULL,'DEFAULT'),(196,1,'Black Devil Special Flavour','black-devil-special-flavour','black-devil-special-flavour','','Аромат на ванилия.','0.000000','','2011-11-08',1,0,0,NULL,'lb',NULL,'in',NULL,'in',NULL,'in','0.000000',0,NULL,'DEFAULT'),(197,1,'Black Devil Finest Flavour','black-devil-finest-flavour','black-devil-finest-flavour','','Аромат на шоколад.','0.000000','','2011-11-08',1,0,0,NULL,'lb',NULL,'in',NULL,'in',NULL,'in','0.000000',0,NULL,'DEFAULT'),(198,1,'Black Devil Cherry Flavour','black-devil-cherry-flavour','black-devil-cherry-flavour','','Аромат на череша.','0.000000','','2011-11-08',1,0,0,NULL,'lb',NULL,'in',NULL,'in',NULL,'in','0.000000',0,NULL,'DEFAULT'),(199,1,'Che Red','che-red','che-red','','Бленд: Виржиния и Бърлей от Аржентина, Бразилия и Индия, смесени с Ориенталски и тютюни от САЩ. \r\n</br>20 цигари в кутия','0.000000','','2011-11-09',1,0,0,NULL,'lb',NULL,'in',NULL,'in',NULL,'in','0.000000',0,NULL,'DEFAULT'),(200,1,'Lexington Blue','lexington-blue-1','lexington-blue-1','','Истински американски дух.','0.000000','','2011-11-09',1,0,0,NULL,'lb',NULL,'in',NULL,'in',NULL,'in','0.000000',0,NULL,'DEFAULT'),(201,1,'Lexington Red','lexington-red','lexington-red','','Оригинален американски вкус.','0.000000','','2011-11-09',1,0,0,NULL,'lb',NULL,'in',NULL,'in',NULL,'in','0.000000',0,NULL,'DEFAULT'),(202,1,'Porsche Design Р’3681','porsche-design-p3681','porsche-design-p3681','','','0.000000','','2011-11-09',1,0,0,NULL,'lb',NULL,'in',NULL,'in',NULL,'in','0.000000',0,NULL,'DEFAULT'),(203,1,'Porsche Design Р’3682','porsche-design-p3682','porsche-design-p3682','','','0.000000','','2011-11-09',1,0,0,NULL,'lb',NULL,'in',NULL,'in',NULL,'in','0.000000',0,NULL,'DEFAULT'),(204,1,'Especially Selected','especially-selected','especially-selected','','Тази пура е сред най-продаваните представители от формата Робусто. Отличава се с по-мека текстура и перфектен завършек. Основното й предимство е това, че е лека към средна, което я прави подходяща за всяка ситуация. Изключителна дълбочина, лек дървесен привкус. Равномерно горене, малко по-бързо от нормалното за Робусто, богат аромат и вкус, сладки нотки на какао, канела, индийско орехче, каучукова смола и зехтин, свежа зелелнина и салвия. Една от най-леките и тревни пури сред представителите на този формат, Especially Selected е достъпно Робусто за всеки. Подходяща за всекидневна употреба и за първа пура за вечерта, бюджетна версия на Cohiba Robusto. През 2011 г. предстоят нови срещи с изделията под марката Ramon Allones, като любителите ще се насладят на едни от най-добрите изделия.','0.000000','','2011-11-15',1,0,0,NULL,'kg',NULL,'cm',NULL,'cm',NULL,'cm','0.000000',0,NULL,'DEFAULT'),(239,1,'Montecristo Open Eagle (20)','montecristo-open-eagle_20','montecristo-open-eagle_20','','','0.000000','','2011-12-05',1,0,0,NULL,'',NULL,'',NULL,'',NULL,'','0.000000',0,NULL,'DEFAULT'),(212,1,'Classic Blue Tin','classic-blue-tin','classic-blue-tin','','Бленд от светъл Виржиния в отлична комбинация с Бърлей и Ориенталски тютюни.\r\n\r\n</br></br><b>110 g</b>\r\n','0.000000','','2011-11-18',1,0,0,NULL,'kg',NULL,'cm',NULL,'cm',NULL,'cm','0.000000',0,NULL,'DEFAULT'),(238,1,'Cohiba Siglo IV (25)','cohiba-siglo-iv_25','cohiba-siglo-iv_25','','','0.000000','','2011-11-30',1,0,0,NULL,'',NULL,'',NULL,'',NULL,'','0.000000',0,NULL,'DEFAULT'),(237,1,'Cohiba Siglo IV (3 tubos)','cohiba-siglo-iv_3-tubos','cohiba-siglo-iv_3-tubos','','','0.000000','','2011-11-30',1,0,0,NULL,'',NULL,'',NULL,'',NULL,'','0.000000',0,NULL,'DEFAULT'),(236,1,'Cohiba Siglo IV (5)','cohiba-siglo-iv_5','cohiba-siglo-iv_5','','','-1.000000','','2011-11-30',1,0,0,NULL,'',NULL,'',NULL,'',NULL,'','1.000000',0,NULL,'DEFAULT'),(235,1,'Cohiba Siglo III (3 tubos)','cohiba-siglo-iii_3-tubos','cohiba-siglo-iii_3-tubos','','','0.000000','','2011-11-30',1,0,0,NULL,'',NULL,'',NULL,'',NULL,'','0.000000',0,NULL,'DEFAULT'),(234,1,'Cohiba Siglo III (5)','cohiba-siglo-iii_5','cohiba-siglo-iii_5','','','0.000000','','2011-11-30',1,0,0,NULL,'',NULL,'',NULL,'',NULL,'','0.000000',0,NULL,'DEFAULT'),(233,1,'Cohiba Siglo III (25 tubos)','cohiba-siglo-iii_25-tubos','cohiba-siglo-iii_25-tubos','','','0.000000','','2011-11-30',1,0,0,NULL,'',NULL,'',NULL,'',NULL,'','0.000000',0,NULL,'DEFAULT'),(232,1,'Cohiba Siglo II (25)','cohiba-siglo-ii_25','cohiba-siglo-ii_25','','','0.000000','','2011-11-30',1,0,0,NULL,'',NULL,'',NULL,'',NULL,'','0.000000',0,NULL,'DEFAULT'),(231,1,'Cohiba Siglo II (3 tubos)','cohiba-siglo-ii_3-tubos','cohiba-siglo-ii_3-tubos','','','-1.000000','','2011-11-30',1,0,0,NULL,'',NULL,'',NULL,'',NULL,'','1.000000',0,NULL,'DEFAULT'),(230,1,'Cohiba Robustos (25)','cohiba-robustos_25','cohiba-robustos_25','','','0.000000','','2011-11-30',1,0,0,NULL,'',NULL,'',NULL,'',NULL,'','0.000000',0,NULL,'DEFAULT'),(229,1,'Cohiba Robustos (3)','cohiba-robustos_3','cohiba-robustos_3','','','0.000000','','2011-11-30',1,0,0,NULL,'',NULL,'',NULL,'',NULL,'','0.000000',0,NULL,'DEFAULT'),(228,1,'Cohiba Siglo I (25)','cohiba-siglo-i_25','cohiba-siglo-i_25','','','0.000000','','2011-11-30',1,0,0,NULL,'',NULL,'',NULL,'',NULL,'','0.000000',0,NULL,'DEFAULT'),(227,1,'Cohiba Siglo I (3)','cohiba-siglo-i_3','cohiba-siglo-i_3','','','0.000000','','2011-11-30',1,0,0,NULL,'',NULL,'',NULL,'',NULL,'','0.000000',0,NULL,'DEFAULT'),(226,1,'Cohiba Siglo I (5)','cohiba-siglo-i_5','cohiba-siglo-i_5','','','0.000000','','2011-11-30',1,0,0,NULL,'',NULL,'',NULL,'',NULL,'','0.000000',0,NULL,'DEFAULT'),(240,1,'Montecristo Open Eagle (3 tubos)','montecristo-open-eagle_3-tubos','montecristo-open-eagle_3-tubos','','','0.000000','','2011-12-05',1,0,0,NULL,'',NULL,'',NULL,'',NULL,'','0.000000',0,NULL,'DEFAULT'),(241,1,'Montecristo Open Master (20)','montecristo-open-master_20','montecristo-open-master_20','','','0.000000','','2011-12-05',1,0,0,NULL,'',NULL,'',NULL,'',NULL,'','0.000000',0,NULL,'DEFAULT'),(242,1,'Montecristo Open Master (3 tubos)','montecristo-open-master_3-tubos','montecristo-open-master_3-tubos','','','0.000000','','2011-12-05',1,0,0,NULL,'',NULL,'',NULL,'',NULL,'','0.000000',0,NULL,'DEFAULT'),(243,1,'Montecristo Open Junior (20)','montecristo-open-junior_20','montecristo-open-junior_20','','','0.000000','','2011-12-05',1,0,0,NULL,'',NULL,'',NULL,'',NULL,'','0.000000',0,NULL,'DEFAULT'),(244,1,'Montecristo Open Junior (3 tubos)','montecristo-open-junior_3-tubos','montecristo-open-junior_3-tubos','','','0.000000','','2011-12-05',1,0,0,NULL,'',NULL,'',NULL,'',NULL,'','0.000000',0,NULL,'DEFAULT'),(245,1,'Montecristo Open Regata (20)','montecristo-open-regata_20','montecristo-open-regata_20','','','0.000000','','2011-12-05',1,0,0,NULL,'',NULL,'',NULL,'',NULL,'','0.000000',0,NULL,'DEFAULT'),(246,1,'Montecristo Open Regata (3 tubos)','montecristo-open-regata_3-tubos','montecristo-open-regata_3-tubos','','','0.000000','','2011-12-05',1,0,0,NULL,'',NULL,'',NULL,'',NULL,'','0.000000',0,NULL,'DEFAULT'),(257,1,'Montecristo N2 (3)','montecristo-n2_3','montecristo-n2_3','','','0.000000','','2011-12-05',1,0,0,NULL,'',NULL,'',NULL,'',NULL,'','0.000000',0,NULL,'DEFAULT'),(256,1,'Montecristo N2 (10)','montecristo-n2_10','montecristo-n2_10','','','0.000000','','2011-12-05',1,0,0,NULL,'',NULL,'',NULL,'',NULL,'','0.000000',0,NULL,'DEFAULT'),(255,1,'Montecristo Petit Edmundo (3 tubos)','montecristo-petit-edmundo_3-tubos','montecristo-petit-edmundo_3-tubos','','','0.000000','','2011-12-05',1,0,0,NULL,'',NULL,'',NULL,'',NULL,'','0.000000',0,NULL,'DEFAULT'),(250,1,'Montecristo Edmundo (3)','montecristo-edmundo_3','montecristo-edmundo_3','','','0.000000','','2011-12-05',1,0,0,NULL,'',NULL,'',NULL,'',NULL,'','0.000000',0,NULL,'DEFAULT'),(254,1,'Montecristo Petit Edmundo (10)','montecristo-petit-edmundo_10','montecristo-petit-edmundo_10','','','0.000000','','2011-12-05',1,0,0,NULL,'',NULL,'',NULL,'',NULL,'','0.000000',0,NULL,'DEFAULT'),(252,1,'Montecristo Edmundo (3 tubos)','montecristo-edmundo_3-tubos','montecristo-edmundo_3-tubos','','','0.000000','','2011-12-05',1,0,0,NULL,'',NULL,'',NULL,'',NULL,'','0.000000',0,NULL,'DEFAULT'),(253,1,'Montecristo Edmundo (25)','montecristo-edmundo_25','montecristo-edmundo_25','','','0.000000','','2011-12-05',1,0,0,NULL,'',NULL,'',NULL,'',NULL,'','0.000000',0,NULL,'DEFAULT'),(258,1,'Montecristo N3 (10)','montecristo-n3_10','montecristo-n3_10','','','0.000000','','2011-12-05',1,0,0,NULL,'',NULL,'',NULL,'',NULL,'','0.000000',0,NULL,'DEFAULT'),(259,1,'Montecristo N3 (3)','montecristo-n3_3','montecristo-n3_3','','','0.000000','','2011-12-05',1,0,0,NULL,'',NULL,'',NULL,'',NULL,'','0.000000',0,NULL,'DEFAULT'),(260,1,'Montecristo N3 (5)','montecristo-n3_5','montecristo-n3_5','','','0.000000','','2011-12-05',1,0,0,NULL,'',NULL,'',NULL,'',NULL,'','0.000000',0,NULL,'DEFAULT'),(261,1,'Montecristo N4 (10)','montecristo-n4_10','montecristo-n4_10','','','0.000000','','2011-12-05',1,0,0,NULL,'',NULL,'',NULL,'',NULL,'','0.000000',0,NULL,'DEFAULT'),(262,1,'Montecristo N4 (3)','montecristo-n4_3','montecristo-n4_3','','','0.000000','','2011-12-05',1,0,0,NULL,'',NULL,'',NULL,'',NULL,'','0.000000',0,NULL,'DEFAULT'),(263,1,'Montecristo N4 (5)','montecristo-n4_5','montecristo-n4_5','','','0.000000','','2011-12-05',1,0,0,NULL,'',NULL,'',NULL,'',NULL,'','0.000000',0,NULL,'DEFAULT'),(264,1,'Montecristo N5 (5)','montecristo-n5_5','montecristo-n5_5','','','0.000000','','2011-12-05',1,0,0,NULL,'',NULL,'',NULL,'',NULL,'','0.000000',0,NULL,'DEFAULT'),(265,1,'Montecristo N5 (25)','montecristo-n5_25','montecristo-n5_25','','','0.000000','','2011-12-05',1,0,0,NULL,'',NULL,'',NULL,'',NULL,'','0.000000',0,NULL,'DEFAULT'),(266,1,'Romeo y Julieta Churchills (10)','romeo-y-julieta-churchills_10','romeo-y-julieta-churchills_10','','','0.000000','','2011-12-05',1,0,0,NULL,'',NULL,'',NULL,'',NULL,'','0.000000',0,NULL,'DEFAULT'),(267,1,'Romeo y Julieta Churchills (3)','romeo-y-julieta-churchills_3','romeo-y-julieta-churchills_3','','','0.000000','','2011-12-05',1,0,0,NULL,'',NULL,'',NULL,'',NULL,'','0.000000',0,NULL,'DEFAULT'),(268,1,'Romeo y Julieta Churchills (25)','romeo-y-julieta-churchills_25','romeo-y-julieta-churchills_25','','','0.000000','','2011-12-05',1,0,0,NULL,'',NULL,'',NULL,'',NULL,'','0.000000',0,NULL,'DEFAULT'),(269,1,'Romeo y Julieta Wide Churchills (10)','romeo-y-julieta-wide-churchills_10','romeo-y-julieta-wide-churchills_10','','','0.000000','','2011-12-05',1,0,0,NULL,'',NULL,'',NULL,'',NULL,'','0.000000',0,NULL,'DEFAULT'),(270,1,'Romeo y Julieta Wide Churchills (25)','romeo-y-julieta-wide-churchills_25','romeo-y-julieta-wide-churchills_25','','','0.000000','','2011-12-05',1,0,0,NULL,'',NULL,'',NULL,'',NULL,'','0.000000',0,NULL,'DEFAULT'),(271,1,'Romeo y Julieta Short Churchills (10)','romeo-y-julieta-short-churchills_10','romeo-y-julieta-short-churchills_10','','','0.000000','','2011-12-05',1,0,0,NULL,'',NULL,'',NULL,'',NULL,'','0.000000',0,NULL,'DEFAULT'),(272,1,'Romeo y Julieta Short Churchills (3)','romeo-y-julieta-short-churchills_3','romeo-y-julieta-short-churchills_3','','','0.000000','','2011-12-05',1,0,0,NULL,'',NULL,'',NULL,'',NULL,'','0.000000',0,NULL,'DEFAULT'),(273,1,'Romeo y Julieta Short Churchills (25)','romeo-y-julieta-short-churchills_25','romeo-y-julieta-short-churchills_25','','','0.000000','','2011-12-05',1,0,0,NULL,'',NULL,'',NULL,'',NULL,'','0.000000',0,NULL,'DEFAULT'),(274,1,'Romeo y Julieta Romeo N1 (10)','romeo-y-julieta-romeo-n1_10','romeo-y-julieta-romeo-n1_10','','','0.000000','','2011-12-05',1,0,0,NULL,'',NULL,'',NULL,'',NULL,'','0.000000',0,NULL,'DEFAULT'),(275,1,'Romeo y Julieta Romeo N1 (3)','romeo-y-julieta-romeo-n1_3','romeo-y-julieta-romeo-n1_3','','','0.000000','','2011-12-05',1,0,0,NULL,'',NULL,'',NULL,'',NULL,'','0.000000',0,NULL,'DEFAULT'),(276,1,'Romeo y Julieta Romeo N3 (10)','romeo-y-julieta-romeo-n3_10','romeo-y-julieta-romeo-n3_10','','','0.000000','','2011-12-05',1,0,0,NULL,'',NULL,'',NULL,'',NULL,'','0.000000',0,NULL,'DEFAULT'),(277,1,'Romeo y Julieta Romeo N3 (3)','romeo-y-julieta-romeo-n3_3','romeo-y-julieta-romeo-n3_3','','','0.000000','','2011-12-05',1,0,0,NULL,'',NULL,'',NULL,'',NULL,'','0.000000',0,NULL,'DEFAULT'),(278,1,'Romeo y Julieta Romeo N3 (25)','romeo-y-julieta-romeo-n3_25','romeo-y-julieta-romeo-n3_25','','','0.000000','','2011-12-05',1,0,0,NULL,'',NULL,'',NULL,'',NULL,'','0.000000',0,NULL,'DEFAULT'),(279,1,'Romeo y Julieta Romeo N2 (3)','romeo-y-julieta-romeo-n2_3','romeo-y-julieta-romeo-n2_3','','','0.000000','','2011-12-05',1,0,0,NULL,'',NULL,'',NULL,'',NULL,'','0.000000',0,NULL,'DEFAULT'),(280,1,'Romeo y Julieta Romeo N2 (5)','romeo-y-julieta-romeo-n2_5','romeo-y-julieta-romeo-n2_5','','','0.000000','','2011-12-05',1,0,0,NULL,'',NULL,'',NULL,'',NULL,'','0.000000',0,NULL,'DEFAULT'),(281,1,'Romeo y Julieta Romeo N2 (25)','romeo-y-julieta-romeo-n2_25','romeo-y-julieta-romeo-n2_25','','','0.000000','','2011-12-05',1,0,0,NULL,'',NULL,'',NULL,'',NULL,'','0.000000',0,NULL,'DEFAULT'),(282,1,'Partagas Serie P N2 (10)','partagas-serie-p-n2_10','partagas-serie-p-n2_10','','','0.000000','','2011-12-05',1,0,0,NULL,'',NULL,'',NULL,'',NULL,'','0.000000',0,NULL,'DEFAULT'),(283,1,'Partagas Serie P N2 (3 tubos)','partagas-serie-p-n2_3-tubos','partagas-serie-p-n2_3-tubos','','','0.000000','','2011-12-05',1,0,0,NULL,'',NULL,'',NULL,'',NULL,'','0.000000',0,NULL,'DEFAULT'),(284,1,'Partagas Serie D N4 (10)','partagas-serie-d-n4_10','partagas-serie-d-n4_10','','','0.000000','','2011-12-05',1,0,0,NULL,'',NULL,'',NULL,'',NULL,'','0.000000',0,NULL,'DEFAULT'),(285,1,'Partagas Serie D N4 (3)','partagas-serie-d-n4_3','partagas-serie-d-n4_3','','','0.000000','','2011-12-05',1,0,0,NULL,'',NULL,'',NULL,'',NULL,'','0.000000',0,NULL,'DEFAULT'),(286,1,'Partagas Serie D N4 (3 tubos)','partagas-serie-d-n4_3-tubos','partagas-serie-d-n4_3-tubos','','','0.000000','','2011-12-05',1,0,0,NULL,'',NULL,'',NULL,'',NULL,'','0.000000',0,NULL,'DEFAULT'),(287,1,'Partagas de Luxe (10 tubos)','partagas-de-luxe_10-tubos','partagas-de-luxe_10-tubos','','','0.000000','','2011-12-05',1,0,0,NULL,'',NULL,'',NULL,'',NULL,'','0.000000',0,NULL,'DEFAULT'),(288,1,'Partagas de Luxe (3 tubos)','partagas-de-luxe_3-tubos','partagas-de-luxe_3-tubos','','','0.000000','','2011-12-05',1,0,0,NULL,'',NULL,'',NULL,'',NULL,'','0.000000',0,NULL,'DEFAULT'),(289,1,'Partagas Mille Fleur (10)','partagas-mille-fleur_10','partagas-mille-fleur_10','','','0.000000','','2011-12-05',1,0,0,NULL,'',NULL,'',NULL,'',NULL,'','0.000000',0,NULL,'DEFAULT'),(290,1,'Partagas Mille Fleur (25)','partagas-mille-fleur_25','partagas-mille-fleur_25','','','0.000000','','2011-12-05',1,0,0,NULL,'',NULL,'',NULL,'',NULL,'','0.000000',0,NULL,'DEFAULT'),(291,1,'Hoyo de Monterrey Epicure Especial (10)','hoyo-de-monterrey-epicure-especial_10','hoyo-de-monterrey-epicure-especial_10','','','0.000000','','2011-12-05',1,0,0,NULL,'',NULL,'',NULL,'',NULL,'','0.000000',0,NULL,'DEFAULT'),(292,1,'Hoyo de Monterrey Epicure Especial (3 tubos)','hoyo-de-monterrey-epicure-especial_3-tubos','hoyo-de-monterrey-epicure-especial_3-tubos','','','0.000000','','2011-12-05',1,0,0,NULL,'',NULL,'',NULL,'',NULL,'','0.000000',0,NULL,'DEFAULT'),(293,1,'Hoyo de Monterrey Epicure N1 (3)','hoyo-de-monterrey-epicure-n1_3','hoyo-de-monterrey-epicure-n1_3','','','0.000000','','2011-12-05',1,0,0,NULL,'',NULL,'',NULL,'',NULL,'','0.000000',0,NULL,'DEFAULT'),(294,1,'Hoyo de Monterrey Epicure N1 (25)','hoyo-de-monterrey-epicure-n1_25','hoyo-de-monterrey-epicure-n1_25','','','0.000000','','2011-12-05',1,0,0,NULL,'',NULL,'',NULL,'',NULL,'','0.000000',0,NULL,'DEFAULT'),(295,1,'Hoyo de Monterrey Epicure N2 (3)','hoyo-de-monterrey-epicure-n2_3','hoyo-de-monterrey-epicure-n2_3','','','0.000000','','2011-12-05',1,0,0,NULL,'',NULL,'',NULL,'',NULL,'','0.000000',0,NULL,'DEFAULT'),(296,1,'Hoyo de Monterrey Epicure N2 (25)','hoyo-de-monterrey-epicure-n2_25','hoyo-de-monterrey-epicure-n2_25','','','0.000000','','2011-12-05',1,0,0,NULL,'',NULL,'',NULL,'',NULL,'','0.000000',0,NULL,'DEFAULT'),(297,1,'H.Upmann Magnum 50 (10)','h-upmann-magnum-50_10','h-upmann-magnum-50_10','','','0.000000','','2011-12-05',1,0,0,NULL,'',NULL,'',NULL,'',NULL,'','0.000000',0,NULL,'DEFAULT'),(298,1,'H.Upmann Magnum 50 (3 tubos)','h-upmann-magnum-50_3-tubos','h-upmann-magnum-50_3-tubos','','','0.000000','','2011-12-05',1,0,0,NULL,'',NULL,'',NULL,'',NULL,'','0.000000',0,NULL,'DEFAULT'),(299,1,'Trinidad Fundadores (12)','trinidad-fundadores_12','trinidad-fundadores_12','','','0.000000','','2011-12-05',1,0,0,NULL,'',NULL,'',NULL,'',NULL,'','0.000000',0,NULL,'DEFAULT'),(300,1,'Trinidad Fundadores (24)','trinidad-fundadores_24','trinidad-fundadores_24','','','0.000000','','2011-12-05',1,0,0,NULL,'',NULL,'',NULL,'',NULL,'','0.000000',0,NULL,'DEFAULT'),(301,1,'Trinidad Robusto Extra (12)','trinidad-robusto-extra_12','trinidad-robusto-extra_12','','','0.000000','','2011-12-05',1,0,0,NULL,'',NULL,'',NULL,'',NULL,'','0.000000',0,NULL,'DEFAULT'),(302,1,'Trinidad Robusto Extra (3)','trinidad-robusto-extra_3','trinidad-robusto-extra_3','','','0.000000','','2011-12-05',1,0,0,NULL,'',NULL,'',NULL,'',NULL,'','0.000000',0,NULL,'DEFAULT'),(303,1,'Trinidad Robusto T (12)','trinidad-robusto-t_12','trinidad-robusto-t_12','','','0.000000','','2011-12-05',1,0,0,NULL,'',NULL,'',NULL,'',NULL,'','0.000000',0,NULL,'DEFAULT'),(304,1,'Trinidad Robusto T (24)','trinidad-robusto-t_24','trinidad-robusto-t_24','','','0.000000','','2011-12-05',1,0,0,NULL,'',NULL,'',NULL,'',NULL,'','0.000000',0,NULL,'DEFAULT'),(305,1,'Trinidad Reyes (12)','trinidad-reyes_12','trinidad-reyes_12','','','0.000000','','2011-12-05',1,0,0,NULL,'',NULL,'',NULL,'',NULL,'','0.000000',0,NULL,'DEFAULT'),(306,1,'Trinidad Reyes (5)','trinidad-reyes_5','trinidad-reyes_5','','','0.000000','','2011-12-05',1,0,0,NULL,'',NULL,'',NULL,'',NULL,'','0.000000',0,NULL,'DEFAULT'),(307,1,'Vegas Robaina Famosos (5)','vegas-robaina-famosos_5','vegas-robaina-famosos_5','','','0.000000','','2011-12-05',1,0,0,NULL,'',NULL,'',NULL,'',NULL,'','0.000000',0,NULL,'DEFAULT'),(308,1,'Vegas Robaina Famosos (25)','vegas-robaina-famosos_25','vegas-robaina-famosos_25','','','0.000000','','2011-12-05',1,0,0,NULL,'',NULL,'',NULL,'',NULL,'','0.000000',0,NULL,'DEFAULT'),(309,1,'Cuaba Exclusivos (5)','cuaba-exclusivos_5','cuaba-exclusivos_5','','','0.000000','','2011-12-05',1,0,0,NULL,'',NULL,'',NULL,'',NULL,'','0.000000',0,NULL,'DEFAULT'),(310,1,'Cuaba Exclusivos (25)','cuaba-exclusivos_25','cuaba-exclusivos_25','','','0.000000','','2011-12-05',1,0,0,NULL,'',NULL,'',NULL,'',NULL,'','0.000000',0,NULL,'DEFAULT'),(311,1,'Cristales (1)','cristales_1','cristales_1','','','0.000000','','2011-12-05',1,0,0,NULL,'',NULL,'',NULL,'',NULL,'','0.000000',0,NULL,'DEFAULT'),(312,1,'Cristales (5)','cristales_5','cristales_5','','','-4.000000','','2011-12-05',1,0,0,NULL,'',NULL,'',NULL,'',NULL,'','4.000000',0,NULL,'DEFAULT'),(313,1,'Cristales (25)','cristales_25','cristales_25','','','0.000000','','2011-12-05',1,0,0,NULL,'',NULL,'',NULL,'',NULL,'','0.000000',0,NULL,'DEFAULT'),(314,1,'Puritos (20)','puritos_20','puritos_20','','','0.000000','','2011-12-05',1,0,0,NULL,'',NULL,'',NULL,'',NULL,'','0.000000',0,NULL,'DEFAULT'),(315,1,'Puritos (5)','puritos_5','puritos_5','','','0.000000','','2011-12-05',1,0,0,NULL,'',NULL,'',NULL,'',NULL,'','0.000000',0,NULL,'DEFAULT'),(316,1,'Cohiba Siglo VI (3)','cohiba-siglo-vi_3','cohiba-siglo-vi_3','','','0.000000','','2011-12-07',1,0,0,NULL,'',NULL,'',NULL,'',NULL,'','0.000000',0,NULL,'DEFAULT');
/*!40000 ALTER TABLE `product_product` ENABLE KEYS */;
UNLOCK TABLES;

--
-- Table structure for table `product_product_also_purchased`
--

DROP TABLE IF EXISTS `product_product_also_purchased`;
/*!40101 SET @saved_cs_client     = @@character_set_client */;
/*!40101 SET character_set_client = utf8 */;
CREATE TABLE `product_product_also_purchased` (
  `id` int(11) NOT NULL auto_increment,
  `from_product_id` int(11) NOT NULL,
  `to_product_id` int(11) NOT NULL,
  PRIMARY KEY  (`id`),
  UNIQUE KEY `from_product_id` (`from_product_id`,`to_product_id`),
  KEY `product_product_also_purchased_377b069c` (`from_product_id`),
  KEY `product_product_also_purchased_5bd7a0dd` (`to_product_id`)
) ENGINE=MyISAM AUTO_INCREMENT=73 DEFAULT CHARSET=utf8;
/*!40101 SET character_set_client = @saved_cs_client */;

--
-- Dumping data for table `product_product_also_purchased`
--

LOCK TABLES `product_product_also_purchased` WRITE;
/*!40000 ALTER TABLE `product_product_also_purchased` DISABLE KEYS */;
INSERT INTO `product_product_also_purchased` VALUES (72,2,1),(71,1,2);
/*!40000 ALTER TABLE `product_product_also_purchased` ENABLE KEYS */;
UNLOCK TABLES;

--
-- Table structure for table `product_product_category`
--

DROP TABLE IF EXISTS `product_product_category`;
/*!40101 SET @saved_cs_client     = @@character_set_client */;
/*!40101 SET character_set_client = utf8 */;
CREATE TABLE `product_product_category` (
  `id` int(11) NOT NULL auto_increment,
  `product_id` int(11) NOT NULL,
  `category_id` int(11) NOT NULL,
  PRIMARY KEY  (`id`),
  UNIQUE KEY `product_id` (`product_id`,`category_id`),
  KEY `product_product_category_44bdf3ee` (`product_id`),
  KEY `product_product_category_42dc49bc` (`category_id`)
) ENGINE=MyISAM AUTO_INCREMENT=911 DEFAULT CHARSET=utf8;
/*!40101 SET character_set_client = @saved_cs_client */;

--
-- Dumping data for table `product_product_category`
--

LOCK TABLES `product_product_category` WRITE;
/*!40000 ALTER TABLE `product_product_category` DISABLE KEYS */;
INSERT INTO `product_product_category` VALUES (720,2,10),(826,1,10),(733,5,145),(734,6,145),(736,7,145),(827,8,145),(738,9,145),(721,3,10),(724,11,143),(829,12,143),(830,13,143),(728,14,144),(831,15,144),(726,16,144),(731,17,144),(725,18,144),(727,19,144),(740,20,146),(741,21,146),(743,22,146),(744,23,146),(832,24,147),(833,25,147),(749,26,148),(751,27,148),(750,28,148),(761,30,150),(754,31,149),(757,32,149),(758,33,149),(759,34,149),(760,35,149),(752,36,149),(756,37,149),(763,38,150),(762,39,150),(834,40,151),(767,41,151),(768,42,151),(769,43,152),(770,44,152),(835,45,151),(765,46,151),(773,47,154),(774,48,154),(836,49,154),(771,50,153),(837,51,153),(776,52,155),(838,53,156),(780,54,156),(777,55,155),(778,56,155),(839,57,13),(840,58,13),(783,59,13),(784,60,13),(785,61,13),(841,62,14),(842,63,14),(843,64,14),(844,65,16),(845,66,16),(846,67,16),(794,68,16),(847,69,18),(797,70,18),(798,71,19),(799,72,20),(800,73,21),(801,74,22),(790,75,15),(789,76,15),(802,77,5),(848,78,5),(849,79,5),(850,80,5),(851,81,5),(852,82,23),(853,83,23),(855,84,23),(810,85,24),(856,86,24),(857,87,24),(858,88,25),(815,89,26),(816,90,27),(817,91,27),(403,92,28),(413,93,39),(414,94,28),(417,95,28),(859,96,40),(535,97,142),(861,98,142),(862,99,142),(863,100,142),(864,101,142),(865,102,142),(866,103,142),(867,104,142),(868,105,33),(688,115,157),(689,116,157),(690,117,157),(692,118,158),(872,119,158),(695,120,159),(696,121,159),(694,122,159),(697,123,159),(711,124,163),(715,125,164),(714,126,164),(716,127,164),(713,128,164),(712,129,164),(699,130,160),(701,131,160),(700,132,160),(703,133,160),(704,134,160),(702,135,160),(705,136,161),(706,137,161),(707,138,161),(709,139,162),(710,140,162),(708,141,162),(447,142,48),(449,143,48),(451,144,48),(448,145,48),(450,146,48),(452,147,48),(454,148,48),(453,149,48),(873,150,142),(825,151,50),(580,152,50),(874,153,50),(875,154,51),(876,155,51),(877,156,51),(878,157,51),(879,158,52),(880,159,52),(881,160,52),(882,161,52),(883,162,53),(884,163,54),(885,164,55),(886,165,55),(887,166,56),(888,167,56),(889,168,57),(890,169,57),(891,170,57),(892,171,58),(893,172,58),(894,173,58),(599,174,59),(598,175,59),(895,176,61),(896,177,61),(897,178,61),(898,179,63),(899,180,63),(900,181,63),(901,182,63),(902,183,63),(903,185,63),(563,186,64),(562,187,64),(566,188,64),(560,189,64),(565,190,64),(564,191,64),(567,192,65),(568,193,65),(600,194,65),(906,195,65),(907,196,67),(908,197,67),(510,198,67),(904,199,68),(517,200,69),(518,201,69),(524,202,127),(522,203,127),(405,111,41),(406,112,41),(407,113,41),(409,114,41),(860,96,29),(404,92,39),(412,93,28),(415,94,39),(418,95,39),(909,204,17),(735,6,38),(811,85,38),(869,209,62),(870,210,62),(871,211,62),(910,212,62),(821,29,148);
/*!40000 ALTER TABLE `product_product_category` ENABLE KEYS */;
UNLOCK TABLES;

--
-- Table structure for table `product_product_related_items`
--

DROP TABLE IF EXISTS `product_product_related_items`;
/*!40101 SET @saved_cs_client     = @@character_set_client */;
/*!40101 SET character_set_client = utf8 */;
CREATE TABLE `product_product_related_items` (
  `id` int(11) NOT NULL auto_increment,
  `from_product_id` int(11) NOT NULL,
  `to_product_id` int(11) NOT NULL,
  PRIMARY KEY  (`id`),
  UNIQUE KEY `from_product_id` (`from_product_id`,`to_product_id`),
  KEY `product_product_related_items_377b069c` (`from_product_id`),
  KEY `product_product_related_items_5bd7a0dd` (`to_product_id`)
) ENGINE=MyISAM AUTO_INCREMENT=151 DEFAULT CHARSET=utf8;
/*!40101 SET character_set_client = @saved_cs_client */;

--
-- Dumping data for table `product_product_related_items`
--

LOCK TABLES `product_product_related_items` WRITE;
/*!40000 ALTER TABLE `product_product_related_items` DISABLE KEYS */;
INSERT INTO `product_product_related_items` VALUES (139,13,1),(137,12,1),(150,171,173),(148,171,172),(149,173,171),(147,172,171),(129,1,11),(128,1,2),(127,1,3),(140,1,13),(138,1,12),(134,11,1),(133,2,1),(132,3,1),(123,151,152),(141,153,151),(125,152,151),(142,151,153);
/*!40000 ALTER TABLE `product_product_related_items` ENABLE KEYS */;
UNLOCK TABLES;

--
-- Table structure for table `product_productattribute`
--

DROP TABLE IF EXISTS `product_productattribute`;
/*!40101 SET @saved_cs_client     = @@character_set_client */;
/*!40101 SET character_set_client = utf8 */;
CREATE TABLE `product_productattribute` (
  `id` int(11) NOT NULL auto_increment,
  `product_id` int(11) NOT NULL,
  `languagecode` varchar(10) default NULL,
  `option_id` int(11) NOT NULL,
  `value` varchar(255) NOT NULL,
  PRIMARY KEY  (`id`),
  KEY `product_productattribute_44bdf3ee` (`product_id`),
  KEY `product_productattribute_2f3b0dc9` (`option_id`)
) ENGINE=MyISAM AUTO_INCREMENT=660 DEFAULT CHARSET=utf8;
/*!40101 SET character_set_client = @saved_cs_client */;

--
-- Dumping data for table `product_productattribute`
--

LOCK TABLES `product_productattribute` WRITE;
/*!40000 ALTER TABLE `product_productattribute` DISABLE KEYS */;
INSERT INTO `product_productattribute` VALUES (1,1,'bg',1,'119'),(2,1,'bg',2,'52'),(3,1,'bg',3,'Голям'),(4,1,'bg',4,'Средна'),(5,2,'bg',1,'144'),(6,2,'bg',2,'54'),(7,2,'bg',3,'голям'),(8,2,'bg',4,'средна'),(9,1,'bg',5,'Laguito No.4'),(10,5,'bg',5,'Perla'),(11,5,'bg',1,'102'),(12,5,'bg',2,'40'),(13,5,'bg',3,'Малък'),(14,5,'bg',4,'Лека'),(15,6,'bg',5,'Mareva'),(16,6,'bg',1,'129'),(17,6,'bg',2,'42'),(18,6,'bg',4,'Лека към средна'),(19,7,'bg',5,'Corona Grande'),(20,7,'bg',1,'155'),(21,7,'bg',2,'42'),(22,7,'bg',4,'Средна'),(23,8,'bg',5,'Corona Gorda'),(24,8,'bg',1,'143'),(25,8,'bg',2,'46'),(26,8,'bg',3,'Среден'),(27,8,'bg',4,'Средна'),(28,9,'bg',5,'Dalia'),(29,9,'bg',1,'170'),(30,9,'bg',2,'43'),(31,9,'bg',3,'Среден'),(32,9,'bg',4,'Средна към силна'),(33,10,'bg',5,'Canonazo'),(34,10,'bg',1,'150'),(35,10,'bg',2,'52'),(36,10,'bg',3,'Голям'),(37,10,'bg',4,'Средна'),(38,3,'bg',5,'Laguito No.5'),(39,3,'bg',1,'166'),(40,3,'bg',2,'56'),(41,3,'bg',3,'Много голям'),(42,3,'bg',4,'Средна'),(43,11,'bg',5,'Secreto'),(44,11,'bg',1,'110'),(45,11,'bg',2,'40'),(46,11,'bg',3,'Малък'),(47,11,'bg',4,'Средна към силна'),(48,12,'bg',5,'Magico'),(49,12,'bg',1,'115'),(50,12,'bg',2,'52'),(51,12,'bg',3,'Голям'),(52,12,'bg',4,'Силна'),(53,13,'bg',5,'Genio'),(54,13,'bg',1,'140'),(55,13,'bg',2,'52'),(56,13,'bg',3,'Голям'),(57,13,'bg',4,'Средна към силна'),(58,14,'bg',5,'Laguito N2'),(59,14,'bg',1,'152'),(60,14,'bg',2,'38'),(61,14,'bg',3,'Малък'),(62,14,'bg',4,'Средна'),(63,15,'bg',5,'Churchill (Julieta N2)'),(64,15,'bg',1,'178'),(65,15,'bg',2,'47'),(66,15,'bg',3,'Среден'),(67,15,'bg',4,'Силна'),(68,16,'bg',5,'Seoane'),(69,16,'bg',1,'126'),(70,16,'bg',2,'33'),(71,16,'bg',3,'Малък'),(72,16,'bg',4,'Средна към силна'),(73,17,'bg',5,'Laguito N1'),(74,17,'bg',1,'192'),(75,17,'bg',2,'38'),(76,17,'bg',4,'Средна към силна'),(77,18,'bg',5,'Laguito N3'),(78,18,'bg',1,'115'),(79,18,'bg',2,'26'),(80,18,'bg',3,'Малък'),(81,18,'bg',4,'Средна'),(82,19,'bg',5,'Robusto'),(83,19,'bg',1,'124'),(84,19,'bg',2,'50'),(85,19,'bg',3,'Голям'),(86,19,'bg',4,'Силна'),(87,20,'bg',5,'Piramide'),(88,20,'bg',1,'156'),(89,20,'bg',2,'52'),(90,20,'bg',3,'Голям'),(91,20,'bg',4,'Силна'),(92,21,'bg',5,'Corona'),(93,21,'bg',1,'142'),(94,21,'bg',2,'42'),(95,21,'bg',3,'Среден'),(96,21,'bg',4,'Средна към силна'),(97,22,'bg',5,'Mareva'),(98,22,'bg',1,'129'),(99,22,'bg',2,'42'),(100,22,'bg',3,'Среден'),(101,22,'bg',4,'Средна'),(102,23,'bg',5,'Perla'),(103,23,'bg',1,'102'),(104,23,'bg',2,'40'),(105,23,'bg',4,'Средна'),(106,24,'bg',5,'Edmundo'),(107,24,'bg',1,'135'),(108,24,'bg',2,'52'),(109,24,'bg',3,'Голям'),(110,24,'bg',4,'Средна към силна'),(111,25,'bg',5,'Petit Edmundo'),(112,25,'bg',1,'110'),(113,25,'bg',2,'52'),(114,25,'bg',3,'Голям'),(115,25,'bg',4,'Средна'),(116,26,'bg',5,'Trabucos'),(117,26,'bg',1,'110'),(118,26,'bg',2,'38'),(119,26,'bg',3,'Малък'),(120,26,'bg',4,'Средна към силна'),(121,27,'bg',5,'Forum'),(122,27,'bg',1,'135'),(123,27,'bg',2,'46'),(124,27,'bg',3,'Среден'),(125,27,'bg',4,'Средна'),(126,28,'bg',5,'Robusto'),(127,28,'bg',1,'124'),(128,28,'bg',2,'50'),(129,28,'bg',3,'Голям'),(130,28,'bg',4,'Средна'),(131,29,'bg',5,'Genial'),(132,29,'bg',1,'150'),(133,29,'bg',2,'54'),(134,29,'bg',3,'Голям'),(135,29,'bg',4,'Средна'),(136,30,'bg',5,'Churchill (Julieta N2)'),(137,30,'bg',1,'178'),(138,30,'bg',2,'47'),(139,30,'bg',4,'Средна'),(140,31,'bg',5,'Petit Cetro'),(141,31,'bg',1,'129'),(142,31,'bg',2,'40'),(143,31,'bg',4,'Лека към средна'),(144,32,'bg',5,'Crema'),(145,32,'bg',1,'140'),(146,32,'bg',2,'40'),(147,32,'bg',4,'Средна'),(148,33,'bg',5,'Petit Corona'),(149,33,'bg',1,'129'),(150,33,'bg',2,'49'),(151,33,'bg',4,'Средна'),(152,34,'bg',5,'Coronita'),(153,34,'bg',1,'117'),(154,34,'bg',2,'40'),(155,34,'bg',4,'Средна'),(156,35,'bg',5,'Sport'),(157,35,'bg',1,'117'),(158,35,'bg',2,'35'),(159,35,'bg',3,'Малък'),(160,35,'bg',4,'Лека към средна'),(161,36,'bg',5,'Belicoso (Кампана)'),(162,36,'bg',1,'140'),(163,36,'bg',2,'52'),(164,36,'bg',3,'Голям'),(165,37,'bg',5,'Hermoso N4'),(166,37,'bg',1,'127'),(167,37,'bg',2,'47'),(168,37,'bg',3,'Среден'),(169,38,'bg',5,'Montesco'),(170,38,'bg',1,'130'),(171,38,'bg',2,'55'),(172,38,'bg',3,'Голям'),(173,38,'bg',4,'Средна'),(174,39,'bg',5,'Robusto'),(175,39,'bg',1,'124'),(176,39,'bg',2,'50'),(177,39,'bg',4,'Средна към силна'),(178,40,'bg',5,'Crema'),(179,40,'bg',1,'140'),(180,40,'bg',2,'40'),(181,40,'bg',3,'Малък'),(182,40,'bg',4,'Средна'),(183,41,'bg',5,'Prominente (Двойна Корона)'),(184,41,'bg',1,'194'),(185,41,'bg',2,'49'),(186,41,'bg',3,'Среден към голям'),(187,41,'bg',4,'Силна'),(188,42,'bg',5,'Petit Corona'),(189,42,'bg',1,'129'),(190,42,'bg',2,'42'),(191,42,'bg',3,'Малък'),(192,42,'bg',4,'Средна'),(193,43,'bg',5,'Robusto'),(194,43,'bg',1,'124'),(195,43,'bg',2,'50'),(196,43,'bg',3,'Голям'),(197,43,'bg',4,'Силна'),(198,44,'bg',5,'Piramide'),(199,44,'bg',1,'156'),(200,44,'bg',2,'52'),(201,44,'bg',3,'Голям'),(202,44,'bg',4,'Силна'),(203,45,'bg',5,'Dalia'),(204,45,'bg',1,'170'),(205,45,'bg',2,'43'),(206,45,'bg',4,'Силна'),(207,46,'bg',5,'Petit Cetro'),(208,46,'bg',1,'129'),(209,46,'bg',2,'40'),(210,46,'bg',3,'Малък'),(211,47,'bg',5,'Gordito'),(212,47,'bg',1,'141'),(213,47,'bg',2,'50'),(214,47,'bg',3,'Голям'),(215,47,'bg',4,'Лека към средна'),(216,48,'bg',5,'Corona Gorda'),(217,48,'bg',1,'143'),(218,48,'bg',2,'46'),(219,48,'bg',3,'Среден'),(220,48,'bg',4,'Лека към средна'),(221,49,'bg',5,'Robusto'),(222,49,'bg',1,'124'),(223,49,'bg',2,'50'),(224,49,'bg',3,'Голям'),(225,49,'bg',4,'Лека към средна'),(226,50,'bg',5,'Crema'),(227,50,'bg',1,'140'),(228,50,'bg',2,'40'),(229,50,'bg',4,'Лека'),(230,51,'bg',5,'Petit Robusto'),(231,51,'bg',1,'102'),(232,51,'bg',2,'50'),(233,51,'bg',3,'Голям'),(234,51,'bg',4,'Лека към средна'),(235,52,'bg',5,'Eminente'),(236,52,'bg',1,'132'),(237,52,'bg',2,'42'),(238,52,'bg',3,'Малък'),(239,52,'bg',4,'Лека към средна'),(240,53,'bg',5,'Corona Gorda'),(241,53,'bg',1,'143'),(242,53,'bg',2,'46'),(243,53,'bg',3,'Среден'),(244,53,'bg',4,'Средна'),(245,54,'bg',5,'Double Robusto'),(246,54,'bg',1,'161'),(247,54,'bg',2,'50'),(248,54,'bg',3,'Голям'),(249,54,'bg',4,'Средна'),(250,55,'bg',5,'Crema'),(251,55,'bg',1,'140'),(252,55,'bg',2,'40'),(253,55,'bg',3,'Малък'),(254,55,'bg',4,'Лека'),(255,56,'bg',5,'Julieta N 2 (Churchill)'),(256,56,'bg',1,'178'),(257,56,'bg',2,'47'),(258,56,'bg',3,'Среден'),(259,57,'bg',5,'Colonial'),(260,57,'bg',1,'132'),(261,57,'bg',2,'44'),(262,57,'bg',3,'Среден'),(263,57,'bg',4,'Средна'),(264,58,'bg',5,'Laguito Especial'),(265,58,'bg',1,'192'),(266,58,'bg',2,'40'),(267,58,'bg',3,'Малък'),(268,58,'bg',4,'Средна към силна'),(269,59,'bg',5,'Rey'),(270,59,'bg',1,'110'),(271,59,'bg',2,'40'),(272,59,'bg',3,'Малък'),(273,59,'bg',4,'Лека'),(274,60,'bg',5,'Doble'),(275,60,'bg',1,'155'),(276,60,'bg',2,'50'),(277,60,'bg',4,'Средна'),(278,61,'bg',5,'Del Valle'),(279,61,'bg',1,'124'),(280,61,'bg',2,'50'),(281,61,'bg',3,'Голям'),(282,61,'bg',4,'Средна'),(283,62,'bg',5,'Campana'),(284,62,'bg',1,'140'),(285,62,'bg',2,'52'),(286,62,'bg',3,'Голям'),(287,62,'bg',4,'Лека към средна'),(288,63,'bg',5,'Minutos'),(289,63,'bg',1,'110'),(290,63,'bg',2,'42'),(291,63,'bg',3,'Среден'),(292,63,'bg',4,'Слаба към средна'),(293,64,'bg',5,'Гордитос'),(294,64,'bg',1,'141'),(295,64,'bg',2,'50'),(296,64,'bg',3,'Голям'),(297,64,'bg',4,'Лека към средна'),(298,65,'bg',5,'Cervante'),(299,65,'bg',1,'165'),(300,65,'bg',2,'42'),(301,65,'bg',4,'Средна към силна'),(302,66,'bg',5,'Prominente'),(303,66,'bg',1,'194'),(304,66,'bg',2,'49'),(305,66,'bg',3,'Голям'),(306,66,'bg',4,'Силна'),(307,67,'bg',5,'Ermoso N4'),(308,67,'bg',1,'127'),(309,67,'bg',2,'48'),(310,67,'bg',3,'Голям'),(311,67,'bg',4,'Средна'),(312,68,'bg',5,'Piramide'),(313,68,'bg',1,'156'),(314,68,'bg',2,'52'),(315,68,'bg',4,'Силна'),(316,69,'bg',5,'Petit Corona'),(317,69,'bg',1,'129'),(318,69,'bg',2,'42'),(319,69,'bg',3,'Малък'),(320,69,'bg',4,'Средна към силна'),(321,70,'bg',5,'Corona Gorda'),(322,70,'bg',1,'143'),(323,70,'bg',2,'46'),(324,70,'bg',3,'Среден'),(325,70,'bg',4,'Средна'),(326,71,'bg',5,'Exquisito'),(327,71,'bg',1,'145'),(328,71,'bg',2,'42'),(329,71,'bg',4,'Средна към силна'),(330,72,'bg',5,'Delicioso'),(331,72,'bg',1,'159'),(332,72,'bg',2,'33'),(333,72,'bg',4,'Лека'),(334,74,'bg',5,'Cazadores JLP'),(335,74,'bg',1,'152'),(336,74,'bg',2,'43'),(337,74,'bg',4,'Средна'),(338,75,'bg',5,'Robusto'),(339,75,'bg',1,'124'),(340,75,'bg',2,'50'),(341,75,'bg',3,'Голям'),(342,75,'bg',4,'Силна'),(343,76,'bg',5,'Campana'),(344,76,'bg',1,'140'),(345,76,'bg',2,'52'),(346,76,'bg',3,'Голям'),(347,76,'bg',4,'Силна'),(348,77,'bg',5,'Cosaco'),(349,77,'bg',1,'135'),(350,77,'bg',2,'42'),(351,77,'bg',3,'Среден'),(352,78,'bg',5,'Cervante'),(353,78,'bg',1,'165'),(354,78,'bg',2,'42'),(355,78,'bg',3,'Среден'),(356,79,'bg',5,'Sublimes'),(357,79,'bg',1,'164'),(358,79,'bg',2,'54'),(359,79,'bg',3,'Голям'),(360,79,'bg',4,'Средна към силна'),(361,80,'bg',5,'Salomon'),(362,80,'bg',1,'184'),(363,80,'bg',2,'57'),(364,80,'bg',3,'Голям'),(365,82,'bg',5,'Duke'),(366,82,'bg',1,'140'),(367,82,'bg',2,'54'),(368,82,'bg',3,'Голям'),(369,83,'bg',5,'Cañonazo'),(370,83,'bg',1,'150'),(371,83,'bg',2,'52'),(372,83,'bg',3,'Голям'),(373,84,'bg',5,'Gordito'),(374,84,'bg',1,'141'),(375,84,'bg',2,'50'),(376,84,'bg',3,'Голям'),(377,85,'bg',5,'Robusto'),(378,85,'bg',1,'124'),(379,85,'bg',2,'50'),(380,85,'bg',3,'Голям'),(381,88,'bg',5,'O`Reilly'),(382,88,'bg',1,'160'),(383,88,'bg',2,'56'),(384,88,'bg',3,'Голям'),(385,89,'bg',5,'Prominente (Double Corona)'),(386,89,'bg',1,'194'),(387,89,'bg',2,'49'),(388,89,'bg',3,'Голям'),(389,90,'bg',5,'Piramide'),(390,90,'bg',1,'156'),(391,90,'bg',3,'52'),(392,90,'bg',4,'Средна към силна'),(393,92,'bg',5,'Стандарт'),(394,92,'bg',1,'123'),(395,92,'bg',2,'40'),(396,92,'bg',3,'Среден'),(397,92,'bg',4,'Лека'),(398,93,'bg',5,'Кристалес'),(399,93,'bg',1,'150'),(400,93,'bg',2,'41'),(401,93,'bg',3,'Среден'),(402,93,'bg',4,'Лека'),(403,94,'bg',5,'Универсалес'),(404,94,'bg',1,'134'),(405,94,'bg',2,'38'),(406,94,'bg',3,'Малък'),(407,94,'bg',4,'Лека'),(408,95,'bg',5,'Чикос'),(409,95,'bg',1,'106'),(410,95,'bg',2,'29'),(411,95,'bg',3,'Малък'),(412,95,'bg',4,'Лека'),(589,22,'bg',14,'14.00'),(588,21,'bg',14,'18.00'),(587,20,'bg',14,'24.00'),(586,10,'bg',14,'50.00'),(585,9,'bg',14,'45.00'),(584,8,'bg',14,'30.00'),(583,7,'bg',14,'27.00'),(581,5,'bg',14,'18.00'),(580,17,'bg',14,'38.00'),(579,15,'bg',14,'50.00'),(578,14,'bg',14,'30.00'),(577,19,'bg',14,'33.00'),(576,16,'bg',14,'19.60'),(575,18,'bg',14,'16.80'),(574,11,'bg',14,'18.50'),(573,12,'bg',14,'36.50'),(433,111,'bg',1,'124'),(434,111,'bg',2,'17'),(435,112,'bg',1,'101'),(436,112,'bg',2,'13'),(437,113,'bg',1,'155'),(438,113,'bg',2,'13'),(439,114,'bg',1,'107'),(440,114,'bg',2,'12'),(441,115,'bg',6,'5 броя в картонена кутия'),(442,115,'bg',7,'Натурален'),(443,115,'bg',8,'Средна по сила пурета с мундщук и филтър'),(444,115,'bg',9,'Холандия'),(445,116,'bg',6,'5 броя в картонена кутия'),(446,116,'bg',7,'Сладък привкус'),(447,116,'bg',8,'Средна по сила пурета с мундщук и филтър'),(448,116,'bg',9,'Холандия'),(449,117,'bg',6,'5 броя в картонена кутия'),(450,117,'bg',7,'Натурален'),(451,117,'bg',8,'Лека пурета с мундщук, филтър и активен филтър'),(452,117,'bg',9,'Холандия'),(453,118,'bg',6,'10 броя, картонена табакера'),(454,118,'bg',7,'Лек ванилов привкус'),(455,118,'bg',8,'Ароматни пурети с филтър и явански обвивен лист'),(456,118,'bg',9,'Холандия'),(457,119,'bg',6,'5 броя, метална кутийка'),(458,119,'bg',7,'Лек ванилов привкус'),(459,119,'bg',8,'Ароматни пурети с филтър и явански обвивен лист'),(460,119,'bg',9,'Холандия'),(461,120,'bg',6,'10 броя, картонена табакера'),(462,120,'bg',7,'Натурален'),(463,120,'bg',8,'Средни по сила пурети с обвивен явански лист'),(464,120,'bg',9,'Холандия'),(465,121,'bg',6,'10 броя, картонена табакера'),(466,122,'bg',6,'10 броя, картонена табакера'),(467,122,'bg',7,'Лек ванилов привкус'),(468,122,'bg',8,'Ароматни пурети с явански обвивен лист'),(469,122,'bg',9,'Холандия'),(470,123,'bg',6,'10 броя, картонена табакера'),(471,123,'bg',7,'Натурален'),(472,123,'bg',8,'Пурети с мек вкус и бразилски обвивен лист'),(473,123,'bg',9,'Холандия'),(474,124,'bg',6,'10 броя в метална табакера'),(475,124,'bg',7,'Привкус на кафе'),(476,124,'bg',8,'Ароматна пурета с филтър, средна като сила'),(477,124,'bg',9,'Холандия'),(478,125,'bg',6,'10 броя в метална табакера'),(479,125,'bg',7,'Лек ванилов привкус'),(480,125,'bg',8,'Ароматни пурети с обвивен еквадорски тютюн'),(481,125,'bg',9,'Холандия'),(482,126,'bg',6,'10 броя в метална табакера'),(483,126,'bg',7,'Натурален'),(484,126,'bg',8,'Лека пурета с обвивен лист „Кънектикът шейд”'),(485,126,'bg',9,'Холандия'),(486,127,'bg',6,'10 броя в метална табакера'),(487,127,'bg',7,'Натурален'),(488,127,'bg',8,'Средна по сила пурета с явански обвивен лист'),(489,127,'bg',9,'Холандия'),(490,128,'bg',6,'10 броя в метална табакера'),(491,128,'bg',7,'Натурален'),(492,128,'bg',8,'Пурета с класически вкус, средна като сила'),(493,128,'bg',9,'Холандия'),(494,129,'bg',6,'10 броя в картонена кутия'),(495,129,'bg',7,'Натурален'),(496,129,'bg',8,'Преход между пура и пурета, силна'),(497,129,'bg',9,'Холандия'),(498,130,'bg',6,'10 броя в картонена табакера'),(499,130,'bg',7,'Привкус на мед'),(500,130,'bg',9,'Германия'),(501,131,'bg',6,'10 броя в картонена табакера'),(502,131,'bg',7,'Привкус на ванилия'),(503,131,'bg',9,'Германия'),(504,132,'bg',6,'10 броя в картонена табакера'),(505,132,'bg',7,'Привкус на уиски'),(506,132,'bg',9,'Германия'),(507,133,'bg',6,'10 броя в картонена табакера'),(508,133,'bg',7,'Привкус на череша'),(509,133,'bg',9,'Германия'),(510,134,'bg',6,'10 броя в картонена табакера'),(511,134,'bg',7,'Привкус на кафе'),(512,134,'bg',9,'Германия'),(513,135,'bg',6,'10 броя в картонена табакера'),(514,135,'bg',7,'Привкус на черен шоколад'),(515,135,'bg',9,'Германия'),(516,136,'bg',6,'10 броя в метална табакера'),(517,136,'bg',7,'Изтънчен аромат на череша'),(518,136,'bg',8,'Средна като сила ароматна пурета с пластмасов мундщук и вграден в него филтър'),(519,136,'bg',9,'Германия'),(520,137,'bg',6,'10 броя в метална табакера'),(521,137,'bg',7,'Изтънчен аромат на мед'),(522,137,'bg',8,'Средна като сила ароматна пурета с пластмасов мундщук и вграден в него филтър'),(523,137,'bg',9,'Германия'),(524,138,'bg',6,'5 броя в картонена кутия'),(525,138,'bg',7,'Лек ванилов привкус'),(526,138,'bg',8,'Пурета от групата на Tip-cigarilos, с пластмасов мундщук'),(527,138,'bg',9,'Германия'),(528,139,'bg',6,'10 броя в картонена табакера'),(529,139,'bg',7,'Привкус на уиски'),(530,139,'bg',9,'Германия'),(531,140,'bg',6,'10 броя в картонена табакера'),(532,140,'bg',7,'Привкус на ванилия'),(533,140,'bg',9,'Германия'),(534,141,'bg',6,'10 броя в картонена табакера'),(535,141,'bg',7,'Привкус на мед'),(536,141,'bg',9,'Германия'),(537,202,'bg',10,'карбон, кедрово дърво'),(538,202,'bg',11,'скрити панти, овлажнител'),(539,203,'bg',10,'карбон, кедрово дърво'),(540,203,'bg',11,'скрити панти, овлажнител'),(541,111,'bg',6,'5 броя, картонена кутия'),(542,111,'bg',7,'Натурален'),(543,111,'bg',8,'Всяка от пурите е обвита в индивидуално фолио'),(544,111,'bg',9,'Германия'),(545,112,'bg',6,'5 броя, картонена кутия/ 20 броя, пластмасова кутия'),(546,112,'bg',7,'Натурален'),(547,112,'bg',8,'Всяка от пурите е обвита в индивидуално фолио'),(548,112,'bg',9,'Германия'),(549,113,'bg',6,'5 броя'),(550,113,'bg',7,'Натурален'),(551,113,'bg',8,'Всяка от пурите е обвита в индивидуално фолио'),(552,113,'bg',9,'Германия'),(553,114,'bg',6,'5 броя'),(554,114,'bg',7,'Лек аромат на ванилия'),(555,114,'bg',8,'Всяка от пурите е обвита в индивидуално фолио'),(556,114,'bg',9,'Германия'),(567,227,'bg',14,'22.50'),(582,6,'bg',14,'22.50'),(569,1,'bg',14,'52.00'),(570,2,'bg',14,'68.00'),(571,3,'bg',14,'74.00'),(572,13,'bg',14,'40.00'),(562,204,'bg',5,'Robusto'),(563,204,'bg',1,'124'),(564,204,'bg',2,'50'),(565,204,'bg',4,'Силна'),(566,2,'bg',5,'Laguito No.5'),(590,23,'bg',14,'11.50'),(591,24,'bg',14,'22.00'),(592,25,'bg',14,'18.50'),(593,29,'bg',14,'28.00'),(594,26,'bg',14,'12.50'),(595,28,'bg',14,'22.00'),(596,27,'bg',14,'18.00'),(597,36,'bg',14,'22.00'),(598,31,'bg',14,'8.80'),(599,37,'bg',14,'18.00'),(600,32,'bg',14,'12.50'),(601,33,'bg',14,'11.00'),(602,34,'bg',14,'10.50'),(603,35,'bg',14,'7.50'),(604,30,'bg',14,'32.00'),(605,39,'bg',14,'18.00'),(606,38,'bg',14,'22.00'),(607,45,'bg',14,'22.00'),(608,46,'bg',14,'8.50'),(609,40,'bg',14,'12.50'),(610,41,'bg',14,'28.00'),(611,42,'bg',14,'8.80'),(612,43,'bg',14,'18.00'),(613,44,'bg',14,'21.50'),(614,50,'bg',14,'8.50'),(615,51,'bg',14,'15.00'),(616,47,'bg',14,'20.00'),(617,48,'bg',14,'18.50'),(618,49,'bg',14,'17.50'),(619,52,'bg',14,'11.00'),(620,55,'bg',14,'8.50'),(621,56,'bg',14,'32.00'),(622,53,'bg',14,'23.00'),(623,54,'bg',14,'21.50'),(624,57,'bg',14,'18.00'),(625,58,'bg',14,'38.00'),(626,59,'bg',14,'14.50'),(627,60,'bg',14,'38.00'),(628,61,'bg',14,'32.00'),(629,63,'bg',14,'11.00'),(630,64,'bg',14,'21.00'),(631,62,'bg',14,'19.20'),(632,76,'bg',14,'20.00'),(633,75,'bg',14,'21.00'),(634,65,'bg',14,'18.00'),(635,66,'bg',14,'29.00'),(636,67,'bg',14,'16.60'),(637,68,'bg',14,'22.00'),(638,204,'bg',14,'15.50'),(639,69,'bg',14,'11.00'),(640,70,'bg',14,'24.00'),(641,71,'bg',14,'15.20'),(642,72,'bg',14,'8.50'),(643,73,'bg',14,'6.50'),(644,74,'bg',14,'6.80'),(645,77,'bg',14,'18.00'),(646,78,'bg',14,'17.50'),(647,79,'bg',14,'29.00'),(648,80,'bg',14,'28.00'),(649,81,'bg',14,'68.00'),(650,83,'bg',14,'34.00'),(651,84,'bg',14,'28.00'),(652,82,'bg',14,'28.00'),(653,85,'bg',14,'63.33'),(654,87,'bg',14,'32.00'),(655,86,'bg',14,'56.00'),(656,88,'bg',14,'100.00'),(657,89,'bg',14,'155.00'),(658,90,'bg',14,'37.60'),(659,91,'bg',14,'35.60');
/*!40000 ALTER TABLE `product_productattribute` ENABLE KEYS */;
UNLOCK TABLES;

--
-- Table structure for table `product_productimage`
--

DROP TABLE IF EXISTS `product_productimage`;
/*!40101 SET @saved_cs_client     = @@character_set_client */;
/*!40101 SET character_set_client = utf8 */;
CREATE TABLE `product_productimage` (
  `id` int(11) NOT NULL auto_increment,
  `product_id` int(11) default NULL,
  `picture` varchar(200) NOT NULL,
  `caption` varchar(100) default NULL,
  `sort` int(11) NOT NULL,
  PRIMARY KEY  (`id`),
  KEY `product_productimage_44bdf3ee` (`product_id`)
) ENGINE=MyISAM AUTO_INCREMENT=203 DEFAULT CHARSET=utf8;
/*!40101 SET character_set_client = @saved_cs_client */;

--
-- Dumping data for table `product_productimage`
--

LOCK TABLES `product_productimage` WRITE;
/*!40000 ALTER TABLE `product_productimage` DISABLE KEYS */;
INSERT INTO `product_productimage` VALUES (1,NULL,'images/productimage-picture-default.jpg','Photo Not Available',1),(2,1,'images/productimage-picture-cohiba-behike-bhk-52-2.png','',0),(3,3,'images/productimage-picture-cohiba-behike-bhk-56-3.png','',0),(4,2,'images/productimage-picture-cohiba-behike-bhk-54-4.png','',0),(5,13,'images/productimage-picture-cohiba-maduro-genios-5.jpg','',0),(6,12,'images/productimage-picture-cohiba-maduro-magicos-6.jpg','',0),(7,11,'images/productimage-picture-cohiba-maduro-secretos-7.png','',0),(8,18,'images/productimage-picture-cohiba-panetelas-8.jpg','',0),(9,153,'images/productimage-picture-clan-highland-gold-9.png','',0),(10,152,'images/productimage-picture-clan-fine-aromatic-10.png','',0),(12,16,'images/productimage-picture-cohiba-exquisitos-12.png','',0),(13,19,'images/productimage-picture-cohiba-robustos-13.png','',0),(14,14,'images/productimage-picture-cohiba-corona-especial-14.png','',0),(15,15,'images/productimage-picture-cohiba-esplendidos-15.png','',0),(16,17,'images/productimage-picture-cohiba-lanceros-16.png','',0),(17,5,'images/productimage-picture-cohiba-siglo-i-17.png','',0),(18,6,'images/productimage-picture-cohiba-siglo-ii-18.png','',0),(19,7,'images/productimage-picture-cohiba-siglo-iii-19.png','',0),(20,8,'images/productimage-picture-cohiba-siglo-iv-20.png','',0),(21,9,'images/productimage-picture-cohiba-siglo-v-21.png','',0),(22,10,'images/productimage-picture-cohiba-siglo-vi-22.png','',0),(23,24,'images/productimage-picture-montecristo-edmundo-23.png','',0),(24,20,'images/productimage-picture-montecristo-n2-24.png','',0),(25,21,'images/productimage-picture-montecristo-n3-25.png','',0),(26,22,'images/productimage-picture-montecristo-n4-26.png','',0),(27,23,'images/productimage-picture-montecristo-n5-27.png','',0),(28,29,'images/productimage-picture-montecristo-open-eagle-28.png','',0),(29,26,'images/productimage-picture-montecristo-open-junior-29.png','',0),(30,28,'images/productimage-picture-montecristo-open-master-30.png','',0),(31,27,'images/productimage-picture-montecristo-open-regata-31.png','',0),(32,25,'images/productimage-picture-montecristo-petit-edmundo-32.png','',0),(33,36,'images/productimage-picture-romeo-y-julieta-belicosos-33.png','',0),(34,30,'images/productimage-picture-romeo-y-julieta-churchills-34.png','',0),(35,31,'images/productimage-picture-romeo-y-julieta-coronitas-en-cedro-35.png','',0),(36,37,'images/productimage-picture-romeo-y-julieta-exhibicion-n4-36.png','',0),(37,32,'images/productimage-picture-romeo-y-julieta-romeo-n1-37.png','',0),(38,33,'images/productimage-picture-romeo-y-julieta-romeo-n2-38.png','',0),(39,34,'images/productimage-picture-romeo-y-julieta-romeo-n3-39.png','',0),(40,39,'images/productimage-picture-romeo-y-julieta-short-churchills-40.png','',0),(41,35,'images/productimage-picture-romeo-y-julieta-sport-largos-41.png','',0),(42,38,'images/productimage-picture-romeo-y-julieta-wide-churchills-42.png','',0),(43,45,'images/productimage-picture-partagas-8-9-8-43.png','',0),(44,46,'images/productimage-picture-partagas-aristocrat-44.png','',0),(45,40,'images/productimage-picture-partagas-de-luxe-45.png','',0),(46,41,'images/productimage-picture-partagas-lusitanias-46.png','',0),(47,42,'images/productimage-picture-partagas-mille-fleur-47.png','',0),(48,43,'images/productimage-picture-partagas-serie-d-n4-48.png','',0),(49,44,'images/productimage-picture-partagas-serie-p-n2-49.png','',0),(50,47,'images/productimage-picture-hoyo-de-monterrey-epicure-especial-50.png','',0),(51,48,'images/productimage-picture-hoyo-de-monterrey-epicure-n1-51.png','',0),(52,49,'images/productimage-picture-hoyo-de-monterrey-epicure-n2-52.png','',0),(53,50,'images/productimage-picture-hoyo-de-monterrey-epicure-palma-extra-53.png','',0),(54,51,'images/productimage-picture-hoyo-de-monterrey-petit-robustos-54.png','',0),(55,52,'images/productimage-picture-h-upmann-coronas-major-55.png','',0),(56,53,'images/productimage-picture-h-upmann-magnum-46-56.png','',0),(57,54,'images/productimage-picture-h-upmann-magnum-50-57.png','',0),(58,55,'images/productimage-picture-h-upmann-majestic-58.png','',0),(59,56,'images/productimage-picture-h-upmann-sir-winston-59.png','',0),(60,57,'images/productimage-picture-trinidad-coloniales-60.png','',0),(61,58,'images/productimage-picture-trinidad-fundadores-61.png','',0),(62,59,'images/productimage-picture-trinidad-reyes-62.png','',0),(63,60,'images/productimage-picture-trinidad-robusto-extra-63.png','',0),(64,61,'images/productimage-picture-trinidad-robusto-t-64.png','',0),(65,63,'images/productimage-picture-san-cristobal-el-principe-65.png','',0),(66,64,'images/productimage-picture-san-cristobal-la-fuerza-66.png','',0),(67,62,'images/productimage-picture-san-cristobal-la-punta-67.png','',0),(68,76,'images/productimage-picture-bolivar-belicosos-fino-68.png','',0),(69,75,'images/productimage-picture-bolivar-royal-corona-69.bmp','',0),(70,65,'images/productimage-picture-vegas-robaina-clasicos-70.png','',0),(71,66,'images/productimage-picture-vegas-robaina-don-alejandro-71.png','',0),(72,67,'images/productimage-picture-vegas-robaina-famosos-72.png','',0),(73,68,'images/productimage-picture-vegas-robaina-unicos-73.png','',0),(74,204,'images/productimage-picture-especially-selected-74.png','',0),(75,71,'images/productimage-picture-cuaba-exclusivos-75.png','',0),(76,72,'images/productimage-picture-por-larranaga-montecarlos-76.png','',0),(77,73,'images/productimage-picture-rafael-gonzalez-panetelas-extra-77.png','',0),(78,74,'images/productimage-picture-jose-l-piedra-cazadores-78.png','',0),(79,78,'images/productimage-picture-bolivar-gold-medal-79.png','',0),(80,81,'images/productimage-picture-estuche-x-festival-80.png','',0),(81,77,'images/productimage-picture-h-upmann-noellas-81.png','',0),(82,79,'images/productimage-picture-la-gloria-cubana-inmensos-82.png','',0),(83,80,'images/productimage-picture-partagas-salomones-83.png','',0),(84,92,'images/productimage-picture-guantanamera-compay-84.png','',0),(85,93,'images/productimage-picture-guantanamera-cristales-85.png','',0),(86,94,'images/productimage-picture-guantanamera-decimos-86.png','',0),(87,95,'images/productimage-picture-guantanamera-puritos-87.png','',0),(88,96,'images/productimage-picture-belinda-88.png','',0),(89,100,'images/productimage-picture-cohiba-club-89.png','',0),(90,97,'images/productimage-picture-mini-90.png','',0),(92,101,'images/productimage-picture-montecristo-club-92.png','',0),(93,98,'images/productimage-picture-montecristo-mini-93.png','',0),(95,103,'images/productimage-picture-romeo-y-julieta-club-95.png','',0),(96,105,'images/productimage-picture-romeo-i-julieta-puritos-96.png','',0),(97,104,'images/productimage-picture-partagas-chicos-97.png','',0),(98,102,'images/productimage-picture-partagas-club-98.png','',0),(99,99,'images/productimage-picture-partagas-mini-99.png','',0),(100,85,'images/productimage-picture-h-upmann-robustos-2007-100.png','',0),(101,87,'images/productimage-picture-partagas-serie-p-n1-2009-101.png','',0),(102,86,'images/productimage-picture-travel-retail-selection-pack-2008-102.png','',0),(103,111,'images/productimage-picture-villiger-premium-n1-sumatra-103.png','',0),(104,112,'images/productimage-picture-villiger-premium-n7-sumatra-104.png','',0),(105,113,'images/productimage-picture-villiger-premium-n3-sumatra-105.png','',0),(106,114,'images/productimage-picture-villiger-premium-n8-aromatic-106.png','',0),(107,117,'images/productimage-picture-agio-clair-tip-107.png','',0),(108,116,'images/productimage-picture-agio-sweet-tip-108.png','',0),(109,115,'images/productimage-picture-agio-tip-filter-109.png','',0),(110,123,'images/productimage-picture-maharis-brasil-110.png','',0),(111,121,'images/productimage-picture-maharis-ecuador-111.png','',0),(112,120,'images/productimage-picture-maharis-java-112.png','',0),(113,122,'images/productimage-picture-maharis-sweet-orient-113.png','',0),(114,118,'images/productimage-picture-mehari-s-sweet-orient-filter-114.png','',0),(115,119,'images/productimage-picture-maharis-orient-filter-tin-115.png','',0),(116,125,'images/productimage-picture-panter-arome-116.png','',0),(117,126,'images/productimage-picture-panter-blue-117.png','',0),(118,127,'images/productimage-picture-panter-small-118.png','',0),(119,128,'images/productimage-picture-panter-sprint-119.png','',0),(120,129,'images/productimage-picture-panter-senioritas-120.png','',0),(121,124,'images/productimage-picture-panter-dessert-filter-121.png','',0),(122,130,'images/productimage-picture-villiger-premium-honey-filter-122.png','',0),(123,131,'images/productimage-picture-villiger-premium-vanilla-filter-123.png','',0),(124,132,'images/productimage-picture-villiger-premium-whisky-filter-124.png','',0),(125,133,'images/productimage-picture-villiger-premium-cherry-filter-125.png','',0),(126,134,'images/productimage-picture-villiger-premium-coffee-filter-126.png','',0),(127,135,'images/productimage-picture-villiger-premium-dark-chocolate-filter-127.png','',0),(128,136,'images/productimage-picture-villiger-premium-n6-cherry-128.png','',0),(129,137,'images/productimage-picture-villiger-premium-n6-honey-129.png','',0),(130,138,'images/productimage-picture-villiger-rillos-130.png','',0),(131,141,'images/productimage-picture-villiger-premium-honey-131.png','',0),(132,139,'images/productimage-picture-villiger-premium-whisky-132.png','',0),(133,140,'images/productimage-picture-villiger-premium-vanilla-133.png','',0),(134,142,'images/productimage-picture-cohiba-mini-134.png','',0),(135,145,'images/productimage-picture-cohiba-club-1-135.png','',0),(136,143,'images/productimage-picture-montecristo-mini-1-136.png','',0),(137,146,'images/productimage-picture-montecristo-club-1-137.png','',0),(138,144,'images/productimage-picture-partagas-mini-1-138.png','',0),(139,147,'images/productimage-picture-partagas-club-1-139.png','',0),(140,149,'images/productimage-picture-partagas-chicos-1-140.png','',0),(141,148,'images/productimage-picture-romeo-y-julieta-club-1-141.png','',0),(142,150,'images/productimage-picture-romeo-y-julieta-puritos-142.png','',0),(143,151,'images/productimage-picture-clan-aromatic-143.png','',0),(144,154,'images/productimage-picture-w-o-larsen-1864-144.png','',0),(145,155,'images/productimage-picture-w-o-larsen-classic-145.png','',0),(146,156,'images/productimage-picture-w-o-larsen-signature-146.png','',0),(147,157,'images/productimage-picture-w-o-larsen-old-fashioned-147.png','',0),(148,158,'images/productimage-picture-stanwell-classic-148.png','',0),(149,159,'images/productimage-picture-stanwell-full-aroma-149.png','',0),(150,160,'images/productimage-picture-stanwell-melange-150.png','',0),(151,161,'images/productimage-picture-stanwell-vanilla-151.png','',0),(152,162,'images/productimage-picture-alsbo-black-152.png','',0),(153,163,'images/productimage-picture-erinmore-mixture-153.png','',0),(154,164,'images/productimage-picture-colts-american-mixture-154.png','',0),(155,165,'images/productimage-picture-colts-gold-deluxe-155.png','',0),(156,166,'images/productimage-picture-original-choice-156.png','',0),(157,167,'images/productimage-picture-aromatic-choice-157.png','',0),(158,170,'images/productimage-picture-golden-ambrosia-158.png','',0),(159,168,'images/productimage-picture-black-ambrosia-159.png','',0),(160,169,'images/productimage-picture-cherry-ambrosia-160.png','',0),(161,171,'images/productimage-picture-7-seas-gold-blend-161.png','',0),(162,172,'images/productimage-picture-7-seas-regular-blend-162.png','',0),(163,173,'images/productimage-picture-7-seas-royal-blend-163.png','',0),(164,174,'images/productimage-picture-velvet-red-164.png','',0),(165,175,'images/productimage-picture-velvet-green-165.png','',0),(166,176,'images/productimage-picture-bali-shag-halfzware-166.png','',0),(167,177,'images/productimage-picture-bali-shag-mellow-taste-virginia-167.png','',0),(168,178,'images/productimage-picture-bali-shag-rounded-virginia-168.png','',0),(169,210,'images/productimage-picture-classic-blue-bright-red-tin-169.png','',0),(170,211,'images/productimage-picture-classic-red-170.png','',0),(171,212,'images/productimage-picture-classic-blue-tin-171.png','',0),(172,209,'images/productimage-picture-classic-blue-172.png','',0),(173,179,'images/productimage-picture-mac-baren-aromatic-choice-ryo-173.png','',0),(174,180,'images/productimage-picture-mac-baren-cherry-choice-ryo-174.png','',0),(175,181,'images/productimage-picture-mac-baren-grape-choice-ryo-175.png','',0),(176,182,'images/productimage-picture-mac-baren-original-choice-ryo-176.png','',0),(177,183,'images/productimage-picture-mac-baren-vanilla-choice-ryo-177.png','',0),(178,184,'images/productimage-picture-mac-baren-ice-tea-choice-ryo-178.png','',0),(179,185,'images/productimage-picture-mac-baren-apple-choice-ryo-179.png','',0),(180,186,'images/productimage-picture-unitas-excellent-mango-180.png','',0),(181,187,'images/productimage-picture-unitas-excellent-kir-royal-181.png','',0),(182,188,'images/productimage-picture-unitas-excellent-vanilla-182.png','',0),(183,189,'images/productimage-picture-unitas-excellent-cherry-183.png','',0),(184,190,'images/productimage-picture-unitas-excellent-strawberry-184.png','',0),(185,191,'images/productimage-picture-unitas-excellent-menthol-185.png','',0),(186,192,'images/productimage-picture-lexington-american-blend-186.png','',0),(187,193,'images/productimage-picture-lexington-blue-187.png','',0),(188,194,'images/productimage-picture-lexington-virginia-188.png','',0),(189,195,'images/productimage-picture-lexington-vanilla-189.png','',0),(190,198,'images/productimage-picture-black-devil-cherry-flavour-190.png','',0),(191,197,'images/productimage-picture-black-devil-finest-flavour-191.png','',0),(192,196,'images/productimage-picture-black-devil-special-flavour-192.png','',0),(194,199,'images/productimage-picture-che-red-194.png','',0),(195,200,'images/productimage-picture-lexington-blue-1-195.png','',0),(196,201,'images/productimage-picture-lexington-red-196.png','',0),(200,202,'images/productimage-picture-porsche-design-p3681-200.png','',0),(199,203,'images/productimage-picture-porsche-design-p3682-199.png','',0);
/*!40000 ALTER TABLE `product_productimage` ENABLE KEYS */;
UNLOCK TABLES;

--
-- Table structure for table `product_productimagetranslation`
--

DROP TABLE IF EXISTS `product_productimagetranslation`;
/*!40101 SET @saved_cs_client     = @@character_set_client */;
/*!40101 SET character_set_client = utf8 */;
CREATE TABLE `product_productimagetranslation` (
  `id` int(11) NOT NULL auto_increment,
  `productimage_id` int(11) NOT NULL,
  `languagecode` varchar(10) NOT NULL,
  `caption` varchar(255) NOT NULL,
  `version` int(11) NOT NULL,
  `active` tinyint(1) NOT NULL,
  PRIMARY KEY  (`id`),
  UNIQUE KEY `productimage_id` (`productimage_id`,`languagecode`,`version`),
  KEY `product_productimagetranslation_2f19b5e4` (`productimage_id`)
) ENGINE=MyISAM DEFAULT CHARSET=utf8;
/*!40101 SET character_set_client = @saved_cs_client */;

--
-- Dumping data for table `product_productimagetranslation`
--

LOCK TABLES `product_productimagetranslation` WRITE;
/*!40000 ALTER TABLE `product_productimagetranslation` DISABLE KEYS */;
/*!40000 ALTER TABLE `product_productimagetranslation` ENABLE KEYS */;
UNLOCK TABLES;

--
-- Table structure for table `product_productpricelookup`
--

DROP TABLE IF EXISTS `product_productpricelookup`;
/*!40101 SET @saved_cs_client     = @@character_set_client */;
/*!40101 SET character_set_client = utf8 */;
CREATE TABLE `product_productpricelookup` (
  `id` int(11) NOT NULL auto_increment,
  `siteid` int(11) NOT NULL,
  `key` varchar(60) default NULL,
  `parentid` int(11) default NULL,
  `productslug` varchar(255) NOT NULL,
  `price` decimal(14,6) NOT NULL,
  `quantity` decimal(18,6) NOT NULL,
  `active` tinyint(1) NOT NULL,
  `discountable` tinyint(1) NOT NULL,
  `items_in_stock` decimal(18,6) NOT NULL,
  PRIMARY KEY  (`id`),
  KEY `product_productpricelookup_693949e4` (`productslug`)
) ENGINE=MyISAM AUTO_INCREMENT=2340 DEFAULT CHARSET=utf8;
/*!40101 SET character_set_client = @saved_cs_client */;

--
-- Dumping data for table `product_productpricelookup`
--

LOCK TABLES `product_productpricelookup` WRITE;
/*!40000 ALTER TABLE `product_productpricelookup` DISABLE KEYS */;
INSERT INTO `product_productpricelookup` VALUES (1904,1,'20',29,'montecristo-open-eagle_20','560.000000','1.000000',1,1,'0.000000'),(2147,1,NULL,NULL,'cohiba-siglo-vi','50.000000','1.000000',1,1,'0.000000'),(2160,1,'3 ',24,'montecristo-edmundo_3','66.000000','1.000000',1,1,'0.000000'),(1898,1,NULL,NULL,'cohiba-siglo-v','135.000000','1.000000',1,1,'0.000000'),(2133,1,'25',8,'cohiba-siglo-iv_25','750.000000','1.000000',1,1,'0.000000'),(2132,1,'3 tubos',8,'cohiba-siglo-iv_3-tubos','111.000000','1.000000',1,1,'0.000000'),(2136,1,NULL,NULL,'cohiba-siglo-iv_5','150.000000','1.000000',1,1,'-1.000000'),(2130,1,NULL,NULL,'cohiba-siglo-iv','30.000000','1.000000',1,1,'0.000000'),(1893,1,'3 tubos',7,'cohiba-siglo-iii_3-tubos','99.000000','1.000000',1,1,'0.000000'),(1892,1,'5',7,'cohiba-siglo-iii_5','135.000000','1.000000',1,1,'0.000000'),(1891,1,'25 tubos',7,'cohiba-siglo-iii_25-tubos','675.000000','1.000000',1,1,'0.000000'),(1890,1,NULL,NULL,'cohiba-siglo-iii','135.000000','1.000000',1,1,'0.000000'),(1889,1,'25',6,'cohiba-siglo-ii_25','562.500000','1.000000',1,1,'0.000000'),(2109,1,'3 tubos',6,'cohiba-siglo-ii_3-tubos','78.000000','1.000000',1,1,'-1.000000'),(1887,1,NULL,NULL,'cohiba-siglo-ii','562.500000','1.000000',1,1,'0.000000'),(2338,1,'5',5,'cohiba-siglo-i_5','90.000000','1.000000',1,1,'0.000000'),(2336,1,'3 tubos',5,'cohiba-siglo-i_3','67.500000','1.000000',1,1,'0.000000'),(2334,1,'25',5,'cohiba-siglo-i_25','450.000000','1.000000',1,1,'0.000000'),(1883,1,NULL,NULL,'cohiba-siglo-i','90.000000','1.000000',1,1,'34.000000'),(1882,1,NULL,NULL,'cohiba-lanceros','190.000000','1.000000',1,1,'0.000000'),(2154,1,NULL,NULL,'cohiba-esplendidos','150.000000','1.000000',1,1,'0.000000'),(1880,1,NULL,NULL,'cohiba-corona-especial','150.000000','1.000000',1,1,'0.000000'),(1879,1,'3',19,'cohiba-robustos_3','99.000000','1.000000',1,1,'0.000000'),(1878,1,'25',19,'cohiba-robustos_25','825.000000','1.000000',1,1,'0.000000'),(1713,1,NULL,NULL,'bolivar-royal-corona','210.000000','1.000000',1,1,'0.000000'),(1877,1,NULL,NULL,'cohiba-robustos','99.000000','1.000000',1,1,'0.000000'),(1876,1,NULL,NULL,'cohiba-exquisitos','98.000000','1.000000',1,1,'0.000000'),(1875,1,NULL,NULL,'cohiba-panetelas','84.000000','1.000000',1,1,'0.000000'),(1874,1,NULL,NULL,'cohiba-maduro-secretos','185.000000','1.000000',1,1,'0.000000'),(2150,1,NULL,NULL,'cohiba-maduro-magicos','365.000000','1.000000',1,1,'0.000000'),(2152,1,NULL,NULL,'cohiba-maduro-genios','400.000000','1.000000',1,1,'-1.000000'),(1871,1,NULL,NULL,'cohiba-behike-bhk-56','740.000000','1.000000',1,1,'345.000000'),(1870,1,NULL,NULL,'cohiba-behike-bhk-54','680.000000','1.000000',1,1,'20.000000'),(2339,1,NULL,NULL,'cohiba-behike-bhk-52','520.000000','1.000000',1,1,'471.000000'),(2266,1,NULL,NULL,'w-o-larsen-signature','49.500000','1.000000',1,1,'0.000000'),(2268,1,NULL,NULL,'w-o-larsen-old-fashioned','49.500000','1.000000',1,1,'0.000000'),(2264,1,NULL,NULL,'w-o-larsen-classic','49.500000','1.000000',1,1,'0.000000'),(2262,1,NULL,NULL,'w-o-larsen-1864','49.500000','1.000000',1,1,'0.000000'),(1864,1,NULL,NULL,'villiger-rillos','5.990000','1.000000',1,1,'0.000000'),(1863,1,NULL,NULL,'villiger-premium-whisky-filter','10.000000','1.000000',1,1,'0.000000'),(1862,1,NULL,NULL,'villiger-premium-whisky','10.000000','1.000000',1,1,'0.000000'),(1861,1,NULL,NULL,'villiger-premium-vanilla-filter','10.000000','1.000000',1,1,'0.000000'),(1860,1,NULL,NULL,'villiger-premium-vanilla','10.000000','1.000000',1,1,'0.000000'),(1859,1,NULL,NULL,'villiger-premium-n6-honey','19.800000','1.000000',1,1,'0.000000'),(1858,1,NULL,NULL,'villiger-premium-n6-cherry','19.800000','1.000000',1,1,'0.000000'),(1857,1,NULL,NULL,'villiger-premium-honey-filter','10.000000','1.000000',1,1,'0.000000'),(1856,1,NULL,NULL,'villiger-premium-honey','10.000000','1.000000',1,1,'0.000000'),(1855,1,NULL,NULL,'villiger-premium-dark-chocolate-filter','10.000000','1.000000',1,1,'0.000000'),(1854,1,NULL,NULL,'villiger-premium-coffee-filter','10.000000','1.000000',1,1,'0.000000'),(1853,1,NULL,NULL,'villiger-premium-cherry-filter','10.000000','1.000000',1,1,'0.000000'),(1852,1,NULL,NULL,'velvet-red','18.500000','1.000000',1,1,'0.000000'),(1851,1,NULL,NULL,'velvet-green','18.500000','1.000000',1,1,'0.000000'),(1850,1,NULL,NULL,'vegas-robaina-unicos','550.000000','1.000000',1,1,'0.000000'),(2208,1,NULL,NULL,'vegas-robaina-famosos','83.000000','1.000000',1,1,'0.000000'),(2204,1,NULL,NULL,'vegas-robaina-don-alejandro','725.000000','1.000000',1,1,'0.000000'),(2202,1,NULL,NULL,'vegas-robaina-clasicos','90.000000','1.000000',1,1,'0.000000'),(1846,1,NULL,NULL,'unitas-excellent-vanilla','11.500000','1.000000',1,1,'0.000000'),(1845,1,NULL,NULL,'unitas-excellent-strawberry','11.500000','1.000000',1,1,'0.000000'),(1844,1,NULL,NULL,'unitas-excellent-menthol','11.500000','1.000000',1,1,'0.000000'),(1843,1,NULL,NULL,'unitas-excellent-mango','11.500000','1.000000',1,1,'0.000000'),(1842,1,NULL,NULL,'unitas-excellent-kir-royal','11.500000','1.000000',1,1,'0.000000'),(1841,1,NULL,NULL,'unitas-excellent-cherry','11.500000','1.000000',1,1,'0.000000'),(2059,1,NULL,NULL,'trinidad-robusto-t','384.000000','1.000000',1,1,'0.000000'),(2054,1,NULL,NULL,'trinidad-robusto-extra','114.000000','1.000000',1,1,'0.000000'),(2064,1,NULL,NULL,'trinidad-reyes','174.000000','1.000000',1,1,'0.000000'),(2192,1,NULL,NULL,'trinidad-fundadores','912.000000','1.000000',1,1,'0.000000'),(2188,1,NULL,NULL,'trinidad-coloniales','90.000000','1.000000',1,1,'0.000000'),(2230,1,NULL,NULL,'travel-retail-selection-pack-2008','168.000000','1.000000',1,1,'0.000000'),(2276,1,NULL,NULL,'stanwell-vanilla','18.500000','1.000000',1,1,'0.000000'),(2274,1,NULL,NULL,'stanwell-melange','18.500000','1.000000',1,1,'0.000000'),(2272,1,NULL,NULL,'stanwell-full-aroma','18.500000','1.000000',1,1,'0.000000'),(2270,1,NULL,NULL,'stanwell-classic','18.500000','1.000000',1,1,'0.000000'),(1830,1,NULL,NULL,'seleccion-robustos','178.000000','1.000000',1,1,'0.000000'),(1829,1,NULL,NULL,'seleccion-piramides','188.000000','1.000000',1,1,'0.000000'),(2196,1,NULL,NULL,'san-cristobal-la-punta','480.000000','1.000000',1,1,'0.000000'),(2200,1,NULL,NULL,'san-cristobal-la-fuerza','525.000000','1.000000',1,1,'0.000000'),(2198,1,NULL,NULL,'san-cristobal-el-principe','275.000000','1.000000',1,1,'0.000000'),(2234,1,NULL,NULL,'san-cristobal','2000.000000','1.000000',1,1,'0.000000'),(1973,1,NULL,NULL,'romeo-y-julieta-wide-churchills','220.000000','1.000000',1,1,'0.000000'),(1823,1,NULL,NULL,'romeo-y-julieta-sport-largos','187.500000','1.000000',1,1,'0.000000'),(1978,1,NULL,NULL,'romeo-y-julieta-short-churchills','450.000000','1.000000',1,1,'0.000000'),(1992,1,NULL,NULL,'romeo-y-julieta-romeo-n3','262.500000','1.000000',1,1,'0.000000'),(1999,1,NULL,NULL,'romeo-y-julieta-romeo-n2','275.000000','1.000000',1,1,'0.000000'),(1985,1,NULL,NULL,'romeo-y-julieta-romeo-n1','125.000000','1.000000',1,1,'0.000000'),(2258,1,NULL,NULL,'romeo-y-julieta-puritos','12.500000','1.000000',1,1,'0.000000'),(1817,1,NULL,NULL,'romeo-y-julieta-exhibicion-n4','450.000000','1.000000',1,1,'0.000000'),(2222,1,NULL,NULL,'romeo-y-julieta-duke','280.000000','1.000000',1,1,'0.000000'),(1815,1,NULL,NULL,'romeo-y-julieta-coronitas-en-cedro','220.000000','1.000000',1,1,'0.000000'),(1814,1,NULL,NULL,'romeo-y-julieta-club-1','30.000000','1.000000',1,1,'0.000000'),(2248,1,NULL,NULL,'romeo-y-julieta-club','30.000000','1.000000',1,1,'0.000000'),(1966,1,NULL,NULL,'romeo-y-julieta-churchills','800.000000','1.000000',1,1,'0.000000'),(1811,1,NULL,NULL,'romeo-y-julieta-belicosos','550.000000','1.000000',1,1,'0.000000'),(1810,1,NULL,NULL,'rafael-gonzalez-panetelas-extra','162.500000','1.000000',1,1,'0.000000'),(2090,1,NULL,NULL,'puritos','32.000000','1.000000',1,1,'0.000000'),(1808,1,NULL,NULL,'punch-punch','240.000000','1.000000',1,1,'0.000000'),(2212,1,NULL,NULL,'punch-coronation','275.000000','1.000000',1,1,'0.000000'),(1806,1,NULL,NULL,'por-larranaga-montecarlos','212.500000','1.000000',1,1,'0.000000'),(2006,1,NULL,NULL,'partagas-serie-p-n2','215.000000','1.000000',1,1,'0.000000'),(2011,1,NULL,NULL,'partagas-serie-d-n4','180.000000','1.000000',1,1,'0.000000'),(2232,1,NULL,NULL,'partagas-serie-p-n1-2009','800.000000','1.000000',1,1,'0.000000'),(2228,1,NULL,NULL,'partagas-serie-d-especial','280.000000','1.000000',1,1,'0.000000'),(2218,1,NULL,NULL,'partagas-salomones','280.000000','1.000000',1,1,'0.000000'),(1800,1,NULL,NULL,'partagas-mini-1','12.500000','1.000000',1,1,'0.000000'),(2240,1,NULL,NULL,'partagas-mini','12.500000','1.000000',1,1,'0.000000'),(2024,1,NULL,NULL,'partagas-mille-fleur','88.000000','1.000000',1,1,'0.000000'),(1797,1,NULL,NULL,'partagas-lusitanias','280.000000','1.000000',1,1,'0.000000'),(2172,1,NULL,NULL,'partagas-de-luxe','125.000000','1.000000',1,1,'0.000000'),(1795,1,NULL,NULL,'partagas-club-1','15.000000','1.000000',1,1,'0.000000'),(2246,1,NULL,NULL,'partagas-club','15.000000','1.000000',1,1,'0.000000'),(1793,1,NULL,NULL,'partagas-chicos-1','10.500000','1.000000',1,1,'0.000000'),(2250,1,NULL,NULL,'partagas-chicos','10.500000','1.000000',1,1,'0.000000'),(1791,1,NULL,NULL,'partagas-aristocrat','42.500000','1.000000',1,1,'0.000000'),(2176,1,NULL,NULL,'partagas-8-9-8','220.000000','1.000000',1,1,'0.000000'),(1789,1,NULL,NULL,'panter-sprint','8.800000','1.000000',1,1,'0.000000'),(1788,1,NULL,NULL,'panter-small','8.800000','1.000000',1,1,'0.000000'),(1787,1,NULL,NULL,'panter-dessert-filter','9.950000','1.000000',1,1,'0.000000'),(1786,1,NULL,NULL,'panter-blue','8.800000','1.000000',1,1,'0.000000'),(1785,1,NULL,NULL,'panter-arome','8.800000','1.000000',1,1,'0.000000'),(2286,1,NULL,NULL,'original-choice','18.500000','1.000000',1,1,'0.000000'),(2166,1,NULL,NULL,'montecristo-petit-edmundo','185.000000','1.000000',1,1,'0.000000'),(1917,1,NULL,NULL,'montecristo-open-regata','360.000000','1.000000',1,1,'0.000000'),(1907,1,NULL,NULL,'montecristo-open-master','440.000000','1.000000',1,1,'0.000000'),(1912,1,NULL,NULL,'montecristo-open-junior','250.000000','1.000000',1,1,'0.000000'),(1902,1,NULL,NULL,'montecristo-open-eagle','560.000000','1.000000',1,1,'0.000000'),(1961,1,NULL,NULL,'montecristo-n5','287.500000','1.000000',1,1,'0.000000'),(1954,1,NULL,NULL,'montecristo-n4','70.000000','1.000000',1,1,'0.000000'),(1947,1,NULL,NULL,'montecristo-n3','90.000000','1.000000',1,1,'0.000000'),(1942,1,NULL,NULL,'montecristo-n2','240.000000','1.000000',1,1,'0.000000'),(1774,1,NULL,NULL,'montecristo-mini-1','16.000000','1.000000',1,1,'0.000000'),(2238,1,NULL,NULL,'montecristo-mini','16.000000','1.000000',1,1,'0.000000'),(1772,1,NULL,NULL,'montecristo-humidor-replica-2009','6200.000000','1.000000',1,1,'0.000000'),(2224,1,NULL,NULL,'montecristo-grand-edmundo','340.000000','1.000000',1,1,'0.000000'),(2159,1,NULL,NULL,'montecristo-edmundo','550.000000','1.000000',1,1,'0.000000'),(1769,1,NULL,NULL,'montecristo-club-1','19.900000','1.000000',1,1,'0.000000'),(2244,1,NULL,NULL,'montecristo-club','19.000000','1.000000',1,1,'3.000000'),(1767,1,NULL,NULL,'mehari-s-sweet-orient-filter','11.000000','1.000000',1,1,'0.000000'),(1766,1,NULL,NULL,'maharis-sweet-orient','11.000000','1.000000',1,1,'0.000000'),(1765,1,NULL,NULL,'maharis-java','11.000000','1.000000',1,1,'0.000000'),(1764,1,NULL,NULL,'maharis-ecuador','11.000000','1.000000',1,1,'0.000000'),(1763,1,NULL,NULL,'maharis-brasil','11.000000','1.000000',1,1,'0.000000'),(2316,1,NULL,NULL,'mac-baren-vanilla-choice-ryo','13.500000','1.000000',1,1,'0.000000'),(2314,1,NULL,NULL,'mac-baren-original-choice-ryo','13.500000','1.000000',1,1,'0.000000'),(2312,1,NULL,NULL,'mac-baren-grape-choice-ryo','13.500000','1.000000',1,1,'0.000000'),(2310,1,NULL,NULL,'mac-baren-cherry-choice-ryo','13.500000','1.000000',1,1,'0.000000'),(2308,1,NULL,NULL,'mac-baren-aromatic-choice-ryo','13.500000','1.000000',1,1,'0.000000'),(2318,1,NULL,NULL,'mac-baren-apple-choice-ryo','13.500000','1.000000',1,1,'0.000000'),(1756,1,NULL,NULL,'lexington-virginia','7.900000','1.000000',1,1,'0.000000'),(2324,1,NULL,NULL,'lexington-vanilla','7.900000','1.000000',1,1,'0.000000'),(1754,1,NULL,NULL,'lexington-red','4.700000','1.000000',1,1,'0.000000'),(1753,1,NULL,NULL,'lexington-blue-1','4.700000','1.000000',1,1,'0.000000'),(1752,1,NULL,NULL,'lexington-blue','7.900000','1.000000',1,1,'0.000000'),(1751,1,NULL,NULL,'lexington-american-blend','7.900000','1.000000',1,1,'0.000000'),(2216,1,NULL,NULL,'la-gloria-cubana-inmensos','290.000000','1.000000',1,1,'0.000000'),(1749,1,NULL,NULL,'jose-l-piedra-cazadores','34.000000','1.000000',1,1,'0.000000'),(2184,1,NULL,NULL,'hoyo-de-monterrey-petit-robustos','45.000000','1.000000',1,1,'0.000000'),(1747,1,NULL,NULL,'hoyo-de-monterrey-epicure-palma-extra','212.500000','1.000000',1,1,'0.000000'),(2180,1,NULL,NULL,'hoyo-de-monterrey-epicure-n2','52.500000','1.000000',1,1,'0.000000'),(2034,1,NULL,NULL,'hoyo-de-monterrey-epicure-n1','55.500000','1.000000',1,1,'0.000000'),(2029,1,NULL,NULL,'hoyo-de-monterrey-epicure-especial','200.000000','1.000000',1,1,'0.000000'),(1743,1,NULL,NULL,'h-upmann-sir-winston','800.000000','1.000000',1,1,'0.000000'),(2111,1,NULL,NULL,'h-upmann-robustos-2007','380.000000','1.000000',1,1,'-3.000000'),(1741,1,NULL,NULL,'h-upmann-noellas','450.000000','1.000000',1,1,'0.000000'),(2125,1,NULL,NULL,'h-upmann-majestic','212.500000','1.000000',1,1,'-1.000000'),(2044,1,NULL,NULL,'h-upmann-magnum-50','215.000000','1.000000',1,1,'0.000000'),(2148,1,'3 ',10,'cohiba-siglo-vi_3','150.000000','1.000000',1,1,'0.000000'),(2186,1,NULL,NULL,'h-upmann-magnum-46','69.000000','1.000000',1,1,'0.000000'),(1737,1,NULL,NULL,'h-upmann-coronas-major','275.000000','1.000000',1,1,'0.000000'),(2294,1,NULL,NULL,'golden-ambrosia','18.500000','1.000000',1,1,'0.000000'),(2220,1,NULL,NULL,'estuche-x-festival','680.000000','1.000000',1,1,'0.000000'),(2330,1,NULL,NULL,'especially-selected','387.500000','1.000000',1,1,'0.000000'),(2280,1,NULL,NULL,'erinmore-mixture','18.500000','1.000000',1,1,'0.000000'),(1732,1,NULL,NULL,'decimos','15.000000','1.000000',1,1,'0.000000'),(2076,1,NULL,NULL,'cuaba-exclusivos','76.000000','1.000000',1,1,'0.000000'),(2081,1,NULL,NULL,'cristales','22.500000','1.000000',1,1,'0.000000'),(1729,1,NULL,NULL,'compay','13.500000','1.000000',1,1,'0.000000'),(2284,1,NULL,NULL,'colts-gold-deluxe','14.000000','1.000000',1,1,'0.000000'),(2282,1,NULL,NULL,'colts-american-mixture','14.000000','1.000000',1,1,'0.000000'),(1726,1,NULL,NULL,'cohiba-mini','20.000000','1.000000',1,1,'0.000000'),(1725,1,NULL,NULL,'mini','20.000000','1.000000',1,1,'0.000000'),(1724,1,NULL,NULL,'cohiba-club-1','25.000000','1.000000',1,1,'0.000000'),(2242,1,NULL,NULL,'cohiba-club','25.000000','1.000000',1,1,'0.000000'),(2256,1,NULL,NULL,'classic-red','6.000000','1.000000',1,1,'0.000000'),(2254,1,NULL,NULL,'classic-bright-red-tin','27.500000','1.000000',1,1,'0.000000'),(2332,1,NULL,NULL,'classic-blue-tin','27.500000','1.000000',1,1,'0.000000'),(2252,1,NULL,NULL,'classic-blue','6.000000','1.000000',1,1,'0.000000'),(2260,1,NULL,NULL,'clan-highland-gold','11.500000','1.000000',1,1,'0.000000'),(1717,1,NULL,NULL,'clan-fine-aromatic','11.500000','1.000000',1,1,'0.000000'),(2103,1,NULL,NULL,'clan-aromatic','14.000000','1.000000',1,1,'-1.000000'),(2292,1,NULL,NULL,'cherry-ambrosia','18.500000','1.000000',1,1,'0.000000'),(2320,1,NULL,NULL,'che-red','5.500000','1.000000',1,1,'0.000000'),(2214,1,NULL,NULL,'bolivar-gold-medal','175.000000','1.000000',1,1,'-1.000000'),(2326,1,NULL,NULL,'black-devil-special-flavour','6.000000','1.000000',1,1,'0.000000'),(1711,1,NULL,NULL,'bolivar-belicosos-fino','500.000000','1.000000',1,1,'0.000000'),(2328,1,NULL,NULL,'black-devil-finest-flavour','6.000000','1.000000',1,1,'0.000000'),(1708,1,NULL,NULL,'black-devil-cherry-flavour','6.000000','1.000000',1,1,'0.000000'),(2290,1,NULL,NULL,'black-ambrosia','18.500000','1.000000',1,1,'0.000000'),(2236,1,NULL,NULL,'belinda','15.000000','1.000000',1,1,'0.000000'),(2306,1,NULL,NULL,'bali-shag-rounded-virginia','11.000000','1.000000',1,1,'0.000000'),(2304,1,NULL,NULL,'bali-shag-mellow-taste-virginia','11.000000','1.000000',1,1,'0.000000'),(2302,1,NULL,NULL,'bali-shag-halfzware','11.000000','1.000000',1,1,'0.000000'),(2288,1,NULL,NULL,'aromatic-choice','18.500000','1.000000',1,1,'0.000000'),(2278,1,NULL,NULL,'alsbo-black','17.500000','1.000000',1,1,'0.000000'),(1700,1,NULL,NULL,'agio-tip-filter','4.200000','1.000000',1,1,'0.000000'),(1699,1,NULL,NULL,'agio-sweet-tip','4.200000','1.000000',1,1,'0.000000'),(1698,1,NULL,NULL,'agio-clair-tip','4.200000','1.000000',1,1,'0.000000'),(2300,1,NULL,NULL,'7-seas-royal-blend','14.000000','1.000000',1,1,'0.000000'),(2298,1,NULL,NULL,'7-seas-regular-blend','14.000000','1.000000',1,1,'0.000000'),(2296,1,NULL,NULL,'7-seas-gold-blend','14.000000','1.000000',1,1,'0.000000'),(1906,1,'3 tubos',29,'montecristo-open-eagle_3-tubos','96.000000','1.000000',1,1,'0.000000'),(1909,1,'20',28,'montecristo-open-master_20','440.000000','1.000000',1,1,'0.000000'),(1911,1,'3 tubos',28,'montecristo-open-master_3-tubos','78.000000','1.000000',1,1,'0.000000'),(1914,1,'20',26,'montecristo-open-junior_20','250.000000','1.000000',1,1,'0.000000'),(1916,1,'3 tubos',26,'montecristo-open-junior_3-tubos','49.500000','1.000000',1,1,'0.000000'),(1919,1,'20',27,'montecristo-open-regata_20','360.000000','1.000000',1,1,'0.000000'),(1921,1,'3 tubos',27,'montecristo-open-regata_3-tubos','66.000000','1.000000',1,1,'0.000000'),(1924,1,'10',24,'montecristo-edmundo_10','550.000000','1.000000',1,1,'0.000000'),(1925,1,'20',24,'montecristo-edmundo_20','550.000000','1.000000',1,1,'0.000000'),(1926,1,'25 tubos',24,'montecristo-edmundo_25-tubos','550.000000','1.000000',1,1,'0.000000'),(1928,1,'5',24,'montecristo-edmundo_5','550.000000','1.000000',1,1,'0.000000'),(2161,1,'3 tubos',24,'montecristo-edmundo_3-tubos','75.000000','1.000000',1,1,'0.000000'),(2162,1,'25',24,'montecristo-edmundo_25','550.000000','1.000000',1,1,'0.000000'),(2168,1,'10',25,'montecristo-petit-edmundo_10','185.000000','1.000000',1,1,'0.000000'),(2167,1,'3 tubos',25,'montecristo-petit-edmundo_3-tubos','66.000000','1.000000',1,1,'0.000000'),(1944,1,'10',20,'montecristo-n2_10','240.000000','1.000000',1,1,'0.000000'),(1946,1,'3',20,'montecristo-n2_3','72.000000','1.000000',1,1,'0.000000'),(1949,1,'10',21,'montecristo-n3_10','180.000000','1.000000',1,1,'0.000000'),(1951,1,'3',21,'montecristo-n3_3','54.000000','1.000000',1,1,'0.000000'),(1953,1,'5',21,'montecristo-n3_5','90.000000','1.000000',1,1,'0.000000'),(1956,1,'10',22,'montecristo-n4_10','140.000000','1.000000',1,1,'0.000000'),(1958,1,'3',22,'montecristo-n4_3','42.000000','1.000000',1,1,'0.000000'),(1960,1,'5',22,'montecristo-n4_5','70.000000','1.000000',1,1,'0.000000'),(1963,1,'25',23,'montecristo-n5_25','287.500000','1.000000',1,1,'0.000000'),(1965,1,'5',23,'montecristo-n5_5','57.500000','1.000000',1,1,'0.000000'),(1968,1,'10',30,'romeo-y-julieta-churchills_10','320.000000','1.000000',1,1,'0.000000'),(1970,1,'25',30,'romeo-y-julieta-churchills_25','800.000000','1.000000',1,1,'0.000000'),(1972,1,'3',30,'romeo-y-julieta-churchills_3','96.000000','1.000000',1,1,'0.000000'),(1975,1,'10',38,'romeo-y-julieta-wide-churchills_10','220.000000','1.000000',1,1,'0.000000'),(1977,1,'25',38,'romeo-y-julieta-wide-churchills_25','550.000000','1.000000',1,1,'0.000000'),(1980,1,'10',39,'romeo-y-julieta-short-churchills_10','180.000000','1.000000',1,1,'0.000000'),(1982,1,'25',39,'romeo-y-julieta-short-churchills_25','450.000000','1.000000',1,1,'0.000000'),(1984,1,'3',39,'romeo-y-julieta-short-churchills_3','66.000000','1.000000',1,1,'0.000000'),(1989,1,'10',32,'romeo-y-julieta-romeo-n1_10','125.000000','1.000000',1,1,'0.000000'),(1991,1,'3',32,'romeo-y-julieta-romeo-n1_3','37.500000','1.000000',1,1,'0.000000'),(1994,1,'10',34,'romeo-y-julieta-romeo-n3_10','105.000000','1.000000',1,1,'0.000000'),(1996,1,'25',34,'romeo-y-julieta-romeo-n3_25','262.500000','1.000000',1,1,'0.000000'),(1998,1,'3',34,'romeo-y-julieta-romeo-n3_3','31.500000','1.000000',1,1,'0.000000'),(2001,1,'25',33,'romeo-y-julieta-romeo-n2_25','275.000000','1.000000',1,1,'0.000000'),(2003,1,'3',33,'romeo-y-julieta-romeo-n2_3','33.000000','1.000000',1,1,'0.000000'),(2005,1,'5',33,'romeo-y-julieta-romeo-n2_5','55.000000','1.000000',1,1,'0.000000'),(2008,1,'10',44,'partagas-serie-p-n2_10','215.000000','1.000000',1,1,'0.000000'),(2010,1,'3 tubos',44,'partagas-serie-p-n2_3-tubos','76.500000','1.000000',1,1,'0.000000'),(2014,1,'10',43,'partagas-serie-d-n4_10','180.000000','1.000000',1,1,'0.000000'),(2016,1,'3',43,'partagas-serie-d-n4_3','54.000000','1.000000',1,1,'0.000000'),(2018,1,'3 tubos',43,'partagas-serie-d-n4_3-tubos','66.000000','1.000000',1,1,'0.000000'),(2173,1,'10 tubos',40,'partagas-de-luxe_10-tubos','125.000000','1.000000',1,1,'0.000000'),(2174,1,'3 tubos',40,'partagas-de-luxe_3-tubos','37.500000','1.000000',1,1,'0.000000'),(2026,1,'10',42,'partagas-mille-fleur_10','88.000000','1.000000',1,1,'0.000000'),(2028,1,'25',42,'partagas-mille-fleur_25','220.000000','1.000000',1,1,'0.000000'),(2031,1,'10',47,'hoyo-de-monterrey-epicure-especial_10','200.000000','1.000000',1,1,'0.000000'),(2033,1,'3 tubos',47,'hoyo-de-monterrey-epicure-especial_3-tubos','72.000000','1.000000',1,1,'0.000000'),(2036,1,'3',48,'hoyo-de-monterrey-epicure-n1_3','55.500000','1.000000',1,1,'0.000000'),(2038,1,'25',48,'hoyo-de-monterrey-epicure-n1_25','462.500000','1.000000',1,1,'0.000000'),(2181,1,'3 ',49,'hoyo-de-monterrey-epicure-n2_3','52.500000','1.000000',1,1,'0.000000'),(2182,1,'25',49,'hoyo-de-monterrey-epicure-n2_25','437.500000','1.000000',1,1,'0.000000'),(2046,1,'10',54,'h-upmann-magnum-50_10','215.000000','1.000000',1,1,'0.000000'),(2048,1,'3 tubos',54,'h-upmann-magnum-50_3-tubos','76.500000','1.000000',1,1,'0.000000'),(2193,1,'12',58,'trinidad-fundadores_12','456.000000','1.000000',1,1,'0.000000'),(2194,1,'24',58,'trinidad-fundadores_24','912.000000','1.000000',1,1,'0.000000'),(2056,1,'12',60,'trinidad-robusto-extra_12','456.000000','1.000000',1,1,'0.000000'),(2058,1,'3',60,'trinidad-robusto-extra_3','114.000000','1.000000',1,1,'0.000000'),(2061,1,'12',61,'trinidad-robusto-t_12','384.000000','1.000000',1,1,'0.000000'),(2063,1,'24',61,'trinidad-robusto-t_24','768.000000','1.000000',1,1,'0.000000'),(2066,1,'12',59,'trinidad-reyes_12','174.000000','1.000000',1,1,'0.000000'),(2068,1,'5',59,'trinidad-reyes_5','72.500000','1.000000',1,1,'0.000000'),(2209,1,'5',67,'vegas-robaina-famosos_5','83.000000','1.000000',1,1,'0.000000'),(2210,1,'25',67,'vegas-robaina-famosos_25','415.000000','1.000000',1,1,'0.000000'),(2078,1,'5',71,'cuaba-exclusivos_5','76.000000','1.000000',1,1,'0.000000'),(2080,1,'25',71,'cuaba-exclusivos_25','380.000000','1.000000',1,1,'0.000000'),(2087,1,'1',93,'cristales_1','4.500000','1.000000',1,1,'0.000000'),(2117,1,'5',93,'cristales_5','22.500000','1.000000',1,1,'-4.000000'),(2089,1,'25',93,'cristales_25','112.500000','1.000000',1,1,'0.000000'),(2092,1,'20',95,'puritos_20','32.000000','1.000000',1,1,'0.000000'),(2094,1,'5',95,'puritos_5','8.000000','1.000000',1,1,'0.000000');
/*!40000 ALTER TABLE `product_productpricelookup` ENABLE KEYS */;
UNLOCK TABLES;

--
-- Table structure for table `product_producttranslation`
--

DROP TABLE IF EXISTS `product_producttranslation`;
/*!40101 SET @saved_cs_client     = @@character_set_client */;
/*!40101 SET character_set_client = utf8 */;
CREATE TABLE `product_producttranslation` (
  `id` int(11) NOT NULL auto_increment,
  `product_id` int(11) NOT NULL,
  `languagecode` varchar(10) NOT NULL,
  `name` varchar(255) NOT NULL,
  `description` longtext NOT NULL,
  `short_description` longtext NOT NULL,
  `version` int(11) NOT NULL,
  `active` tinyint(1) NOT NULL,
  PRIMARY KEY  (`id`),
  UNIQUE KEY `product_id` (`product_id`,`languagecode`,`version`),
  KEY `product_producttranslation_44bdf3ee` (`product_id`)
) ENGINE=MyISAM DEFAULT CHARSET=utf8;
/*!40101 SET character_set_client = @saved_cs_client */;

--
-- Dumping data for table `product_producttranslation`
--

LOCK TABLES `product_producttranslation` WRITE;
/*!40000 ALTER TABLE `product_producttranslation` DISABLE KEYS */;
/*!40000 ALTER TABLE `product_producttranslation` ENABLE KEYS */;
UNLOCK TABLES;

--
-- Table structure for table `product_taxclass`
--

DROP TABLE IF EXISTS `product_taxclass`;
/*!40101 SET @saved_cs_client     = @@character_set_client */;
/*!40101 SET character_set_client = utf8 */;
CREATE TABLE `product_taxclass` (
  `id` int(11) NOT NULL auto_increment,
  `title` varchar(20) NOT NULL,
  `description` varchar(30) NOT NULL,
  PRIMARY KEY  (`id`)
) ENGINE=MyISAM AUTO_INCREMENT=3 DEFAULT CHARSET=utf8;
/*!40101 SET character_set_client = @saved_cs_client */;

--
-- Dumping data for table `product_taxclass`
--

LOCK TABLES `product_taxclass` WRITE;
/*!40000 ALTER TABLE `product_taxclass` DISABLE KEYS */;
INSERT INTO `product_taxclass` VALUES (1,'Default','Default'),(2,'Shipping','Shipping');
/*!40000 ALTER TABLE `product_taxclass` ENABLE KEYS */;
UNLOCK TABLES;

--
-- Table structure for table `registration_registrationprofile`
--

DROP TABLE IF EXISTS `registration_registrationprofile`;
/*!40101 SET @saved_cs_client     = @@character_set_client */;
/*!40101 SET character_set_client = utf8 */;
CREATE TABLE `registration_registrationprofile` (
  `id` int(11) NOT NULL auto_increment,
  `user_id` int(11) NOT NULL,
  `activation_key` varchar(40) NOT NULL,
  PRIMARY KEY  (`id`),
  UNIQUE KEY `user_id` (`user_id`)
) ENGINE=MyISAM DEFAULT CHARSET=utf8;
/*!40101 SET character_set_client = @saved_cs_client */;

--
-- Dumping data for table `registration_registrationprofile`
--

LOCK TABLES `registration_registrationprofile` WRITE;
/*!40000 ALTER TABLE `registration_registrationprofile` DISABLE KEYS */;
/*!40000 ALTER TABLE `registration_registrationprofile` ENABLE KEYS */;
UNLOCK TABLES;

--
-- Table structure for table `shop_cart`
--

DROP TABLE IF EXISTS `shop_cart`;
/*!40101 SET @saved_cs_client     = @@character_set_client */;
/*!40101 SET character_set_client = utf8 */;
CREATE TABLE `shop_cart` (
  `id` int(11) NOT NULL auto_increment,
  `site_id` int(11) NOT NULL,
  `desc` varchar(10) default NULL,
  `date_time_created` datetime NOT NULL,
  `customer_id` int(11) default NULL,
  PRIMARY KEY  (`id`),
  KEY `shop_cart_6223029` (`site_id`),
  KEY `shop_cart_12366e04` (`customer_id`)
) ENGINE=MyISAM AUTO_INCREMENT=39 DEFAULT CHARSET=utf8;
/*!40101 SET character_set_client = @saved_cs_client */;

--
-- Dumping data for table `shop_cart`
--

LOCK TABLES `shop_cart` WRITE;
/*!40000 ALTER TABLE `shop_cart` DISABLE KEYS */;
INSERT INTO `shop_cart` VALUES (1,1,NULL,'2011-10-28 11:31:58',NULL),(2,1,NULL,'2011-10-31 15:31:33',NULL),(3,1,NULL,'2011-10-31 15:56:45',4),(4,1,NULL,'2011-11-10 09:27:36',NULL),(5,1,NULL,'2011-11-28 13:18:32',NULL),(6,1,NULL,'2011-12-01 13:49:04',NULL),(7,1,NULL,'2011-12-02 11:08:36',NULL),(8,1,NULL,'2011-12-02 12:37:34',NULL),(9,1,NULL,'2011-12-02 15:05:47',NULL),(10,1,NULL,'2011-12-02 15:55:57',NULL),(11,1,NULL,'2011-12-02 16:12:42',5),(12,1,NULL,'2011-12-02 16:30:08',NULL),(13,1,NULL,'2011-12-02 17:06:23',6),(14,1,NULL,'2011-12-02 17:10:32',5),(15,1,NULL,'2011-12-02 17:35:00',NULL),(16,1,NULL,'2011-12-02 17:35:47',NULL),(17,1,NULL,'2011-12-02 17:36:07',5),(18,1,NULL,'2011-12-04 23:13:29',NULL),(19,1,NULL,'2011-12-05 09:45:39',NULL),(20,1,NULL,'2011-12-05 09:46:13',5),(21,1,NULL,'2011-12-05 09:56:31',7),(22,1,NULL,'2011-12-05 15:18:26',7),(23,1,NULL,'2011-12-05 22:11:35',7),(24,1,NULL,'2011-12-05 23:40:23',7),(25,1,NULL,'2011-12-05 23:45:39',NULL),(26,1,NULL,'2011-12-05 23:56:25',7),(27,1,NULL,'2011-12-06 09:42:20',7),(28,1,NULL,'2011-12-06 12:00:33',NULL),(29,1,NULL,'2011-12-06 17:34:32',7),(30,1,NULL,'2011-12-06 21:31:05',NULL),(31,1,NULL,'2011-12-07 00:24:05',7),(32,1,NULL,'2011-12-07 00:46:58',NULL),(33,1,NULL,'2011-12-07 10:45:34',10),(34,1,NULL,'2011-12-07 13:18:21',7),(35,1,NULL,'2011-12-07 13:18:45',7),(36,1,NULL,'2011-12-07 13:20:34',7),(37,1,NULL,'2011-12-07 13:38:57',NULL),(38,1,NULL,'2011-12-07 15:27:45',7);
/*!40000 ALTER TABLE `shop_cart` ENABLE KEYS */;
UNLOCK TABLES;

--
-- Table structure for table `shop_cartitem`
--

DROP TABLE IF EXISTS `shop_cartitem`;
/*!40101 SET @saved_cs_client     = @@character_set_client */;
/*!40101 SET character_set_client = utf8 */;
CREATE TABLE `shop_cartitem` (
  `id` int(11) NOT NULL auto_increment,
  `cart_id` int(11) NOT NULL,
  `product_id` int(11) NOT NULL,
  `quantity` decimal(18,6) NOT NULL,
  PRIMARY KEY  (`id`),
  KEY `shop_cartitem_129fc6a` (`cart_id`),
  KEY `shop_cartitem_44bdf3ee` (`product_id`)
) ENGINE=MyISAM AUTO_INCREMENT=83 DEFAULT CHARSET=utf8;
/*!40101 SET character_set_client = @saved_cs_client */;

--
-- Dumping data for table `shop_cartitem`
--

LOCK TABLES `shop_cartitem` WRITE;
/*!40000 ALTER TABLE `shop_cartitem` DISABLE KEYS */;
INSERT INTO `shop_cartitem` VALUES (1,2,1,'2.000000'),(2,4,1,'12.000000'),(16,6,228,'1.000000'),(13,5,227,'1.000000'),(15,6,236,'1.000000'),(17,7,2,'1.000000'),(18,8,238,'1.000000'),(19,9,226,'1.000000'),(20,9,233,'5.000000'),(22,10,236,'1.000000'),(23,11,226,'1.000000'),(24,12,226,'1.000000'),(25,13,236,'1.000000'),(26,14,236,'1.000000'),(27,15,233,'1.000000'),(28,16,1,'1.000000'),(29,17,1,'2.000000'),(30,9,227,'5.000000'),(72,31,1,'1.000000'),(32,19,1,'1.000000'),(67,22,1,'1.000000'),(40,21,1,'3.000000'),(41,21,85,'1.000000'),(73,32,316,'1.000000'),(74,29,1,'1.000000'),(75,33,316,'1.000000'),(49,23,256,'5.000000'),(50,24,1,'1.000000'),(51,24,203,'1.000000'),(52,24,151,'1.000000'),(62,28,199,'50.000000'),(54,26,152,'1.000000'),(56,25,18,'1.000000'),(58,27,231,'1.000000'),(76,33,238,'1.000000'),(77,34,1,'1.000000'),(79,36,1,'2.000000'),(80,37,1,'1.000000'),(81,30,237,'1.000000');
/*!40000 ALTER TABLE `shop_cartitem` ENABLE KEYS */;
UNLOCK TABLES;

--
-- Table structure for table `shop_cartitemdetails`
--

DROP TABLE IF EXISTS `shop_cartitemdetails`;
/*!40101 SET @saved_cs_client     = @@character_set_client */;
/*!40101 SET character_set_client = utf8 */;
CREATE TABLE `shop_cartitemdetails` (
  `id` int(11) NOT NULL auto_increment,
  `cartitem_id` int(11) NOT NULL,
  `value` longtext NOT NULL,
  `name` varchar(100) NOT NULL,
  `price_change` decimal(6,2) default NULL,
  `sort_order` int(11) NOT NULL,
  PRIMARY KEY  (`id`),
  KEY `shop_cartitemdetails_28dee0a7` (`cartitem_id`)
) ENGINE=MyISAM DEFAULT CHARSET=utf8;
/*!40101 SET character_set_client = @saved_cs_client */;

--
-- Dumping data for table `shop_cartitemdetails`
--

LOCK TABLES `shop_cartitemdetails` WRITE;
/*!40000 ALTER TABLE `shop_cartitemdetails` DISABLE KEYS */;
/*!40000 ALTER TABLE `shop_cartitemdetails` ENABLE KEYS */;
UNLOCK TABLES;

--
-- Table structure for table `shop_config`
--

DROP TABLE IF EXISTS `shop_config`;
/*!40101 SET @saved_cs_client     = @@character_set_client */;
/*!40101 SET character_set_client = utf8 */;
CREATE TABLE `shop_config` (
  `site_id` int(11) NOT NULL,
  `store_name` varchar(100) NOT NULL,
  `store_description` longtext,
  `store_email` varchar(75) default NULL,
  `street1` varchar(50) default NULL,
  `street2` varchar(50) default NULL,
  `city` varchar(50) default NULL,
  `state` varchar(30) default NULL,
  `postal_code` varchar(9) default NULL,
  `country_id` int(11) NOT NULL,
  `phone` varchar(30) default NULL,
  `in_country_only` tinyint(1) NOT NULL,
  `sales_country_id` int(11) default NULL,
  PRIMARY KEY  (`site_id`),
  UNIQUE KEY `store_name` (`store_name`),
  KEY `shop_config_534dd89` (`country_id`),
  KEY `shop_config_7724117a` (`sales_country_id`)
) ENGINE=MyISAM DEFAULT CHARSET=utf8;
/*!40101 SET character_set_client = @saved_cs_client */;

--
-- Dumping data for table `shop_config`
--

LOCK TABLES `shop_config` WRITE;
/*!40000 ALTER TABLE `shop_config` DISABLE KEYS */;
INSERT INTO `shop_config` VALUES (1,'Калиман Карибе','','','','','','','',34,'',1,34);
/*!40000 ALTER TABLE `shop_config` ENABLE KEYS */;
UNLOCK TABLES;

--
-- Table structure for table `shop_config_shipping_countries`
--

DROP TABLE IF EXISTS `shop_config_shipping_countries`;
/*!40101 SET @saved_cs_client     = @@character_set_client */;
/*!40101 SET character_set_client = utf8 */;
CREATE TABLE `shop_config_shipping_countries` (
  `id` int(11) NOT NULL auto_increment,
  `config_id` int(11) NOT NULL,
  `country_id` int(11) NOT NULL,
  PRIMARY KEY  (`id`),
  UNIQUE KEY `config_id` (`config_id`,`country_id`),
  KEY `shop_config_shipping_countries_c41bdac` (`config_id`),
  KEY `shop_config_shipping_countries_534dd89` (`country_id`)
) ENGINE=MyISAM AUTO_INCREMENT=3 DEFAULT CHARSET=utf8;
/*!40101 SET character_set_client = @saved_cs_client */;

--
-- Dumping data for table `shop_config_shipping_countries`
--

LOCK TABLES `shop_config_shipping_countries` WRITE;
/*!40000 ALTER TABLE `shop_config_shipping_countries` DISABLE KEYS */;
INSERT INTO `shop_config_shipping_countries` VALUES (2,1,34);
/*!40000 ALTER TABLE `shop_config_shipping_countries` ENABLE KEYS */;
UNLOCK TABLES;

--
-- Table structure for table `shop_order`
--

DROP TABLE IF EXISTS `shop_order`;
/*!40101 SET @saved_cs_client     = @@character_set_client */;
/*!40101 SET character_set_client = utf8 */;
CREATE TABLE `shop_order` (
  `id` int(11) NOT NULL auto_increment,
  `site_id` int(11) NOT NULL,
  `contact_id` int(11) NOT NULL,
  `ship_addressee` varchar(61) NOT NULL,
  `ship_street1` varchar(80) NOT NULL,
  `ship_street2` varchar(80) NOT NULL,
  `ship_city` varchar(50) NOT NULL,
  `ship_state` varchar(50) NOT NULL,
  `ship_postal_code` varchar(30) NOT NULL,
  `ship_country` varchar(2) NOT NULL,
  `bill_addressee` varchar(61) NOT NULL,
  `bill_street1` varchar(80) NOT NULL,
  `bill_street2` varchar(80) NOT NULL,
  `bill_city` varchar(50) NOT NULL,
  `bill_state` varchar(50) NOT NULL,
  `bill_postal_code` varchar(30) NOT NULL,
  `bill_country` varchar(2) NOT NULL,
  `notes` longtext,
  `sub_total` decimal(18,10) default NULL,
  `total` decimal(18,10) default NULL,
  `discount_code` varchar(20) default NULL,
  `discount` decimal(18,10) default NULL,
  `method` varchar(50) NOT NULL,
  `shipping_description` varchar(50) default NULL,
  `shipping_method` varchar(50) default NULL,
  `shipping_model` varchar(30) default NULL,
  `shipping_cost` decimal(18,10) default NULL,
  `shipping_discount` decimal(18,10) default NULL,
  `tax` decimal(18,10) default NULL,
  `time_stamp` datetime default NULL,
  `status` varchar(20) NOT NULL,
  PRIMARY KEY  (`id`),
  KEY `shop_order_6223029` (`site_id`),
  KEY `shop_order_170b8823` (`contact_id`)
) ENGINE=MyISAM AUTO_INCREMENT=40 DEFAULT CHARSET=utf8;
/*!40101 SET character_set_client = @saved_cs_client */;

--
-- Dumping data for table `shop_order`
--

LOCK TABLES `shop_order` WRITE;
/*!40000 ALTER TABLE `shop_order` DISABLE KEYS */;
INSERT INTO `shop_order` VALUES (1,1,4,'Petar  Petkov','4, Trapezitsa st','','Sofia','София','1000','BG','Petar  Petkov','4, Trapezitsa st','','Sofia','София','1000','BG',NULL,'20.0000000000','24.0000000000','','0.0000000000','Online','Per Item shipping','U.S. Mail','PerItem','4.0000000000','0.0000000000','0.0000000000','2011-10-31 15:57:45','New'),(2,1,5,'Петър Петков','Трапезица 4','','София','София','1000','BG','Петър Петков','Трапезица 4','','София','София','1000','BG',NULL,'150.0000000000','154.0000000000','','0.0000000000','Online','Per Item shipping','U.S. Mail','PerItem','4.0000000000','0.0000000000','0.0000000000','2011-12-02 15:57:15','New'),(4,1,5,'Петър Петков','Трапезица 4','','София','','1000','BG','Петър Петков','Трапезица 4','','София','','1000','BG',NULL,'1040.0000000000','1040.0000000000','','0.0000000000','Online',NULL,NULL,NULL,'0.0000000000','0.0000000000','0.0000000000','2011-12-05 09:25:39',''),(5,1,5,'Петър Петков','Трапезица 4','','София','','1000','BG','Петър Петков','Трапезица 4','','София','','1000','BG',NULL,'380.0000000000','384.0000000000','','0.0000000000','Online','Per Item shipping','U.S. Mail','PerItem','4.0000000000','0.0000000000','0.0000000000','2011-12-05 09:46:16','New'),(6,1,7,'Кирил Владимиров','Трапезица 4','','София','','1000','BG','Кирил Владимиров','Трапезица 4','','София','','1000','BG',NULL,'520.0000000000','524.0000000000','','0.0000000000','Online','Per Item shipping','U.S. Mail','PerItem','4.0000000000','0.0000000000','0.0000000000','2011-12-05 09:56:37','New'),(9,1,7,'Кирил Владимиров','Трапезица 4','','София','','1000','BG','Кирил Владимиров','Трапезица 4','','София','','1000','BG',NULL,'1420.0000000000','1432.0000000000','','0.0000000000','Online','Per Item shipping','U.S. Mail','PerItem','12.0000000000','0.0000000000','0.0000000000','2011-12-05 10:31:22','New'),(10,1,7,'Кирил Владимиров','Трапезица 4','','София','','1000','BG','Кирил Владимиров','Трапезица 4','','София','','1000','BG',NULL,'520.0000000000','524.0000000000','','0.0000000000','Online','Per Item shipping','U.S. Mail','PerItem','4.0000000000','0.0000000000','0.0000000000','2011-12-05 11:03:21','New'),(11,1,7,'Кирил Владимиров','','','','','','BG','Кирил Владимиров','Трапезица 4','','София','','1000','BG',NULL,'520.0000000000','520.0000000000','','0.0000000000','Online',NULL,NULL,NULL,'0.0000000000','0.0000000000','0.0000000000','2011-12-05 12:32:44',''),(27,1,7,'Кирил Владимиров','','','','','','BG','Кирил Владимиров','Трапезица 4','','София','','1000','BG',NULL,'520.0000000000','520.0000000000','','0.0000000000','Online','Per Item shipping','Куриер','PerItem','0.0000000000','0.0000000000','0.0000000000','2011-12-06 16:27:57','New'),(14,1,7,'Кирил Владимиров','','','','','','BG','Кирил Владимиров','Трапезица 4','','София','','1000','BG',NULL,'1040.0000000000','1040.0000000000','','0.0000000000','Online',NULL,NULL,NULL,'0.0000000000','0.0000000000','0.0000000000','2011-12-05 14:33:33',''),(15,1,7,'Кирил Владимиров','','','','','','BG','Кирил Владимиров','Трапезица 4','','София','','1000','BG',NULL,'1040.0000000000','1040.0000000000','','0.0000000000','Online',NULL,NULL,NULL,'0.0000000000','0.0000000000','0.0000000000','2011-12-05 14:35:37',''),(16,1,7,'Кирил Владимиров','','','','','','BG','Кирил Владимиров','Трапезица 4','','София','','1000','BG',NULL,'1560.0000000000','1560.0000000000','','0.0000000000','Online',NULL,NULL,NULL,'0.0000000000','0.0000000000','0.0000000000','2011-12-05 14:43:34',''),(17,1,7,'Кирил Владимиров','','','','','','BG','Кирил Владимиров','Трапезица 4','','София','','1000','BG',NULL,'1560.0000000000','1560.0000000000','','0.0000000000','Online',NULL,NULL,NULL,'0.0000000000','0.0000000000','0.0000000000','2011-12-05 14:43:54',''),(18,1,7,'Кирил Владимиров','','','','','','BG','Кирил Владимиров','Трапезица 4','','София','','1000','BG',NULL,'1560.0000000000','1560.0000000000','','0.0000000000','Online',NULL,NULL,NULL,'0.0000000000','0.0000000000','0.0000000000','2011-12-05 14:48:02',''),(19,1,7,'Кирил Владимиров','','','','','','BG','Кирил Владимиров','Трапезица 4','','София','','1000','BG',NULL,'1560.0000000000','1560.0000000000','','0.0000000000','Online','No Shipping','No Shipping','NoShipping','0.0000000000','0.0000000000','0.0000000000','2011-12-05 14:48:56','New'),(20,1,7,'Кирил Владимиров','','','','','','BG','Кирил Владимиров','Трапезица 4','','София','','1000','BG',NULL,'1560.0000000000','1560.0000000000','','0.0000000000','Online','Per Item shipping','Куриер','PerItem','0.0000000000','0.0000000000','0.0000000000','2011-12-05 14:55:30','New'),(22,1,7,'Кирил Владимиров','','','','','','BG','Кирил Владимиров','Трапезица 4','','София','','1000','BG',NULL,'709.0000000000','709.0000000000','','0.0000000000','Online','Per Item shipping','Куриер','PerItem','0.0000000000','0.0000000000','0.0000000000','2011-12-05 15:27:05','New'),(24,1,7,'Кирил Владимиров','','','','','','BG','Кирил Владимиров','Трапезица 4','','София','','1000','BG',NULL,'520.0000000000','520.0000000000','','0.0000000000','Online','Per Item shipping','Куриер','PerItem','0.0000000000','0.0000000000','0.0000000000','2011-12-05 22:11:47','New'),(26,1,7,'Кирил Владимиров','','','','','','BG','Кирил Владимиров','Трапезица 4','','София','','1000','BG',NULL,'2018.0000000000','2018.0000000000','','0.0000000000','Online','Per Item shipping','Куриер','PerItem','0.0000000000','0.0000000000','0.0000000000','2011-12-06 16:11:39','New'),(28,1,7,'Кирил Владимиров','','','','','','BG','Кирил Владимиров','Трапезица 4','','София','','1000','BG',NULL,'520.0000000000','520.0000000000','','0.0000000000','Online','Per Item shipping','Куриер','PerItem','0.0000000000','0.0000000000','0.0000000000','2011-12-06 16:47:38','New'),(29,1,7,'Кирил Владимиров','','','','','','BG','Кирил Владимиров','Трапезица 4','','София','','1000','BG',NULL,'520.0000000000','520.0000000000','','0.0000000000','Online','Per Item shipping','Куриер','PerItem','0.0000000000','0.0000000000','0.0000000000','2011-12-06 16:52:52','New'),(30,1,7,'Кирил Владимиров','','','','','','BG','Кирил Владимиров','Трапезица 4','','София','','1000','BG',NULL,'520.0000000000','520.0000000000','','0.0000000000','Online','Per Item shipping','Куриер','PerItem','0.0000000000','0.0000000000','0.0000000000','2011-12-06 16:56:33','New'),(31,1,7,'Кирил Владимиров','','','','','','BG','Кирил Владимиров','Трапезица 4','','София','','1000','BG',NULL,'610.0000000000','610.0000000000','','0.0000000000','Online','Per Item shipping','Куриер','PerItem','0.0000000000','0.0000000000','0.0000000000','2011-12-06 16:58:25','New'),(32,1,7,'Кирил Владимиров','','','','','','BG','Кирил Владимиров','Трапезица 4','','София','','1000','BG',NULL,'520.0000000000','520.0000000000','','0.0000000000','Online','Per Item shipping','Куриер','PerItem','0.0000000000','0.0000000000','0.0000000000','2011-12-06 17:09:45',''),(33,1,7,'Кирил Владимиров','','','','','','BG','Кирил Владимиров','Трапезица 4','','София','','1000','BG',NULL,'520.0000000000','520.0000000000','','0.0000000000','Online','Per Item shipping','Куриер','PerItem','0.0000000000','0.0000000000','0.0000000000','2011-12-06 17:34:38','New'),(34,1,7,'Кирил Владимиров','','','','','','BG','Кирил Владимиров','Трапезица 4','','София','','1000','BG',NULL,'520.0000000000','520.0000000000','','0.0000000000','Online','Per Item shipping','Куриер','PerItem','0.0000000000','0.0000000000','0.0000000000','2011-12-06 17:42:23','New'),(35,1,7,'Кирил Владимиров','','','','','','BG','Кирил Владимиров','Трапезица 4','','София','','1000','BG',NULL,'400.0000000000','400.0000000000','','0.0000000000','Online','Per Item shipping','Куриер','PerItem','0.0000000000','0.0000000000','0.0000000000','2011-12-06 17:45:50','New'),(36,1,9,'dfs sfsf','','','','','','BG','dfs sfsf','dfs','','sf','','dsf','BG',NULL,'212.5000000000','212.5000000000','','0.0000000000','Online','Per Item shipping','Куриер','PerItem','0.0000000000','0.0000000000','0.0000000000','2011-12-06 21:33:00','New'),(37,1,7,'Кирил Владимиров','','','','','','BG','Кирил Владимиров','Трапезица 4','','София','','1000','BG',NULL,'520.0000000000','520.0000000000','','0.0000000000','Online','Per Item shipping','Куриер','PerItem','0.0000000000','0.0000000000','0.0000000000','2011-12-07 02:15:17',''),(38,1,7,'Кирил Владимиров','','','','','','BG','Кирил Владимиров','Трапезица 4','','София','','1000','BG',NULL,'520.0000000000','520.0000000000','','0.0000000000','Online','Per Item shipping','Куриер','PerItem','0.0000000000','0.0000000000','0.0000000000','2011-12-07 13:19:15','New'),(39,1,7,'Кирил Владимиров','','','','','','BG','Кирил Владимиров','Трапезица 4','','София','','1000','BG',NULL,'520.0000000000','520.0000000000','','0.0000000000','Online','Per Item shipping','Куриер','PerItem','0.0000000000','0.0000000000','0.0000000000','2011-12-07 15:56:26','New');
/*!40000 ALTER TABLE `shop_order` ENABLE KEYS */;
UNLOCK TABLES;

--
-- Table structure for table `shop_orderauthorization`
--

DROP TABLE IF EXISTS `shop_orderauthorization`;
/*!40101 SET @saved_cs_client     = @@character_set_client */;
/*!40101 SET character_set_client = utf8 */;
CREATE TABLE `shop_orderauthorization` (
  `id` int(11) NOT NULL auto_increment,
  `payment` varchar(25) NOT NULL,
  `amount` decimal(18,10) default NULL,
  `time_stamp` datetime default NULL,
  `transaction_id` varchar(45) default NULL,
  `details` varchar(255) default NULL,
  `reason_code` varchar(255) default NULL,
  `order_id` int(11) NOT NULL,
  `capture_id` int(11) NOT NULL,
  `complete` tinyint(1) NOT NULL,
  PRIMARY KEY  (`id`),
  KEY `shop_orderauthorization_7cc8fcf5` (`order_id`),
  KEY `shop_orderauthorization_13f21dcf` (`capture_id`)
) ENGINE=MyISAM DEFAULT CHARSET=utf8;
/*!40101 SET character_set_client = @saved_cs_client */;

--
-- Dumping data for table `shop_orderauthorization`
--

LOCK TABLES `shop_orderauthorization` WRITE;
/*!40000 ALTER TABLE `shop_orderauthorization` DISABLE KEYS */;
/*!40000 ALTER TABLE `shop_orderauthorization` ENABLE KEYS */;
UNLOCK TABLES;

--
-- Table structure for table `shop_orderitem`
--

DROP TABLE IF EXISTS `shop_orderitem`;
/*!40101 SET @saved_cs_client     = @@character_set_client */;
/*!40101 SET character_set_client = utf8 */;
CREATE TABLE `shop_orderitem` (
  `id` int(11) NOT NULL auto_increment,
  `order_id` int(11) NOT NULL,
  `product_id` int(11) NOT NULL,
  `quantity` decimal(18,6) NOT NULL,
  `unit_price` decimal(18,10) NOT NULL,
  `unit_tax` decimal(18,10) NOT NULL,
  `line_item_price` decimal(18,10) NOT NULL,
  `tax` decimal(18,10) NOT NULL,
  `expire_date` date default NULL,
  `completed` tinyint(1) NOT NULL,
  `discount` decimal(18,10) default NULL,
  PRIMARY KEY  (`id`),
  KEY `shop_orderitem_7cc8fcf5` (`order_id`),
  KEY `shop_orderitem_44bdf3ee` (`product_id`)
) ENGINE=MyISAM AUTO_INCREMENT=109 DEFAULT CHARSET=utf8;
/*!40101 SET character_set_client = @saved_cs_client */;

--
-- Dumping data for table `shop_orderitem`
--

LOCK TABLES `shop_orderitem` WRITE;
/*!40000 ALTER TABLE `shop_orderitem` DISABLE KEYS */;
INSERT INTO `shop_orderitem` VALUES (1,1,1,'1.000000','20.0000000000','0.0000000000','20.0000000000','0.0000000000',NULL,0,'0.0000000000'),(3,2,236,'1.000000','150.0000000000','0.0000000000','150.0000000000','0.0000000000',NULL,0,'0.0000000000'),(5,4,1,'2.000000','520.0000000000','0.0000000000','1040.0000000000','0.0000000000',NULL,0,'0.0000000000'),(7,5,85,'1.000000','380.0000000000','0.0000000000','380.0000000000','0.0000000000',NULL,0,'0.0000000000'),(9,6,1,'1.000000','520.0000000000','0.0000000000','520.0000000000','0.0000000000',NULL,0,'0.0000000000'),(23,9,1,'2.000000','520.0000000000','0.0000000000','1040.0000000000','0.0000000000',NULL,0,'0.0000000000'),(22,9,85,'1.000000','380.0000000000','0.0000000000','380.0000000000','0.0000000000',NULL,0,'0.0000000000'),(25,10,1,'1.000000','520.0000000000','0.0000000000','520.0000000000','0.0000000000',NULL,0,'0.0000000000'),(26,11,1,'1.000000','520.0000000000','0.0000000000','520.0000000000','0.0000000000',NULL,0,'0.0000000000'),(75,26,1,'3.000000','520.0000000000','0.0000000000','1560.0000000000','0.0000000000',NULL,0,'0.0000000000'),(76,26,85,'1.000000','380.0000000000','0.0000000000','380.0000000000','0.0000000000',NULL,0,'0.0000000000'),(30,14,1,'2.000000','520.0000000000','0.0000000000','1040.0000000000','0.0000000000',NULL,0,'0.0000000000'),(31,15,1,'2.000000','520.0000000000','0.0000000000','1040.0000000000','0.0000000000',NULL,0,'0.0000000000'),(32,16,1,'3.000000','520.0000000000','0.0000000000','1560.0000000000','0.0000000000',NULL,0,'0.0000000000'),(33,17,1,'3.000000','520.0000000000','0.0000000000','1560.0000000000','0.0000000000',NULL,0,'0.0000000000'),(34,18,1,'3.000000','520.0000000000','0.0000000000','1560.0000000000','0.0000000000',NULL,0,'0.0000000000'),(35,19,1,'3.000000','520.0000000000','0.0000000000','1560.0000000000','0.0000000000',NULL,0,'0.0000000000'),(38,20,1,'3.000000','520.0000000000','0.0000000000','1560.0000000000','0.0000000000',NULL,0,'0.0000000000'),(60,22,78,'1.000000','175.0000000000','0.0000000000','175.0000000000','0.0000000000',NULL,0,'0.0000000000'),(59,22,151,'1.000000','14.0000000000','0.0000000000','14.0000000000','0.0000000000',NULL,0,'0.0000000000'),(58,22,1,'1.000000','520.0000000000','0.0000000000','520.0000000000','0.0000000000',NULL,0,'0.0000000000'),(64,24,1,'1.000000','520.0000000000','0.0000000000','520.0000000000','0.0000000000',NULL,0,'0.0000000000'),(74,26,231,'1.000000','78.0000000000','0.0000000000','78.0000000000','0.0000000000',NULL,0,'0.0000000000'),(82,27,1,'1.000000','520.0000000000','0.0000000000','520.0000000000','0.0000000000',NULL,0,'0.0000000000'),(84,28,1,'1.000000','520.0000000000','0.0000000000','520.0000000000','0.0000000000',NULL,0,'0.0000000000'),(86,29,1,'1.000000','520.0000000000','0.0000000000','520.0000000000','0.0000000000',NULL,0,'0.0000000000'),(88,30,1,'1.000000','520.0000000000','0.0000000000','520.0000000000','0.0000000000',NULL,0,'0.0000000000'),(92,31,312,'4.000000','22.5000000000','0.0000000000','90.0000000000','0.0000000000',NULL,0,'0.0000000000'),(91,31,1,'1.000000','520.0000000000','0.0000000000','520.0000000000','0.0000000000',NULL,0,'0.0000000000'),(94,32,1,'1.000000','520.0000000000','0.0000000000','520.0000000000','0.0000000000',NULL,0,'0.0000000000'),(96,33,1,'1.000000','520.0000000000','0.0000000000','520.0000000000','0.0000000000',NULL,0,'0.0000000000'),(98,34,1,'1.000000','520.0000000000','0.0000000000','520.0000000000','0.0000000000',NULL,0,'0.0000000000'),(100,35,13,'1.000000','400.0000000000','0.0000000000','400.0000000000','0.0000000000',NULL,0,'0.0000000000'),(102,36,55,'1.000000','212.5000000000','0.0000000000','212.5000000000','0.0000000000',NULL,0,'0.0000000000'),(104,37,1,'1.000000','520.0000000000','0.0000000000','520.0000000000','0.0000000000',NULL,0,'0.0000000000'),(106,38,1,'1.000000','520.0000000000','0.0000000000','520.0000000000','0.0000000000',NULL,0,'0.0000000000'),(108,39,1,'1.000000','520.0000000000','0.0000000000','520.0000000000','0.0000000000',NULL,0,'0.0000000000');
/*!40000 ALTER TABLE `shop_orderitem` ENABLE KEYS */;
UNLOCK TABLES;

--
-- Table structure for table `shop_orderitemdetail`
--

DROP TABLE IF EXISTS `shop_orderitemdetail`;
/*!40101 SET @saved_cs_client     = @@character_set_client */;
/*!40101 SET character_set_client = utf8 */;
CREATE TABLE `shop_orderitemdetail` (
  `id` int(11) NOT NULL auto_increment,
  `item_id` int(11) NOT NULL,
  `name` varchar(100) NOT NULL,
  `value` varchar(255) NOT NULL,
  `price_change` decimal(18,10) default NULL,
  `sort_order` int(11) NOT NULL,
  PRIMARY KEY  (`id`),
  KEY `shop_orderitemdetail_67b70d25` (`item_id`)
) ENGINE=MyISAM DEFAULT CHARSET=utf8;
/*!40101 SET character_set_client = @saved_cs_client */;

--
-- Dumping data for table `shop_orderitemdetail`
--

LOCK TABLES `shop_orderitemdetail` WRITE;
/*!40000 ALTER TABLE `shop_orderitemdetail` DISABLE KEYS */;
/*!40000 ALTER TABLE `shop_orderitemdetail` ENABLE KEYS */;
UNLOCK TABLES;

--
-- Table structure for table `shop_orderpayment`
--

DROP TABLE IF EXISTS `shop_orderpayment`;
/*!40101 SET @saved_cs_client     = @@character_set_client */;
/*!40101 SET character_set_client = utf8 */;
CREATE TABLE `shop_orderpayment` (
  `id` int(11) NOT NULL auto_increment,
  `payment` varchar(25) NOT NULL,
  `amount` decimal(18,10) default NULL,
  `time_stamp` datetime default NULL,
  `transaction_id` varchar(45) default NULL,
  `details` varchar(255) default NULL,
  `reason_code` varchar(255) default NULL,
  `order_id` int(11) NOT NULL,
  PRIMARY KEY  (`id`),
  KEY `shop_orderpayment_7cc8fcf5` (`order_id`)
) ENGINE=MyISAM AUTO_INCREMENT=37 DEFAULT CHARSET=utf8;
/*!40101 SET character_set_client = @saved_cs_client */;

--
-- Dumping data for table `shop_orderpayment`
--

LOCK TABLES `shop_orderpayment` WRITE;
/*!40000 ALTER TABLE `shop_orderpayment` DISABLE KEYS */;
INSERT INTO `shop_orderpayment` VALUES (1,'DUMMY','24.0000000000','2011-10-31 15:58:35','',NULL,'0',1),(2,'DUMMY','154.0000000000','2011-12-02 15:58:07','',NULL,'0',2),(3,'DUMMY','384.0000000000','2011-12-05 09:54:42','',NULL,'0',5),(4,'DUMMY','524.0000000000','2011-12-05 09:56:59','',NULL,'0',6),(5,'EMAIL','1432.0000000000','2011-12-05 10:54:31','',NULL,'0',9),(6,'EMAIL','524.0000000000','2011-12-05 11:03:24','',NULL,'0',10),(7,'DUMMY','1560.0000000000','2011-12-05 15:01:16','',NULL,'0',20),(11,'COD','709.0000000000','2011-12-05 15:27:28','COD',NULL,'0',22),(13,'COD','520.0000000000','2011-12-05 22:12:15','COD',NULL,'0',24),(15,'COD','1560.0000000000','2011-12-05 23:50:09','COD',NULL,'0',19),(17,'COD','2018.0000000000','2011-12-06 16:11:57','COD',NULL,'0',26),(20,'COD','520.0000000000','2011-12-06 16:46:39','COD',NULL,'0',27),(21,'COD','520.0000000000','2011-12-06 16:47:41','COD',NULL,'0',28),(22,'COD','520.0000000000','2011-12-06 16:52:56','COD',NULL,'0',29),(23,'COD','520.0000000000','2011-12-06 16:56:37','COD',NULL,'0',30),(24,'COD','610.0000000000','2011-12-06 16:58:39','COD',NULL,'0',31),(25,'COD','0.0000000000','2011-12-06 17:09:46','LINKED',NULL,'',32),(26,'COD','520.0000000000','2011-12-06 17:37:28','COD',NULL,'0',33),(27,'COD','0.0000000000','2011-12-06 17:38:02','COD',NULL,'0',33),(28,'COD','0.0000000000','2011-12-06 17:38:31','COD',NULL,'0',33),(29,'COD','520.0000000000','2011-12-06 17:42:27','COD',NULL,'0',34),(30,'COD','0.0000000000','2011-12-06 17:44:06','COD',NULL,'0',34),(31,'COD','0.0000000000','2011-12-06 17:44:44','COD',NULL,'0',34),(32,'COD','400.0000000000','2011-12-06 17:45:54','COD',NULL,'0',35),(33,'COD','212.5000000000','2011-12-06 21:33:06','COD',NULL,'0',36),(34,'COD','0.0000000000','2011-12-07 02:15:18','LINKED',NULL,'',37),(35,'COD','520.0000000000','2011-12-07 13:19:19','COD',NULL,'0',38),(36,'COD','520.0000000000','2011-12-07 15:56:29','COD',NULL,'0',39);
/*!40000 ALTER TABLE `shop_orderpayment` ENABLE KEYS */;
UNLOCK TABLES;

--
-- Table structure for table `shop_orderpaymentfailure`
--

DROP TABLE IF EXISTS `shop_orderpaymentfailure`;
/*!40101 SET @saved_cs_client     = @@character_set_client */;
/*!40101 SET character_set_client = utf8 */;
CREATE TABLE `shop_orderpaymentfailure` (
  `id` int(11) NOT NULL auto_increment,
  `payment` varchar(25) NOT NULL,
  `amount` decimal(18,10) default NULL,
  `time_stamp` datetime default NULL,
  `transaction_id` varchar(45) default NULL,
  `details` varchar(255) default NULL,
  `reason_code` varchar(255) default NULL,
  `order_id` int(11) default NULL,
  PRIMARY KEY  (`id`),
  KEY `shop_orderpaymentfailure_7cc8fcf5` (`order_id`)
) ENGINE=MyISAM DEFAULT CHARSET=utf8;
/*!40101 SET character_set_client = @saved_cs_client */;

--
-- Dumping data for table `shop_orderpaymentfailure`
--

LOCK TABLES `shop_orderpaymentfailure` WRITE;
/*!40000 ALTER TABLE `shop_orderpaymentfailure` DISABLE KEYS */;
/*!40000 ALTER TABLE `shop_orderpaymentfailure` ENABLE KEYS */;
UNLOCK TABLES;

--
-- Table structure for table `shop_orderpendingpayment`
--

DROP TABLE IF EXISTS `shop_orderpendingpayment`;
/*!40101 SET @saved_cs_client     = @@character_set_client */;
/*!40101 SET character_set_client = utf8 */;
CREATE TABLE `shop_orderpendingpayment` (
  `id` int(11) NOT NULL auto_increment,
  `payment` varchar(25) NOT NULL,
  `amount` decimal(18,10) default NULL,
  `time_stamp` datetime default NULL,
  `transaction_id` varchar(45) default NULL,
  `details` varchar(255) default NULL,
  `reason_code` varchar(255) default NULL,
  `order_id` int(11) NOT NULL,
  `capture_id` int(11) NOT NULL,
  PRIMARY KEY  (`id`),
  KEY `shop_orderpendingpayment_7cc8fcf5` (`order_id`),
  KEY `shop_orderpendingpayment_13f21dcf` (`capture_id`)
) ENGINE=MyISAM AUTO_INCREMENT=32 DEFAULT CHARSET=utf8;
/*!40101 SET character_set_client = @saved_cs_client */;

--
-- Dumping data for table `shop_orderpendingpayment`
--

LOCK TABLES `shop_orderpendingpayment` WRITE;
/*!40000 ALTER TABLE `shop_orderpendingpayment` DISABLE KEYS */;
INSERT INTO `shop_orderpendingpayment` VALUES (24,'COD','0.0000000000',NULL,NULL,NULL,NULL,32,25),(29,'COD','0.0000000000',NULL,NULL,NULL,NULL,37,34);
/*!40000 ALTER TABLE `shop_orderpendingpayment` ENABLE KEYS */;
UNLOCK TABLES;

--
-- Table structure for table `shop_orderstatus`
--

DROP TABLE IF EXISTS `shop_orderstatus`;
/*!40101 SET @saved_cs_client     = @@character_set_client */;
/*!40101 SET character_set_client = utf8 */;
CREATE TABLE `shop_orderstatus` (
  `id` int(11) NOT NULL auto_increment,
  `order_id` int(11) NOT NULL,
  `status` varchar(20) NOT NULL,
  `notes` varchar(100) NOT NULL,
  `time_stamp` datetime NOT NULL,
  PRIMARY KEY  (`id`),
  KEY `shop_orderstatus_7cc8fcf5` (`order_id`)
) ENGINE=MyISAM AUTO_INCREMENT=23 DEFAULT CHARSET=utf8;
/*!40101 SET character_set_client = @saved_cs_client */;

--
-- Dumping data for table `shop_orderstatus`
--

LOCK TABLES `shop_orderstatus` WRITE;
/*!40000 ALTER TABLE `shop_orderstatus` DISABLE KEYS */;
INSERT INTO `shop_orderstatus` VALUES (1,1,'New','Order successfully submitted','2011-10-31 15:58:35'),(2,2,'New','Order successfully submitted','2011-12-02 15:58:08'),(3,5,'New','Order successfully submitted','2011-12-05 09:54:43'),(4,6,'New','Order successfully submitted','2011-12-05 09:57:00'),(5,9,'New','Order successfully submitted','2011-12-05 10:54:32'),(6,10,'New','Order successfully submitted','2011-12-05 11:03:24'),(7,20,'New','Order successfully submitted','2011-12-05 15:01:17'),(8,22,'New','Order successfully submitted','2011-12-05 15:27:29'),(9,24,'New','Order successfully submitted','2011-12-05 22:12:16'),(10,19,'New','Order successfully submitted','2011-12-05 23:50:09'),(11,26,'New','Order successfully submitted','2011-12-06 16:11:58'),(12,27,'New','Order successfully submitted','2011-12-06 16:46:39'),(13,28,'New','Order successfully submitted','2011-12-06 16:47:42'),(14,29,'New','Order successfully submitted','2011-12-06 16:52:56'),(15,30,'New','Order successfully submitted','2011-12-06 16:56:37'),(16,31,'New','Order successfully submitted','2011-12-06 16:58:40'),(17,33,'New','Order successfully submitted','2011-12-06 17:38:32'),(18,34,'New','Order successfully submitted','2011-12-06 17:44:44'),(19,35,'New','Order successfully submitted','2011-12-06 17:45:54'),(20,36,'New','Order successfully submitted','2011-12-06 21:33:07'),(21,38,'New','Order successfully submitted','2011-12-07 13:19:20'),(22,39,'New','Order successfully submitted','2011-12-07 15:56:29');
/*!40000 ALTER TABLE `shop_orderstatus` ENABLE KEYS */;
UNLOCK TABLES;

--
-- Table structure for table `shop_ordertaxdetail`
--

DROP TABLE IF EXISTS `shop_ordertaxdetail`;
/*!40101 SET @saved_cs_client     = @@character_set_client */;
/*!40101 SET character_set_client = utf8 */;
CREATE TABLE `shop_ordertaxdetail` (
  `id` int(11) NOT NULL auto_increment,
  `order_id` int(11) NOT NULL,
  `method` varchar(50) NOT NULL,
  `description` varchar(50) NOT NULL,
  `tax` decimal(18,10) default NULL,
  PRIMARY KEY  (`id`),
  KEY `shop_ordertaxdetail_7cc8fcf5` (`order_id`)
) ENGINE=MyISAM DEFAULT CHARSET=utf8;
/*!40101 SET character_set_client = @saved_cs_client */;

--
-- Dumping data for table `shop_ordertaxdetail`
--

LOCK TABLES `shop_ordertaxdetail` WRITE;
/*!40000 ALTER TABLE `shop_ordertaxdetail` DISABLE KEYS */;
/*!40000 ALTER TABLE `shop_ordertaxdetail` ENABLE KEYS */;
UNLOCK TABLES;

--
-- Table structure for table `shop_ordervariable`
--

DROP TABLE IF EXISTS `shop_ordervariable`;
/*!40101 SET @saved_cs_client     = @@character_set_client */;
/*!40101 SET character_set_client = utf8 */;
CREATE TABLE `shop_ordervariable` (
  `id` int(11) NOT NULL auto_increment,
  `order_id` int(11) NOT NULL,
  `key` varchar(50) NOT NULL,
  `value` varchar(100) NOT NULL,
  PRIMARY KEY  (`id`),
  KEY `shop_ordervariable_7cc8fcf5` (`order_id`),
  KEY `shop_ordervariable_45544485` (`key`)
) ENGINE=MyISAM DEFAULT CHARSET=utf8;
/*!40101 SET character_set_client = @saved_cs_client */;

--
-- Dumping data for table `shop_ordervariable`
--

LOCK TABLES `shop_ordervariable` WRITE;
/*!40000 ALTER TABLE `shop_ordervariable` DISABLE KEYS */;
/*!40000 ALTER TABLE `shop_ordervariable` ENABLE KEYS */;
UNLOCK TABLES;

--
-- Table structure for table `simple_news_newsauthor`
--

DROP TABLE IF EXISTS `simple_news_newsauthor`;
/*!40101 SET @saved_cs_client     = @@character_set_client */;
/*!40101 SET character_set_client = utf8 */;
CREATE TABLE `simple_news_newsauthor` (
  `id` int(11) NOT NULL auto_increment,
  `site_id` int(11) NOT NULL,
  `name` varchar(500) NOT NULL,
  `slug` varchar(50) NOT NULL,
  PRIMARY KEY  (`id`),
  KEY `simple_news_newsauthor_6223029` (`site_id`),
  KEY `simple_news_newsauthor_56ae2a2a` (`slug`)
) ENGINE=MyISAM DEFAULT CHARSET=utf8;
/*!40101 SET character_set_client = @saved_cs_client */;

--
-- Dumping data for table `simple_news_newsauthor`
--

LOCK TABLES `simple_news_newsauthor` WRITE;
/*!40000 ALTER TABLE `simple_news_newsauthor` DISABLE KEYS */;
/*!40000 ALTER TABLE `simple_news_newsauthor` ENABLE KEYS */;
UNLOCK TABLES;

--
-- Table structure for table `simple_news_newscategory`
--

DROP TABLE IF EXISTS `simple_news_newscategory`;
/*!40101 SET @saved_cs_client     = @@character_set_client */;
/*!40101 SET character_set_client = utf8 */;
CREATE TABLE `simple_news_newscategory` (
  `id` int(11) NOT NULL auto_increment,
  `site_id` int(11) NOT NULL,
  `name` varchar(200) NOT NULL,
  `slug` varchar(50) NOT NULL,
  PRIMARY KEY  (`id`),
  KEY `simple_news_newscategory_6223029` (`site_id`),
  KEY `simple_news_newscategory_56ae2a2a` (`slug`)
) ENGINE=MyISAM DEFAULT CHARSET=utf8;
/*!40101 SET character_set_client = @saved_cs_client */;

--
-- Dumping data for table `simple_news_newscategory`
--

LOCK TABLES `simple_news_newscategory` WRITE;
/*!40000 ALTER TABLE `simple_news_newscategory` DISABLE KEYS */;
/*!40000 ALTER TABLE `simple_news_newscategory` ENABLE KEYS */;
UNLOCK TABLES;

--
-- Table structure for table `simple_news_newsitem`
--

DROP TABLE IF EXISTS `simple_news_newsitem`;
/*!40101 SET @saved_cs_client     = @@character_set_client */;
/*!40101 SET character_set_client = utf8 */;
CREATE TABLE `simple_news_newsitem` (
  `id` int(11) NOT NULL auto_increment,
  `title` varchar(100) NOT NULL,
  `slug` varchar(50) NOT NULL,
  `date` date default NULL,
  `snippet` longtext NOT NULL,
  `body` longtext NOT NULL,
  `site_id` int(11) NOT NULL,
  `tags` varchar(500) default NULL,
  `author_id` int(11) default NULL,
  `allow_comments` tinyint(1) NOT NULL,
  `category_id` int(11) default NULL,
  PRIMARY KEY  (`id`),
  UNIQUE KEY `slug` (`slug`,`date`,`site_id`),
  KEY `simple_news_newsitem_56ae2a2a` (`slug`),
  KEY `simple_news_newsitem_6223029` (`site_id`),
  KEY `simple_news_newsitem_337b96ff` (`author_id`),
  KEY `simple_news_newsitem_42dc49bc` (`category_id`)
) ENGINE=MyISAM DEFAULT CHARSET=utf8;
/*!40101 SET character_set_client = @saved_cs_client */;

--
-- Dumping data for table `simple_news_newsitem`
--

LOCK TABLES `simple_news_newsitem` WRITE;
/*!40000 ALTER TABLE `simple_news_newsitem` DISABLE KEYS */;
/*!40000 ALTER TABLE `simple_news_newsitem` ENABLE KEYS */;
UNLOCK TABLES;

--
-- Table structure for table `south_migrationhistory`
--

DROP TABLE IF EXISTS `south_migrationhistory`;
/*!40101 SET @saved_cs_client     = @@character_set_client */;
/*!40101 SET character_set_client = utf8 */;
CREATE TABLE `south_migrationhistory` (
  `id` int(11) NOT NULL auto_increment,
  `app_name` varchar(255) NOT NULL,
  `migration` varchar(255) NOT NULL,
  `applied` datetime NOT NULL,
  PRIMARY KEY  (`id`)
) ENGINE=MyISAM AUTO_INCREMENT=23 DEFAULT CHARSET=utf8;
/*!40101 SET character_set_client = @saved_cs_client */;

--
-- Dumping data for table `south_migrationhistory`
--

LOCK TABLES `south_migrationhistory` WRITE;
/*!40000 ALTER TABLE `south_migrationhistory` DISABLE KEYS */;
INSERT INTO `south_migrationhistory` VALUES (1,'product','0001_initial','2011-11-16 13:05:36'),(2,'product','0002_add_attributeoption','2011-11-16 13:05:36'),(3,'product','0003_add_productattribute_option','2011-11-16 13:05:36'),(4,'product','0004_remove_productattribute_name','2011-11-16 13:05:36'),(5,'product','0005_fix_attributeoption_error_default_spelling','2011-11-16 13:05:36'),(6,'product','0006_custom_textfield_add_constraint','2011-11-16 13:05:36'),(7,'product','0007_add_discount_valid_products_field','2011-11-16 13:05:36'),(8,'product','0008_remove_discount_validproducts_field','2011-11-16 13:05:36'),(9,'product','0009_add_categoryattributes','2011-11-16 13:05:36'),(10,'product','0010_add_discountable_categories','2011-11-16 13:05:36'),(11,'custom','0001_split','2011-11-16 13:05:36'),(12,'configurable','0001_split','2011-11-16 13:05:36'),(13,'product','0011_split_products','2011-11-16 13:05:36'),(14,'custom','0002_update_contenttypes','2011-11-16 13:05:36'),(15,'configurable','0002_update_contenttypes','2011-11-16 13:05:36'),(16,'product','0012_update_contenttypes','2011-11-16 13:05:36'),(17,'product','0013_add_pricelookup_index','2011-11-16 13:05:36'),(19,'product','0014_auto__add_field_category_include_child_categories','2011-11-16 13:10:51'),(20,'pressroom','0001_initial','2011-12-05 15:24:49'),(21,'pressroom','0002_add_enable_comments','2011-12-05 15:24:49'),(22,'pressroom','0003_auto__add_field_article_featured__chg_field_article_body__chg_field_ar','2011-12-06 12:39:21');
/*!40000 ALTER TABLE `south_migrationhistory` ENABLE KEYS */;
UNLOCK TABLES;

--
-- Table structure for table `tagging_tag`
--

DROP TABLE IF EXISTS `tagging_tag`;
/*!40101 SET @saved_cs_client     = @@character_set_client */;
/*!40101 SET character_set_client = utf8 */;
CREATE TABLE `tagging_tag` (
  `id` int(11) NOT NULL auto_increment,
  `name` varchar(50) NOT NULL,
  PRIMARY KEY  (`id`),
  UNIQUE KEY `name` (`name`)
) ENGINE=MyISAM DEFAULT CHARSET=utf8;
/*!40101 SET character_set_client = @saved_cs_client */;

--
-- Dumping data for table `tagging_tag`
--

LOCK TABLES `tagging_tag` WRITE;
/*!40000 ALTER TABLE `tagging_tag` DISABLE KEYS */;
/*!40000 ALTER TABLE `tagging_tag` ENABLE KEYS */;
UNLOCK TABLES;

--
-- Table structure for table `tagging_taggeditem`
--

DROP TABLE IF EXISTS `tagging_taggeditem`;
/*!40101 SET @saved_cs_client     = @@character_set_client */;
/*!40101 SET character_set_client = utf8 */;
CREATE TABLE `tagging_taggeditem` (
  `id` int(11) NOT NULL auto_increment,
  `tag_id` int(11) NOT NULL,
  `content_type_id` int(11) NOT NULL,
  `object_id` int(10) unsigned NOT NULL,
  PRIMARY KEY  (`id`),
  UNIQUE KEY `tag_id` (`tag_id`,`content_type_id`,`object_id`),
  KEY `tagging_taggeditem_3747b463` (`tag_id`),
  KEY `tagging_taggeditem_1bb8f392` (`content_type_id`),
  KEY `tagging_taggeditem_7d61c803` (`object_id`)
) ENGINE=MyISAM DEFAULT CHARSET=utf8;
/*!40101 SET character_set_client = @saved_cs_client */;

--
-- Dumping data for table `tagging_taggeditem`
--

LOCK TABLES `tagging_taggeditem` WRITE;
/*!40000 ALTER TABLE `tagging_taggeditem` DISABLE KEYS */;
/*!40000 ALTER TABLE `tagging_taggeditem` ENABLE KEYS */;
UNLOCK TABLES;

--
-- Table structure for table `thumbnail_kvstore`
--

DROP TABLE IF EXISTS `thumbnail_kvstore`;
/*!40101 SET @saved_cs_client     = @@character_set_client */;
/*!40101 SET character_set_client = utf8 */;
CREATE TABLE `thumbnail_kvstore` (
  `key` varchar(200) NOT NULL,
  `value` longtext NOT NULL,
  PRIMARY KEY  (`key`)
) ENGINE=MyISAM DEFAULT CHARSET=utf8;
/*!40101 SET character_set_client = @saved_cs_client */;

--
-- Dumping data for table `thumbnail_kvstore`
--

LOCK TABLES `thumbnail_kvstore` WRITE;
/*!40000 ALTER TABLE `thumbnail_kvstore` DISABLE KEYS */;
INSERT INTO `thumbnail_kvstore` VALUES ('sorl-thumbnail||image||50e067304cead5e6e03e034e1075126b','{\"storage\": \"django.core.files.storage.FileSystemStorage\", \"name\": \"images/productimage-picture-cohiba-behike-bhk-54-4.png\", \"size\": [496, 72]}'),('sorl-thumbnail||image||43a8b8ed4c09dff834064709ec4be2d3','{\"storage\": \"django.core.files.storage.FileSystemStorage\", \"name\": \"cache/fc/70/fc70b4ab6d3d5a441cef3675b9481d5a.png\", \"size\": [280, 41]}'),('sorl-thumbnail||thumbnails||50e067304cead5e6e03e034e1075126b','[\"98ce33e2d04169905c641c0581ff23c8\", \"09b56c8b24bd8b1e946ccc687b6c0ea4\", \"f35e5590039595823f9daef1f9f639bf\", \"43a8b8ed4c09dff834064709ec4be2d3\", \"4e8b4fbc66400fca1a21b85317b2e250\"]'),('sorl-thumbnail||image||54d7f77d97085619bb7d59c1e740c56e','{\"storage\": \"django.core.files.storage.FileSystemStorage\", \"name\": \"images/productimage-picture-cohiba-maduro-secretos-7.png\", \"size\": [411, 63]}'),('sorl-thumbnail||image||3c9a4f8b5b771ca438d8774ffe31def9','{\"storage\": \"django.core.files.storage.FileSystemStorage\", \"name\": \"cache/07/c7/07c70e7515d57f3c876d868001642bce.png\", \"size\": [128, 20]}'),('sorl-thumbnail||thumbnails||54d7f77d97085619bb7d59c1e740c56e','[\"3c9a4f8b5b771ca438d8774ffe31def9\", \"8cfb57a04ad473ef32301cedbf9757cf\", \"947dd09ef37c5ad47858b94fbfb8653d\", \"53b0146c5bde0d2a6ff83d2b9cea2860\", \"a803bbb8dabf75e18127da0a0ca77f7c\"]'),('sorl-thumbnail||image||09b56c8b24bd8b1e946ccc687b6c0ea4','{\"storage\": \"django.core.files.storage.FileSystemStorage\", \"name\": \"cache/4c/bd/4cbd4d5560992dfd16c1d855efe41244.png\", \"size\": [128, 19]}'),('sorl-thumbnail||image||8cfb57a04ad473ef32301cedbf9757cf','{\"storage\": \"django.core.files.storage.FileSystemStorage\", \"name\": \"cache/6a/79/6a79a3c385aa4b21671143343d260c33.png\", \"size\": [280, 43]}'),('sorl-thumbnail||image||649f88a8c7bf0979664ffdbd1d03bf90','{\"storage\": \"django.core.files.storage.FileSystemStorage\", \"name\": \"images/categoryimage-picture-cohiba-2.JPG\", \"size\": [130, 92]}'),('sorl-thumbnail||image||37c2e95ba50632f27881f183948144d2','{\"storage\": \"django.core.files.storage.FileSystemStorage\", \"name\": \"cache/73/0f/730f3b97954ca83a1329bfa5703aa47c.png\", \"size\": [127, 90]}'),('sorl-thumbnail||thumbnails||649f88a8c7bf0979664ffdbd1d03bf90','[\"37c2e95ba50632f27881f183948144d2\"]'),('sorl-thumbnail||image||76921aa6b6bf804be9a29ef400f90d01','{\"storage\": \"django.core.files.storage.FileSystemStorage\", \"name\": \"images/categoryimage-picture-montecristo-3.gif\", \"size\": [128, 90]}'),('sorl-thumbnail||image||3113269000be82abe3f5124d82db87ac','{\"storage\": \"django.core.files.storage.FileSystemStorage\", \"name\": \"cache/d6/02/d602eca084085fe5d7b596d98a6a5091.png\", \"size\": [128, 90]}'),('sorl-thumbnail||thumbnails||76921aa6b6bf804be9a29ef400f90d01','[\"3113269000be82abe3f5124d82db87ac\"]'),('sorl-thumbnail||image||03a411de5141125b9ac10d7e76f4c0a8','{\"storage\": \"django.core.files.storage.FileSystemStorage\", \"name\": \"images/categoryimage-picture-romeo-y-julieta-4.gif\", \"size\": [128, 90]}'),('sorl-thumbnail||image||011e6b2cb63fb6d12917e3f6a56ae8d1','{\"storage\": \"django.core.files.storage.FileSystemStorage\", \"name\": \"cache/d9/a7/d9a7544eb7eb550b5f9213eb20b85e15.png\", \"size\": [128, 90]}'),('sorl-thumbnail||thumbnails||03a411de5141125b9ac10d7e76f4c0a8','[\"011e6b2cb63fb6d12917e3f6a56ae8d1\"]'),('sorl-thumbnail||image||c59563bbe616818f1ad929a858232543','{\"storage\": \"django.core.files.storage.FileSystemStorage\", \"name\": \"images/categoryimage-picture-partagas-5.gif\", \"size\": [128, 90]}'),('sorl-thumbnail||image||4c48018cf6848d3599b0c5505234ea57','{\"storage\": \"django.core.files.storage.FileSystemStorage\", \"name\": \"cache/df/ed/dfedfe3ed14121ad5d420e9dcdaeffc6.png\", \"size\": [128, 90]}'),('sorl-thumbnail||thumbnails||c59563bbe616818f1ad929a858232543','[\"4c48018cf6848d3599b0c5505234ea57\"]'),('sorl-thumbnail||image||2ef9894e72bb22948b9a3b0b0c4360cc','{\"storage\": \"django.core.files.storage.FileSystemStorage\", \"name\": \"images/categoryimage-picture-hoyo-de-monterrey-6.gif\", \"size\": [128, 90]}'),('sorl-thumbnail||image||7ce65a771b9fa45a0221f546fda8cea1','{\"storage\": \"django.core.files.storage.FileSystemStorage\", \"name\": \"cache/2a/6b/2a6ba5c2758582aa0185c8309f53678f.png\", \"size\": [128, 90]}'),('sorl-thumbnail||thumbnails||2ef9894e72bb22948b9a3b0b0c4360cc','[\"7ce65a771b9fa45a0221f546fda8cea1\"]'),('sorl-thumbnail||image||130caa868d5fa1d5b7eaba3aa41b5516','{\"storage\": \"django.core.files.storage.FileSystemStorage\", \"name\": \"images/categoryimage-picture-hupmann-7.gif\", \"size\": [128, 90]}'),('sorl-thumbnail||image||189968fb1359d59e3f65fb123cde9ed0','{\"storage\": \"django.core.files.storage.FileSystemStorage\", \"name\": \"cache/53/cc/53cc126edb85a73c770c315bccb372c9.png\", \"size\": [128, 90]}'),('sorl-thumbnail||thumbnails||130caa868d5fa1d5b7eaba3aa41b5516','[\"189968fb1359d59e3f65fb123cde9ed0\"]'),('sorl-thumbnail||image||54038b377f823b1994e5634b776a88ab','{\"storage\": \"django.core.files.storage.FileSystemStorage\", \"name\": \"images/categoryimage-picture-trinidad-8.gif\", \"size\": [128, 90]}'),('sorl-thumbnail||image||5c39fb454b97eee8058dff51761e63e9','{\"storage\": \"django.core.files.storage.FileSystemStorage\", \"name\": \"cache/2b/e0/2be07985daa437c4fe2aa6603f2bb12c.png\", \"size\": [128, 90]}'),('sorl-thumbnail||thumbnails||54038b377f823b1994e5634b776a88ab','[\"5c39fb454b97eee8058dff51761e63e9\"]'),('sorl-thumbnail||image||0856902c1a824dc4a28df1fa369e066d','{\"storage\": \"django.core.files.storage.FileSystemStorage\", \"name\": \"images/categoryimage-picture-san-cristobal-9.gif\", \"size\": [128, 90]}'),('sorl-thumbnail||image||facd0c2b156954999a12a6a4147b59b3','{\"storage\": \"django.core.files.storage.FileSystemStorage\", \"name\": \"cache/a9/47/a94705b3e37e8fdf802e0829dda5531a.png\", \"size\": [128, 90]}'),('sorl-thumbnail||thumbnails||0856902c1a824dc4a28df1fa369e066d','[\"facd0c2b156954999a12a6a4147b59b3\"]'),('sorl-thumbnail||image||91f618ef1e163ee315271c1d9f30ab5b','{\"storage\": \"django.core.files.storage.FileSystemStorage\", \"name\": \"images/categoryimage-picture-bolivar-10.gif\", \"size\": [128, 90]}'),('sorl-thumbnail||image||d07ec827e48d888689c488d02e1eeaf6','{\"storage\": \"django.core.files.storage.FileSystemStorage\", \"name\": \"cache/cc/fe/ccfea26312ec6bc3d5365db33031716a.png\", \"size\": [128, 90]}'),('sorl-thumbnail||thumbnails||91f618ef1e163ee315271c1d9f30ab5b','[\"d07ec827e48d888689c488d02e1eeaf6\"]'),('sorl-thumbnail||image||301f8420c6f7b0527986bd4fc035ce22','{\"storage\": \"django.core.files.storage.FileSystemStorage\", \"name\": \"images/categoryimage-picture-vegas-robaina-11.gif\", \"size\": [128, 90]}'),('sorl-thumbnail||image||c5c99b4e6bb793597b796f802baf2c4f','{\"storage\": \"django.core.files.storage.FileSystemStorage\", \"name\": \"cache/3c/60/3c6069dcb62c5dbb9593a7b546a009e8.png\", \"size\": [128, 90]}'),('sorl-thumbnail||thumbnails||301f8420c6f7b0527986bd4fc035ce22','[\"c5c99b4e6bb793597b796f802baf2c4f\"]'),('sorl-thumbnail||image||039e7bb66b39cf3031a5b4dddb624ac7','{\"storage\": \"django.core.files.storage.FileSystemStorage\", \"name\": \"images/categoryimage-picture-ramon-allones-12.gif\", \"size\": [128, 90]}'),('sorl-thumbnail||image||e138aca0a61d58e6c898cf49e8488a2b','{\"storage\": \"django.core.files.storage.FileSystemStorage\", \"name\": \"cache/a0/af/a0af41d8f5b87c5cba21e12fa8c93b9d.png\", \"size\": [128, 90]}'),('sorl-thumbnail||thumbnails||039e7bb66b39cf3031a5b4dddb624ac7','[\"e138aca0a61d58e6c898cf49e8488a2b\"]'),('sorl-thumbnail||image||c5082e0624edb6ad248a45504641048c','{\"storage\": \"django.core.files.storage.FileSystemStorage\", \"name\": \"images/categoryimage-picture-punch-13.gif\", \"size\": [128, 90]}'),('sorl-thumbnail||image||d27889a594bb5cd010ad0df80c7b2256','{\"storage\": \"django.core.files.storage.FileSystemStorage\", \"name\": \"cache/ef/de/efdec2039f2dbefb60242cec06b105d0.png\", \"size\": [128, 90]}'),('sorl-thumbnail||thumbnails||c5082e0624edb6ad248a45504641048c','[\"d27889a594bb5cd010ad0df80c7b2256\"]'),('sorl-thumbnail||image||6cb5593c81793dee1ed3ab31e5f72087','{\"storage\": \"django.core.files.storage.FileSystemStorage\", \"name\": \"images/categoryimage-picture-cuaba-14.gif\", \"size\": [128, 90]}'),('sorl-thumbnail||image||db343993209876c5aa71e5ec3730db0d','{\"storage\": \"django.core.files.storage.FileSystemStorage\", \"name\": \"cache/71/bf/71bfa6e046dab18255828230646cefa3.png\", \"size\": [128, 90]}'),('sorl-thumbnail||thumbnails||6cb5593c81793dee1ed3ab31e5f72087','[\"db343993209876c5aa71e5ec3730db0d\"]'),('sorl-thumbnail||image||3bc4fc77885e222309411a68b2d163ca','{\"storage\": \"django.core.files.storage.FileSystemStorage\", \"name\": \"images/categoryimage-picture-por-larranaga-15.gif\", \"size\": [128, 90]}'),('sorl-thumbnail||image||fc39294497125bcf3a90ed5a7a8b8358','{\"storage\": \"django.core.files.storage.FileSystemStorage\", \"name\": \"cache/76/44/764499906445621280c4d8a34ddc11ba.png\", \"size\": [128, 90]}'),('sorl-thumbnail||thumbnails||3bc4fc77885e222309411a68b2d163ca','[\"fc39294497125bcf3a90ed5a7a8b8358\"]'),('sorl-thumbnail||image||00e84c6b38d41182a392cd0d9eaccee9','{\"storage\": \"django.core.files.storage.FileSystemStorage\", \"name\": \"images/categoryimage-picture-rafael-gonzalez-16.gif\", \"size\": [128, 90]}'),('sorl-thumbnail||image||232e8476dfde3987769ecc676a034ed9','{\"storage\": \"django.core.files.storage.FileSystemStorage\", \"name\": \"cache/33/a1/33a1e7d48ab3199b2a8045d2f2a30ddc.png\", \"size\": [128, 90]}'),('sorl-thumbnail||thumbnails||00e84c6b38d41182a392cd0d9eaccee9','[\"232e8476dfde3987769ecc676a034ed9\"]'),('sorl-thumbnail||image||5312dbaa2a34f72c9559eacffc34089e','{\"storage\": \"django.core.files.storage.FileSystemStorage\", \"name\": \"images/categoryimage-picture-jose-l-piedra-17.gif\", \"size\": [128, 90]}'),('sorl-thumbnail||image||33b89fe0f846fd793598415250e797d9','{\"storage\": \"django.core.files.storage.FileSystemStorage\", \"name\": \"cache/93/65/936531cd46e2d70d15b04aa9210c3b68.png\", \"size\": [128, 90]}'),('sorl-thumbnail||thumbnails||5312dbaa2a34f72c9559eacffc34089e','[\"33b89fe0f846fd793598415250e797d9\"]'),('sorl-thumbnail||image||f255cd869bdd52845c4a0e28badf563e','{\"storage\": \"django.core.files.storage.FileSystemStorage\", \"name\": \"images/categoryimage-picture-only-la-casa-del-habano-26.gif\", \"size\": [128, 90]}'),('sorl-thumbnail||image||9350d9b28cfbbc43d9e0c3c03233241b','{\"storage\": \"django.core.files.storage.FileSystemStorage\", \"name\": \"cache/7a/aa/7aaaebdd23e8643889c0a0a4cfeb7ced.png\", \"size\": [128, 90]}'),('sorl-thumbnail||thumbnails||f255cd869bdd52845c4a0e28badf563e','[\"9350d9b28cfbbc43d9e0c3c03233241b\"]'),('sorl-thumbnail||image||facccaf07b758fe4fec80d6cb23a2de4','{\"storage\": \"django.core.files.storage.FileSystemStorage\", \"name\": \"images/categoryimage-picture-ediciones-limitadas-18.gif\", \"size\": [128, 90]}'),('sorl-thumbnail||image||c9b8112bd13ea56662587827f8cff81b','{\"storage\": \"django.core.files.storage.FileSystemStorage\", \"name\": \"cache/a8/3d/a83d39929ddfba125c945755318de67d.png\", \"size\": [128, 90]}'),('sorl-thumbnail||thumbnails||facccaf07b758fe4fec80d6cb23a2de4','[\"c9b8112bd13ea56662587827f8cff81b\"]'),('sorl-thumbnail||image||361abb29212456a05d37d102df60cc9c','{\"storage\": \"django.core.files.storage.FileSystemStorage\", \"name\": \"images/categoryimage-picture-travel-retail-19.gif\", \"size\": [128, 90]}'),('sorl-thumbnail||image||c33d7a33888c7a04f24f89581c8576ed','{\"storage\": \"django.core.files.storage.FileSystemStorage\", \"name\": \"cache/1e/3e/1e3e213f742e6bf8df0e52097abd77a4.png\", \"size\": [128, 90]}'),('sorl-thumbnail||thumbnails||361abb29212456a05d37d102df60cc9c','[\"c33d7a33888c7a04f24f89581c8576ed\"]'),('sorl-thumbnail||image||fdf5bc8cb045f05c6b2dd2b870437464','{\"storage\": \"django.core.files.storage.FileSystemStorage\", \"name\": \"images/categoryimage-picture-coleccion-habanos-the-books-20.gif\", \"size\": [128, 90]}'),('sorl-thumbnail||image||7d2978d005ae3f8e0c59488394768bfb','{\"storage\": \"django.core.files.storage.FileSystemStorage\", \"name\": \"cache/67/59/67596c56f70edef443f73ae9af181d03.png\", \"size\": [128, 90]}'),('sorl-thumbnail||thumbnails||fdf5bc8cb045f05c6b2dd2b870437464','[\"7d2978d005ae3f8e0c59488394768bfb\"]'),('sorl-thumbnail||image||05a766579791de1d20562bbcd2c1ff3a','{\"storage\": \"django.core.files.storage.FileSystemStorage\", \"name\": \"images/categoryimage-picture-replicas-21.gif\", \"size\": [128, 90]}'),('sorl-thumbnail||image||1bcaf11c6395c0b31c8dc39ce4bc65b3','{\"storage\": \"django.core.files.storage.FileSystemStorage\", \"name\": \"cache/9d/d9/9dd9ead0f47aff6597bd695aa53c44f9.png\", \"size\": [128, 90]}'),('sorl-thumbnail||thumbnails||05a766579791de1d20562bbcd2c1ff3a','[\"1bcaf11c6395c0b31c8dc39ce4bc65b3\"]'),('sorl-thumbnail||image||94bbcbc8bf9a968415e5a21731e29c78','{\"storage\": \"django.core.files.storage.FileSystemStorage\", \"name\": \"images/categoryimage-picture-selecciones-22.gif\", \"size\": [128, 90]}'),('sorl-thumbnail||image||5172a105159dcdaf1ea0ad807185f893','{\"storage\": \"django.core.files.storage.FileSystemStorage\", \"name\": \"cache/5f/ca/5fcadc41a7b4ef7c1b1435cae58f544a.png\", \"size\": [128, 90]}'),('sorl-thumbnail||thumbnails||94bbcbc8bf9a968415e5a21731e29c78','[\"5172a105159dcdaf1ea0ad807185f893\"]'),('sorl-thumbnail||image||c85a738e0d07183613032659745b61d7','{\"storage\": \"django.core.files.storage.FileSystemStorage\", \"name\": \"images/categoryimage-picture-guantanamera-23.gif\", \"size\": [128, 90]}'),('sorl-thumbnail||image||b07d0d02834d44ae7ff41950329d16df','{\"storage\": \"django.core.files.storage.FileSystemStorage\", \"name\": \"cache/9b/92/9b923a77dac835e90301d83c38554428.png\", \"size\": [128, 90]}'),('sorl-thumbnail||thumbnails||c85a738e0d07183613032659745b61d7','[\"b07d0d02834d44ae7ff41950329d16df\"]'),('sorl-thumbnail||image||9d12ebccd89f592f9dd48355aba17ac0','{\"storage\": \"django.core.files.storage.FileSystemStorage\", \"name\": \"images/categoryimage-picture-belinda-28.jpg\", \"size\": [128, 90]}'),('sorl-thumbnail||image||9db52360270ed99fa484554c6f90ecc3','{\"storage\": \"django.core.files.storage.FileSystemStorage\", \"name\": \"cache/d3/36/d3369cd1bb64b889b35fa104f7a60fc5.png\", \"size\": [128, 90]}'),('sorl-thumbnail||thumbnails||9d12ebccd89f592f9dd48355aba17ac0','[\"9db52360270ed99fa484554c6f90ecc3\"]'),('sorl-thumbnail||image||93f78b28ef7d7b48808750c1e5c9769b','{\"storage\": \"django.core.files.storage.FileSystemStorage\", \"name\": \"images/categoryimage-picture-minis-cubanos-25.gif\", \"size\": [128, 90]}'),('sorl-thumbnail||image||ac077e0e948dafd63c5082330ed048e6','{\"storage\": \"django.core.files.storage.FileSystemStorage\", \"name\": \"cache/f4/f1/f4f1dd1cfb507c74a76c5e99c9eab838.png\", \"size\": [128, 90]}'),('sorl-thumbnail||thumbnails||93f78b28ef7d7b48808750c1e5c9769b','[\"ac077e0e948dafd63c5082330ed048e6\"]'),('sorl-thumbnail||image||f7a11f36593b2404b78cbc0efb285c2d','{\"storage\": \"django.core.files.storage.FileSystemStorage\", \"name\": \"images/productimage-picture-cohiba-behike-bhk-52-2.png\", \"size\": [411, 69]}'),('sorl-thumbnail||image||c9c7f7c6bccc13c8d5d759b21d01910f','{\"storage\": \"django.core.files.storage.FileSystemStorage\", \"name\": \"cache/ed/36/ed36991cb73da6bf30bebfe52738830e.png\", \"size\": [85, 14]}'),('sorl-thumbnail||thumbnails||f7a11f36593b2404b78cbc0efb285c2d','[\"6f3d017549588664d72518812b892b71\", \"621ec75fb0a4d64316da0673ff51f8e5\", \"2db66bf042b6d9ea15cbd2ff91241bb0\", \"83851d16b41fa7515ef20337304ea603\", \"36494156d7d6021fbd27741d9df9b6a6\", \"35b8e81fc42224c57d72443eb2a58396\", \"1ea5f5bdafe20accd9d4936ae3be2960\", \"c9c7f7c6bccc13c8d5d759b21d01910f\"]'),('sorl-thumbnail||image||98ce33e2d04169905c641c0581ff23c8','{\"storage\": \"django.core.files.storage.FileSystemStorage\", \"name\": \"cache/98/4b/984b57b2bc3e3e1bdcc7a7dd7b401482.png\", \"size\": [85, 12]}'),('sorl-thumbnail||image||542b2704c919bb30b768d0e00d1a7a8a','{\"storage\": \"django.core.files.storage.FileSystemStorage\", \"name\": \"images/productimage-picture-cohiba-behike-bhk-56-3.png\", \"size\": [595, 80]}'),('sorl-thumbnail||image||1e3267b521791a7abad2390d95b378a9','{\"storage\": \"django.core.files.storage.FileSystemStorage\", \"name\": \"cache/1d/3f/1d3f7d560585623817d7c5900a559adf.png\", \"size\": [85, 11]}'),('sorl-thumbnail||thumbnails||542b2704c919bb30b768d0e00d1a7a8a','[\"1e3267b521791a7abad2390d95b378a9\", \"7c9ab02dda495449686cb8b37657c5cb\", \"a2fa92bb95b8ad5c83311d329fa70368\"]'),('sorl-thumbnail||image||374a7c3c23f889a6a256846c26e607c5','{\"storage\": \"django.core.files.storage.FileSystemStorage\", \"name\": \"images/productimage-picture-cohiba-maduro-genios-5.jpg\", \"size\": [567, 87]}'),('sorl-thumbnail||image||9bed980de641d6c74169bddacc83b4a3','{\"storage\": \"django.core.files.storage.FileSystemStorage\", \"name\": \"cache/2d/bf/2dbfa59a64d35a5bbfd31def7cf01898.png\", \"size\": [85, 13]}'),('sorl-thumbnail||thumbnails||374a7c3c23f889a6a256846c26e607c5','[\"15f52f797bdbd3fb3e11b002065211d8\", \"c3bbe43bf8e84bd3b9ebf8b6b53c28e1\", \"4601abf23da04190cfbd3dfbcd3b6fcc\", \"9bed980de641d6c74169bddacc83b4a3\"]'),('sorl-thumbnail||image||5232ecc32e828b0ed2957824042df404','{\"storage\": \"django.core.files.storage.FileSystemStorage\", \"name\": \"images/productimage-picture-cohiba-maduro-magicos-6.jpg\", \"size\": [1342, 213]}'),('sorl-thumbnail||image||cc39dc58de09d2ebd946d7571638b1dd','{\"storage\": \"django.core.files.storage.FileSystemStorage\", \"name\": \"cache/51/18/51180176df4bb96897d47f112d8a7af2.png\", \"size\": [85, 13]}'),('sorl-thumbnail||thumbnails||5232ecc32e828b0ed2957824042df404','[\"a4a2976cfa445523a5123b037cf8e9d2\", \"cc39dc58de09d2ebd946d7571638b1dd\", \"e60600c34b5b32eede6dcd994ce5ad64\"]'),('sorl-thumbnail||image||a803bbb8dabf75e18127da0a0ca77f7c','{\"storage\": \"django.core.files.storage.FileSystemStorage\", \"name\": \"cache/1d/13/1d138135e6e2f5eb807160c6abc870af.png\", \"size\": [85, 13]}'),('sorl-thumbnail||image||23657751ca624c282add03f4a7840af6','{\"storage\": \"django.core.files.storage.FileSystemStorage\", \"name\": \"images/productimage-picture-cohiba-panetelas-8.jpg\", \"size\": [495, 59]}'),('sorl-thumbnail||image||bc43e33c598c303d187359c00bb409d4','{\"storage\": \"django.core.files.storage.FileSystemStorage\", \"name\": \"cache/ee/7f/ee7f00b6f088747efdb636be704c62b0.png\", \"size\": [85, 10]}'),('sorl-thumbnail||thumbnails||23657751ca624c282add03f4a7840af6','[\"25a64162c438c00b35efa3ff05feaa5c\", \"bc43e33c598c303d187359c00bb409d4\", \"4a2eb39201d13852a00e52fa6e609cfb\"]'),('sorl-thumbnail||image||36494156d7d6021fbd27741d9df9b6a6','{\"storage\": \"django.core.files.storage.FileSystemStorage\", \"name\": \"cache/d9/8c/d98c6c2e70460fd318c9c1b55b37b229.png\", \"size\": [280, 47]}'),('sorl-thumbnail||image||8e92c206d7bee7da55ed14a650050bff','{\"storage\": \"django.core.files.storage.FileSystemStorage\", \"name\": \"images/categoryimage-picture-clan-27.jpg\", \"size\": [576, 556]}'),('sorl-thumbnail||image||358c35ad6fd1a8f9ee87799364a04ddf','{\"storage\": \"django.core.files.storage.FileSystemStorage\", \"name\": \"cache/26/25/2625cdf8ff7e0143a810f58023440cbe.png\", \"size\": [93, 90]}'),('sorl-thumbnail||thumbnails||8e92c206d7bee7da55ed14a650050bff','[\"358c35ad6fd1a8f9ee87799364a04ddf\"]'),('sorl-thumbnail||image||87a9b2c5c0a6d48f801d6ee8825bae34','{\"storage\": \"django.core.files.storage.FileSystemStorage\", \"name\": \"images/categoryimage-picture-belinda-cigars-24.gif\", \"size\": [128, 90]}'),('sorl-thumbnail||image||69f675fce4b0e0bad1af3aa33703db08','{\"storage\": \"django.core.files.storage.FileSystemStorage\", \"name\": \"cache/6f/a4/6fa48f2570791ad4d091916606fc3a44.png\", \"size\": [128, 90]}'),('sorl-thumbnail||thumbnails||87a9b2c5c0a6d48f801d6ee8825bae34','[\"69f675fce4b0e0bad1af3aa33703db08\"]'),('sorl-thumbnail||image||3ade348fc16b31153ab12aff0316439b','{\"storage\": \"django.core.files.storage.FileSystemStorage\", \"name\": \"images/productimage-picture-clan-fine-aromatic-10.PNG\", \"size\": [278, 571]}'),('sorl-thumbnail||image||52fac963bab82f9a78ed4a47280b4dc2','{\"storage\": \"django.core.files.storage.FileSystemStorage\", \"name\": \"cache/10/5e/105e3098718ee77859d64924999f4477.png\", \"size\": [41, 85]}'),('sorl-thumbnail||thumbnails||3ade348fc16b31153ab12aff0316439b','[\"52fac963bab82f9a78ed4a47280b4dc2\"]'),('sorl-thumbnail||image||d50a226d7f8a343eeb387586117e875e','{\"storage\": \"django.core.files.storage.FileSystemStorage\", \"name\": \"images/productimage-picture-clan-highland-gold-9.jpg\", \"size\": [906, 1499]}'),('sorl-thumbnail||image||91ba0a1be11775b2075004fa803b67fc','{\"storage\": \"django.core.files.storage.FileSystemStorage\", \"name\": \"cache/ac/93/ac93d0102e19eb8a487dc232aa89a0c5.png\", \"size\": [51, 85]}'),('sorl-thumbnail||thumbnails||d50a226d7f8a343eeb387586117e875e','[\"91ba0a1be11775b2075004fa803b67fc\"]'),('sorl-thumbnail||image||6fee581f85645f433230e4e0c8885c49','{\"storage\": \"django.core.files.storage.FileSystemStorage\", \"name\": \"images/productimage-picture-cohiba-exquisitos-12.png\", \"size\": [461, 48]}'),('sorl-thumbnail||image||270b1a60762e4ec62bda6954a572036e','{\"storage\": \"django.core.files.storage.FileSystemStorage\", \"name\": \"cache/9d/1d/9d1d7b9af6f1b79c1d6a0ca573bd52fa.png\", \"size\": [280, 29]}'),('sorl-thumbnail||thumbnails||6fee581f85645f433230e4e0c8885c49','[\"f69a1a6f0228df01e2025bb4a97f343c\", \"ae35e59290e5a9d3e8ebce0f58715575\", \"270b1a60762e4ec62bda6954a572036e\", \"6cde890ec84877a59e99520cfb0ae6f7\"]'),('sorl-thumbnail||image||6cde890ec84877a59e99520cfb0ae6f7','{\"storage\": \"django.core.files.storage.FileSystemStorage\", \"name\": \"cache/b4/7e/b47e70efda3433a0a9dfb559f9f012a1.png\", \"size\": [85, 9]}'),('sorl-thumbnail||image||bc276d69b19a91a4ff53cf227509da69','{\"storage\": \"django.core.files.storage.FileSystemStorage\", \"name\": \"images/productimage-picture-cohiba-robustos-13.png\", \"size\": [450, 71]}'),('sorl-thumbnail||image||3c3eadd57a99a3d9836f820fced8c53d','{\"storage\": \"django.core.files.storage.FileSystemStorage\", \"name\": \"cache/e9/3b/e93b6331ada492d8234a41fdb606a0ce.png\", \"size\": [280, 44]}'),('sorl-thumbnail||thumbnails||bc276d69b19a91a4ff53cf227509da69','[\"73e6ddc40e3614b7d6416292734f8e8a\", \"c56ac78df900dd6a258c9a79c672d4ee\", \"9158996a567157ae6dfc8f8297c9409a\", \"92f4f9605f1e67c0b5012f2f587b50d4\", \"3c3eadd57a99a3d9836f820fced8c53d\"]'),('sorl-thumbnail||image||c56ac78df900dd6a258c9a79c672d4ee','{\"storage\": \"django.core.files.storage.FileSystemStorage\", \"name\": \"cache/4a/f6/4af6a6a95696bb074ad6d272586f0e95.png\", \"size\": [85, 13]}'),('sorl-thumbnail||image||6caa4b5cedffcd9dcc32fcb0c5a56ced','{\"storage\": \"django.core.files.storage.FileSystemStorage\", \"name\": \"images/productimage-picture-cohiba-corona-especial-14.png\", \"size\": [536, 51]}'),('sorl-thumbnail||image||9987882676bed8b5bf567202f40ab30e','{\"storage\": \"django.core.files.storage.FileSystemStorage\", \"name\": \"cache/35/03/35037df6d1c6d3c8895759cde46af2fb.png\", \"size\": [280, 27]}'),('sorl-thumbnail||thumbnails||6caa4b5cedffcd9dcc32fcb0c5a56ced','[\"4676b939e1fb6d661dc779ac80f47a1f\", \"8b20f19e314ee00c5fd699dde5a5a799\", \"9987882676bed8b5bf567202f40ab30e\", \"8821962701acfa44d04dd4e8049f5c6f\"]'),('sorl-thumbnail||image||8b20f19e314ee00c5fd699dde5a5a799','{\"storage\": \"django.core.files.storage.FileSystemStorage\", \"name\": \"cache/cf/fb/cffba4162d3f7070925373be091c7dea.png\", \"size\": [85, 8]}'),('sorl-thumbnail||image||f3b44ba112b0cac299d43f10d445a8fb','{\"storage\": \"django.core.files.storage.FileSystemStorage\", \"name\": \"images/productimage-picture-cohiba-esplendidos-15.png\", \"size\": [575, 63]}'),('sorl-thumbnail||image||20021355e3740caa54482ac8252e2610','{\"storage\": \"django.core.files.storage.FileSystemStorage\", \"name\": \"cache/fc/9d/fc9d0b537cfce77217ad7744a8f47b6e.png\", \"size\": [280, 31]}'),('sorl-thumbnail||thumbnails||f3b44ba112b0cac299d43f10d445a8fb','[\"cb42dbf548d12273713d8c28d71b0452\", \"402f680c7ec20d454bd92e114eb1e144\", \"20021355e3740caa54482ac8252e2610\", \"940985399e347a95732af096d87bc3e7\"]'),('sorl-thumbnail||image||402f680c7ec20d454bd92e114eb1e144','{\"storage\": \"django.core.files.storage.FileSystemStorage\", \"name\": \"cache/d3/4f/d34f05b1a88b0ed8511562865fb6def3.png\", \"size\": [85, 9]}'),('sorl-thumbnail||image||ecf221553deffeae86fe9eaa7579cbe4','{\"storage\": \"django.core.files.storage.FileSystemStorage\", \"name\": \"images/productimage-picture-cohiba-lanceros-16.png\", \"size\": [590, 46]}'),('sorl-thumbnail||image||818d97893e541ffece021f2a75f4a7eb','{\"storage\": \"django.core.files.storage.FileSystemStorage\", \"name\": \"cache/6c/3a/6c3af1168ab6d12f6cf41b5c6e442b49.png\", \"size\": [280, 22]}'),('sorl-thumbnail||thumbnails||ecf221553deffeae86fe9eaa7579cbe4','[\"77f0bd88ad651321511735245af209c2\", \"a1bf98d3c94227af61de19fadfb0e8af\", \"818d97893e541ffece021f2a75f4a7eb\", \"d5e8bf56590383ec8e706a4e427f7578\"]'),('sorl-thumbnail||image||d5e8bf56590383ec8e706a4e427f7578','{\"storage\": \"django.core.files.storage.FileSystemStorage\", \"name\": \"cache/fa/f8/faf8d3ea1b72c0ff10de35544095f31b.png\", \"size\": [85, 7]}'),('sorl-thumbnail||image||1d0e168ef4c7695c94e0d4dcdc49f099','{\"storage\": \"django.core.files.storage.FileSystemStorage\", \"name\": \"images/productimage-picture-cohiba-siglo-i-17.png\", \"size\": [393, 62]}'),('sorl-thumbnail||image||d66e2a0c667c0580333718f01cf4d261','{\"storage\": \"django.core.files.storage.FileSystemStorage\", \"name\": \"cache/68/9a/689a9ae3bf8b1ed3f0aef9f80bb354e6.png\", \"size\": [280, 44]}'),('sorl-thumbnail||thumbnails||1d0e168ef4c7695c94e0d4dcdc49f099','[\"d548ba6f8b980b1d2056909c5f239cc7\", \"fb1812682b09b5c69c11aa62d584a86f\", \"d66e2a0c667c0580333718f01cf4d261\", \"651f552ca63f7046ace92e3c7eb861ee\", \"9add2b21fd86d3b708c19e569d966f84\"]'),('sorl-thumbnail||image||9add2b21fd86d3b708c19e569d966f84','{\"storage\": \"django.core.files.storage.FileSystemStorage\", \"name\": \"cache/ca/46/ca46de59b02c2c48a9d403c7f6e26608.png\", \"size\": [85, 13]}'),('sorl-thumbnail||image||8e88028ed8794e3411f2a1b619d0d83d','{\"storage\": \"django.core.files.storage.FileSystemStorage\", \"name\": \"images/productimage-picture-cohiba-siglo-ii-18.png\", \"size\": [457, 61]}'),('sorl-thumbnail||image||36e12e7ca6ce2a3b4b69e4c44d7c6c43','{\"storage\": \"django.core.files.storage.FileSystemStorage\", \"name\": \"cache/61/45/61453d61cce1d4402a6825f7abb1ac9b.png\", \"size\": [280, 37]}'),('sorl-thumbnail||thumbnails||8e88028ed8794e3411f2a1b619d0d83d','[\"d319f97584a09f61836a73041e977f85\", \"36e12e7ca6ce2a3b4b69e4c44d7c6c43\", \"183b1e42cb3e055fb3d56032247df600\", \"ccff5c619c58c196474de8fd2166a17b\", \"3956ff11790d8b0b49c49497cbb4359c\", \"f9a067b5d9cf24719c9d1f73ccbd7f50\", \"821c40a39f71ec66c28331fae59df8d9\"]'),('sorl-thumbnail||image||3956ff11790d8b0b49c49497cbb4359c','{\"storage\": \"django.core.files.storage.FileSystemStorage\", \"name\": \"cache/4b/67/4b67ca6b1996d6faa2936599b57b608d.png\", \"size\": [85, 11]}'),('sorl-thumbnail||image||8ec5cfa63fff750abf43dc03d1caa497','{\"storage\": \"django.core.files.storage.FileSystemStorage\", \"name\": \"images/productimage-picture-cohiba-siglo-iii-19.png\", \"size\": [532, 58]}'),('sorl-thumbnail||image||261ffe471af1058fd71b0cbeb75a231e','{\"storage\": \"django.core.files.storage.FileSystemStorage\", \"name\": \"cache/5d/a6/5da649701d744bda0ffb2942c7129282.png\", \"size\": [280, 31]}'),('sorl-thumbnail||thumbnails||8ec5cfa63fff750abf43dc03d1caa497','[\"02d8dac5cdd406a5ee389d882a9638ec\", \"10496c8566412525baf5eedba8cf13ac\", \"a96ecd242f46f6a83afde08136ddbca5\", \"261ffe471af1058fd71b0cbeb75a231e\", \"a0b41ae979809c78fb104ebbbb29e4d9\"]'),('sorl-thumbnail||image||02d8dac5cdd406a5ee389d882a9638ec','{\"storage\": \"django.core.files.storage.FileSystemStorage\", \"name\": \"cache/9e/69/9e69cc268090b235c32de67bebbbc9a6.png\", \"size\": [85, 9]}'),('sorl-thumbnail||image||9ff98ade2efd53a403bbf25c77fdbc65','{\"storage\": \"django.core.files.storage.FileSystemStorage\", \"name\": \"images/productimage-picture-cohiba-siglo-iv-20.png\", \"size\": [501, 64]}'),('sorl-thumbnail||image||c58e07368e00f0626ff8b64e5c967d72','{\"storage\": \"django.core.files.storage.FileSystemStorage\", \"name\": \"cache/41/79/4179586d789f999f6978c7c6dea90544.png\", \"size\": [280, 36]}'),('sorl-thumbnail||thumbnails||9ff98ade2efd53a403bbf25c77fdbc65','[\"763396d2941472e05378f37a361de05b\", \"c58e07368e00f0626ff8b64e5c967d72\", \"af65788575296f73289531d843f78f1d\", \"3523768a251db9f1802e6c36add99c63\", \"6c4c5d64134d7233b24a7ce68af1d845\", \"1b0c4793ee19bd440ccd76582153e8ce\"]'),('sorl-thumbnail||image||763396d2941472e05378f37a361de05b','{\"storage\": \"django.core.files.storage.FileSystemStorage\", \"name\": \"cache/c6/2f/c62f8d8576e1645b5a44fa2f960c6ef1.png\", \"size\": [85, 11]}'),('sorl-thumbnail||image||5125b6a754fd5fab475887d8e0553ae1','{\"storage\": \"django.core.files.storage.FileSystemStorage\", \"name\": \"images/productimage-picture-cohiba-siglo-v-21.png\", \"size\": [568, 57]}'),('sorl-thumbnail||image||30db573ec2b3d1252f4dbdaa00f2500e','{\"storage\": \"django.core.files.storage.FileSystemStorage\", \"name\": \"cache/de/18/de18bc66777560759bcb7916959b82e2.png\", \"size\": [280, 28]}'),('sorl-thumbnail||thumbnails||5125b6a754fd5fab475887d8e0553ae1','[\"30db573ec2b3d1252f4dbdaa00f2500e\", \"85384425b87be917a828c6012cc9b23c\", \"8933ab30df201eb96dbd275e52fe999c\", \"106afac9c20d2668c85b8d327369bbbe\"]'),('sorl-thumbnail||image||85384425b87be917a828c6012cc9b23c','{\"storage\": \"django.core.files.storage.FileSystemStorage\", \"name\": \"cache/22/b6/22b6c16ee814058744ba88334727777c.png\", \"size\": [85, 9]}'),('sorl-thumbnail||image||e47e59a3f583d6054ea4ca8928199307','{\"storage\": \"django.core.files.storage.FileSystemStorage\", \"name\": \"images/productimage-picture-cohiba-siglo-vi-22.png\", \"size\": [536, 76]}'),('sorl-thumbnail||image||d694305e70f788fc5eb42ca715966a34','{\"storage\": \"django.core.files.storage.FileSystemStorage\", \"name\": \"cache/59/83/59838aa7037d5020c26e1abf3f4a9c06.png\", \"size\": [280, 40]}'),('sorl-thumbnail||thumbnails||e47e59a3f583d6054ea4ca8928199307','[\"ef0ad237b980b0617ea936e1eaa4ff03\", \"827b18d6c12ad8fa741699167f33ecc8\", \"00928b63ef3a1b0ef667f1e9669d1f3d\", \"d694305e70f788fc5eb42ca715966a34\", \"fb9268c99a85699c84b72cdf9250403e\"]'),('sorl-thumbnail||image||00928b63ef3a1b0ef667f1e9669d1f3d','{\"storage\": \"django.core.files.storage.FileSystemStorage\", \"name\": \"cache/7b/b7/7bb769e6d7e3168b90205464874eb52e.png\", \"size\": [85, 12]}'),('sorl-thumbnail||image||53b0146c5bde0d2a6ff83d2b9cea2860','{\"storage\": \"django.core.files.storage.FileSystemStorage\", \"name\": \"cache/da/f2/daf2bfa87b475c956202e8c48f7749b5.png\", \"size\": [150, 23]}'),('sorl-thumbnail||image||1f15b98faca6285df9682d638da1de51','{\"storage\": \"django.core.files.storage.FileSystemStorage\", \"name\": \"images/productimage-picture-montecristo-edmundo-23.png\", \"size\": [478, 74]}'),('sorl-thumbnail||image||e492cc270930583be7a47ce6c512ce67','{\"storage\": \"django.core.files.storage.FileSystemStorage\", \"name\": \"cache/d1/f9/d1f9bbde5f721891b4097944dcf5b96b.png\", \"size\": [150, 23]}'),('sorl-thumbnail||thumbnails||1f15b98faca6285df9682d638da1de51','[\"16744a509fc0f04df1e777fc2d51c17c\", \"e492cc270930583be7a47ce6c512ce67\", \"e79bc3123b51389a6ff6fb2867aa809d\"]'),('sorl-thumbnail||image||e79bc3123b51389a6ff6fb2867aa809d','{\"storage\": \"django.core.files.storage.FileSystemStorage\", \"name\": \"cache/4e/54/4e545fde51eb7f48a27469c84107e40d.png\", \"size\": [85, 13]}'),('sorl-thumbnail||image||5866feb5c3e65ffd9ed14300147701ca','{\"storage\": \"django.core.files.storage.FileSystemStorage\", \"name\": \"images/productimage-picture-montecristo-n2-24.png\", \"size\": [517, 69]}'),('sorl-thumbnail||image||0f493d28a117de5fa74c514868e14de7','{\"storage\": \"django.core.files.storage.FileSystemStorage\", \"name\": \"cache/20/d4/20d4203feb90440ebb23d23bd6c5bbe6.png\", \"size\": [150, 20]}'),('sorl-thumbnail||thumbnails||5866feb5c3e65ffd9ed14300147701ca','[\"04a69eb9547994232d17af33dc9a5bce\", \"5622d0b24a4c74091f63793f4ae82a79\", \"0f493d28a117de5fa74c514868e14de7\"]'),('sorl-thumbnail||image||04a69eb9547994232d17af33dc9a5bce','{\"storage\": \"django.core.files.storage.FileSystemStorage\", \"name\": \"cache/34/f8/34f8ecb3f05d15a08e6f031da3599189.png\", \"size\": [85, 11]}'),('sorl-thumbnail||image||0adbcc308ff9095b7f1ab8a2963dc9af','{\"storage\": \"django.core.files.storage.FileSystemStorage\", \"name\": \"images/productimage-picture-montecristo-n3-25.png\", \"size\": [501, 58]}'),('sorl-thumbnail||image||0f08f142071ff1ea1e0f91406d3823df','{\"storage\": \"django.core.files.storage.FileSystemStorage\", \"name\": \"cache/f3/4c/f34cddd458d2f55479df27a276d7400f.png\", \"size\": [150, 17]}'),('sorl-thumbnail||thumbnails||0adbcc308ff9095b7f1ab8a2963dc9af','[\"260d2524b335930afdd48960bac6ac68\", \"320b8fc549d63ec687c2de4011462a9c\", \"0f08f142071ff1ea1e0f91406d3823df\"]'),('sorl-thumbnail||image||320b8fc549d63ec687c2de4011462a9c','{\"storage\": \"django.core.files.storage.FileSystemStorage\", \"name\": \"cache/d5/2d/d52d40bbf27fe7fbc23690ac0426bfdf.png\", \"size\": [85, 10]}'),('sorl-thumbnail||image||577b0071785fb34d7773c8d56801ef35','{\"storage\": \"django.core.files.storage.FileSystemStorage\", \"name\": \"images/productimage-picture-montecristo-n4-26.png\", \"size\": [466, 62]}'),('sorl-thumbnail||image||d54b595a25f754674317188702c9bcd5','{\"storage\": \"django.core.files.storage.FileSystemStorage\", \"name\": \"cache/9e/1b/9e1bf41649307e8710457ba7d84f3171.png\", \"size\": [150, 20]}'),('sorl-thumbnail||thumbnails||577b0071785fb34d7773c8d56801ef35','[\"db4ef020c9a331c42e97fe4cf22213d2\", \"8959092158db92f08c284a1547fe9b53\", \"d54b595a25f754674317188702c9bcd5\"]'),('sorl-thumbnail||image||db4ef020c9a331c42e97fe4cf22213d2','{\"storage\": \"django.core.files.storage.FileSystemStorage\", \"name\": \"cache/82/51/82511dc213113e914afa8f5fcf2f002e.png\", \"size\": [85, 11]}'),('sorl-thumbnail||image||a6012bfd1fa62d6b266edbbae72a3d61','{\"storage\": \"django.core.files.storage.FileSystemStorage\", \"name\": \"images/productimage-picture-montecristo-n5-27.png\", \"size\": [393, 61]}'),('sorl-thumbnail||image||0093aec1de43e2b8fcd78d347e9083c4','{\"storage\": \"django.core.files.storage.FileSystemStorage\", \"name\": \"cache/d9/fe/d9fe1552b21cc9704c8a32f3f253ad0e.png\", \"size\": [150, 23]}'),('sorl-thumbnail||thumbnails||a6012bfd1fa62d6b266edbbae72a3d61','[\"0093aec1de43e2b8fcd78d347e9083c4\", \"02ce4f4df2b0f47a4cb01b0b50bd3417\", \"fc1c3f0fc495ce026ac2d78aeb80a9e3\"]'),('sorl-thumbnail||image||02ce4f4df2b0f47a4cb01b0b50bd3417','{\"storage\": \"django.core.files.storage.FileSystemStorage\", \"name\": \"cache/d2/46/d2468edbd7bb7a3d17b3b22a11080feb.png\", \"size\": [85, 13]}'),('sorl-thumbnail||image||1658bf3703e8b5ed642b5ecf858ec548','{\"storage\": \"django.core.files.storage.FileSystemStorage\", \"name\": \"images/productimage-picture-montecristo-open-eagle-28.png\", \"size\": [528, 77]}'),('sorl-thumbnail||image||8870caaa7ec2a23cb45d28c0c7517d77','{\"storage\": \"django.core.files.storage.FileSystemStorage\", \"name\": \"cache/92/7f/927f9dbfed6166fe7d042860d2b46e5c.png\", \"size\": [150, 22]}'),('sorl-thumbnail||thumbnails||1658bf3703e8b5ed642b5ecf858ec548','[\"9fc120f3ed106bf4b882321dae19d66e\", \"10989a87a1149b4db58499b0d9ee7b8c\", \"8870caaa7ec2a23cb45d28c0c7517d77\"]'),('sorl-thumbnail||image||10989a87a1149b4db58499b0d9ee7b8c','{\"storage\": \"django.core.files.storage.FileSystemStorage\", \"name\": \"cache/9b/52/9b52eff9d83048c630e77571ba7f9805.png\", \"size\": [85, 12]}'),('sorl-thumbnail||image||e7ce1e26798a9c08f825d0d91a71d648','{\"storage\": \"django.core.files.storage.FileSystemStorage\", \"name\": \"images/productimage-picture-montecristo-open-junior-29.png\", \"size\": [410, 53]}'),('sorl-thumbnail||image||ad06f4ce41ccab2f3bced2759d41cb15','{\"storage\": \"django.core.files.storage.FileSystemStorage\", \"name\": \"cache/19/f1/19f1f09c37d9fc35feca44f35ad8ab51.png\", \"size\": [150, 19]}'),('sorl-thumbnail||thumbnails||e7ce1e26798a9c08f825d0d91a71d648','[\"f06029219f6f90c6b949226419f5fc57\", \"98cfc3bfadc822a71bbf8c8c08a563cb\", \"ad06f4ce41ccab2f3bced2759d41cb15\"]'),('sorl-thumbnail||image||98cfc3bfadc822a71bbf8c8c08a563cb','{\"storage\": \"django.core.files.storage.FileSystemStorage\", \"name\": \"cache/fb/9b/fb9bd7cf5cab661ed84cf8ceb5d8dc7f.png\", \"size\": [85, 11]}'),('sorl-thumbnail||image||98391ee8fe2d93f57db254b701c68aa7','{\"storage\": \"django.core.files.storage.FileSystemStorage\", \"name\": \"images/productimage-picture-montecristo-open-master-30.png\", \"size\": [457, 73]}'),('sorl-thumbnail||image||7acf07576a9f11dc65a258e9d44f19d2','{\"storage\": \"django.core.files.storage.FileSystemStorage\", \"name\": \"cache/3f/2e/3f2ef763bb68fe4446d0844bea4a0786.png\", \"size\": [150, 24]}'),('sorl-thumbnail||thumbnails||98391ee8fe2d93f57db254b701c68aa7','[\"6f07f2f2efdcbd2056383c5959ca54e3\", \"8ed782db8bedc0bc3c15c95640afc3a7\", \"7acf07576a9f11dc65a258e9d44f19d2\"]'),('sorl-thumbnail||image||8ed782db8bedc0bc3c15c95640afc3a7','{\"storage\": \"django.core.files.storage.FileSystemStorage\", \"name\": \"cache/ff/c0/ffc01795014f9345800e1ad761e61605.png\", \"size\": [85, 14]}'),('sorl-thumbnail||image||99f0bb298efe1531b428daa32dc6c5c2','{\"storage\": \"django.core.files.storage.FileSystemStorage\", \"name\": \"images/productimage-picture-montecristo-open-regata-31.png\", \"size\": [478, 66]}'),('sorl-thumbnail||image||80f9adde6576b71484271f7e44b7326f','{\"storage\": \"django.core.files.storage.FileSystemStorage\", \"name\": \"cache/91/8a/918a93bc2c907e85724dc4a0ff07ed7a.png\", \"size\": [150, 21]}'),('sorl-thumbnail||thumbnails||99f0bb298efe1531b428daa32dc6c5c2','[\"19659be4fe4dc7d57665ea5c3dccd9e6\", \"80f9adde6576b71484271f7e44b7326f\", \"e9b0c9805ddb4a0a85a7862bd4c56a73\"]'),('sorl-thumbnail||image||19659be4fe4dc7d57665ea5c3dccd9e6','{\"storage\": \"django.core.files.storage.FileSystemStorage\", \"name\": \"cache/6f/10/6f100236541e07215601b2971d64043b.png\", \"size\": [85, 12]}'),('sorl-thumbnail||image||c4c3e5e5eb1cb5ace74a78fde9c314e5','{\"storage\": \"django.core.files.storage.FileSystemStorage\", \"name\": \"images/productimage-picture-montecristo-petit-edmundo-32.png\", \"size\": [411, 83]}'),('sorl-thumbnail||image||cac149f536220005624a989eb6529ea5','{\"storage\": \"django.core.files.storage.FileSystemStorage\", \"name\": \"cache/b5/a3/b5a3ffbbc550725b8a26bcb77c70daec.png\", \"size\": [150, 30]}'),('sorl-thumbnail||thumbnails||c4c3e5e5eb1cb5ace74a78fde9c314e5','[\"cac149f536220005624a989eb6529ea5\", \"c7c09057e00cda139e210bc34bd7a071\", \"048559e7ee7fd037ea3e5af1c3d7f6ed\"]'),('sorl-thumbnail||image||c7c09057e00cda139e210bc34bd7a071','{\"storage\": \"django.core.files.storage.FileSystemStorage\", \"name\": \"cache/ae/88/ae88d29dec3de05aecd45a5b3ee6479b.png\", \"size\": [85, 17]}'),('sorl-thumbnail||image||959a6c2036e0e07212769c5c00d46f94','{\"storage\": \"django.core.files.storage.FileSystemStorage\", \"name\": \"images/productimage-picture-romeo-y-julieta-belicosos-33.png\", \"size\": [496, 73]}'),('sorl-thumbnail||image||b8ecceb748a510471509afad9c5d572b','{\"storage\": \"django.core.files.storage.FileSystemStorage\", \"name\": \"cache/28/85/2885fe7dd2cc34986d968dd8d3bd63e4.png\", \"size\": [150, 22]}'),('sorl-thumbnail||thumbnails||959a6c2036e0e07212769c5c00d46f94','[\"7b2ac3d68ea900a08986f692340112a5\", \"48d7b80a9356c3289ae2f1e42bc7bae9\", \"b8ecceb748a510471509afad9c5d572b\"]'),('sorl-thumbnail||image||48d7b80a9356c3289ae2f1e42bc7bae9','{\"storage\": \"django.core.files.storage.FileSystemStorage\", \"name\": \"cache/0a/b3/0ab32160cbfd038d501d3681551b323a.png\", \"size\": [85, 13]}'),('sorl-thumbnail||image||48266127cfc518d4f77f0be08164ba18','{\"storage\": \"django.core.files.storage.FileSystemStorage\", \"name\": \"images/productimage-picture-romeo-y-julieta-churchills-34.png\", \"size\": [560, 59]}'),('sorl-thumbnail||image||47678357d074025427a389357a650dba','{\"storage\": \"django.core.files.storage.FileSystemStorage\", \"name\": \"cache/47/16/4716978bc867f33f31a7596f7fa13472.png\", \"size\": [150, 16]}'),('sorl-thumbnail||thumbnails||48266127cfc518d4f77f0be08164ba18','[\"47678357d074025427a389357a650dba\", \"4feabc398000e0a523cd17d8ce518984\", \"9cbde04cd9119ba68e01c4313d2f891e\"]'),('sorl-thumbnail||image||4feabc398000e0a523cd17d8ce518984','{\"storage\": \"django.core.files.storage.FileSystemStorage\", \"name\": \"cache/0b/e1/0be11b555d484af55a4bf42fe1a7411a.png\", \"size\": [85, 9]}'),('sorl-thumbnail||image||dc3818741c1d25fbd62bff180d8ddf00','{\"storage\": \"django.core.files.storage.FileSystemStorage\", \"name\": \"images/productimage-picture-romeo-y-julieta-coronitas-en-cedro-35.png\", \"size\": [468, 63]}'),('sorl-thumbnail||image||2a7546647ffe5b11feb345995c2813ca','{\"storage\": \"django.core.files.storage.FileSystemStorage\", \"name\": \"cache/d9/bb/d9bbc3e6ac9cab4b6a926c39fe5e948e.png\", \"size\": [150, 20]}'),('sorl-thumbnail||thumbnails||dc3818741c1d25fbd62bff180d8ddf00','[\"81625cde3c3607c2adaed7900cc3983b\", \"236eb26daaee326f772edb230a7b7703\", \"2a7546647ffe5b11feb345995c2813ca\"]'),('sorl-thumbnail||image||81625cde3c3607c2adaed7900cc3983b','{\"storage\": \"django.core.files.storage.FileSystemStorage\", \"name\": \"cache/d7/78/d7785420b3d686f37e77dda1002ec6f9.png\", \"size\": [85, 11]}'),('sorl-thumbnail||image||d4b18d39d06b6ddd882d3cd420252a5d','{\"storage\": \"django.core.files.storage.FileSystemStorage\", \"name\": \"images/productimage-picture-romeo-y-julieta-exhibicion-n4-36.png\", \"size\": [467, 72]}'),('sorl-thumbnail||image||34540365dd939f19fdd4533bb96d8b80','{\"storage\": \"django.core.files.storage.FileSystemStorage\", \"name\": \"cache/8d/a0/8da013f09b98d0a9f45f2354c71e6f60.png\", \"size\": [150, 23]}'),('sorl-thumbnail||thumbnails||d4b18d39d06b6ddd882d3cd420252a5d','[\"af6e1eb4d37c1f2ad3ec3026ffc989ac\", \"34540365dd939f19fdd4533bb96d8b80\", \"cb7ea0c224e4926f011520e670546650\"]'),('sorl-thumbnail||image||af6e1eb4d37c1f2ad3ec3026ffc989ac','{\"storage\": \"django.core.files.storage.FileSystemStorage\", \"name\": \"cache/ad/9a/ad9ac9a330d99976b2fa1934aa22edcb.png\", \"size\": [85, 13]}'),('sorl-thumbnail||image||530aeae9294da46a8829f35ba8abfab7','{\"storage\": \"django.core.files.storage.FileSystemStorage\", \"name\": \"images/productimage-picture-romeo-y-julieta-romeo-n1-37.png\", \"size\": [496, 57]}'),('sorl-thumbnail||image||4737240725e61bebcedecb6810619a92','{\"storage\": \"django.core.files.storage.FileSystemStorage\", \"name\": \"cache/42/41/4241047f028473a17b5d82eed16806d8.png\", \"size\": [150, 17]}'),('sorl-thumbnail||thumbnails||530aeae9294da46a8829f35ba8abfab7','[\"4737240725e61bebcedecb6810619a92\", \"bb57353c6acd5012e1314967f0a2f677\", \"027e1bbf7a89930b31ea619bb9d4f5d6\"]'),('sorl-thumbnail||image||bb57353c6acd5012e1314967f0a2f677','{\"storage\": \"django.core.files.storage.FileSystemStorage\", \"name\": \"cache/6f/4b/6f4b3267c57baac66876fc3cc83f76c3.png\", \"size\": [85, 10]}'),('sorl-thumbnail||image||34137e9cf6588a14ebf81e815f381823','{\"storage\": \"django.core.files.storage.FileSystemStorage\", \"name\": \"images/productimage-picture-romeo-y-julieta-romeo-n2-38.png\", \"size\": [443, 59]}'),('sorl-thumbnail||image||60ac2b8cb72fabd5c7db29120c114631','{\"storage\": \"django.core.files.storage.FileSystemStorage\", \"name\": \"cache/30/a9/30a94dae6e19d69840fda218ad09a43f.png\", \"size\": [150, 20]}'),('sorl-thumbnail||thumbnails||34137e9cf6588a14ebf81e815f381823','[\"18fcc0283dc1bdbfe5b3f56a8a74bf4d\", \"7716b619613a070e11521eaab3706e50\", \"60ac2b8cb72fabd5c7db29120c114631\"]'),('sorl-thumbnail||image||18fcc0283dc1bdbfe5b3f56a8a74bf4d','{\"storage\": \"django.core.files.storage.FileSystemStorage\", \"name\": \"cache/ab/7a/ab7abc6c5d6e820bd1e55323f3ab91f7.png\", \"size\": [85, 11]}'),('sorl-thumbnail||image||7572e4f57a2c82ff7d81c8b4216fdf95','{\"storage\": \"django.core.files.storage.FileSystemStorage\", \"name\": \"images/productimage-picture-romeo-y-julieta-romeo-n3-39.png\", \"size\": [426, 56]}'),('sorl-thumbnail||image||b4c5a375f8f383aa9703b452f9113d3f','{\"storage\": \"django.core.files.storage.FileSystemStorage\", \"name\": \"cache/13/02/130276499faa16167cbac8d0913cee00.png\", \"size\": [150, 20]}'),('sorl-thumbnail||thumbnails||7572e4f57a2c82ff7d81c8b4216fdf95','[\"131eafb048a6cb4b5d393c3d4bfa5b57\", \"e56849ba7e0d2c660af718d86083ebf4\", \"b4c5a375f8f383aa9703b452f9113d3f\"]'),('sorl-thumbnail||image||131eafb048a6cb4b5d393c3d4bfa5b57','{\"storage\": \"django.core.files.storage.FileSystemStorage\", \"name\": \"cache/f0/f8/f0f8336e7a97f966414f20b6fd7f6cd5.png\", \"size\": [85, 11]}'),('sorl-thumbnail||image||8be0db668a1dfc593b972d6d4fba8819','{\"storage\": \"django.core.files.storage.FileSystemStorage\", \"name\": \"images/productimage-picture-romeo-y-julieta-short-churchills-40.png\", \"size\": [435, 68]}'),('sorl-thumbnail||image||90fd59b61e3911e9719d1922885e1c5f','{\"storage\": \"django.core.files.storage.FileSystemStorage\", \"name\": \"cache/6b/8a/6b8a3e66124df0dd34ecd170608664ae.png\", \"size\": [150, 23]}'),('sorl-thumbnail||thumbnails||8be0db668a1dfc593b972d6d4fba8819','[\"1928eac7580d0ef534adf66f14b69b93\", \"ef7f9b3b1eca64e6fa64cc5c5a2b13bd\", \"90fd59b61e3911e9719d1922885e1c5f\"]'),('sorl-thumbnail||image||1928eac7580d0ef534adf66f14b69b93','{\"storage\": \"django.core.files.storage.FileSystemStorage\", \"name\": \"cache/13/14/1314aa72d47f8544946178a256820ed9.png\", \"size\": [85, 13]}'),('sorl-thumbnail||image||e1e360569562e50f4d907a16cdb3e6ee','{\"storage\": \"django.core.files.storage.FileSystemStorage\", \"name\": \"images/productimage-picture-romeo-y-julieta-sport-largos-41.png\", \"size\": [423, 58]}'),('sorl-thumbnail||image||74a7fd63d6d93cc4421bb5aa53a06f38','{\"storage\": \"django.core.files.storage.FileSystemStorage\", \"name\": \"cache/3b/22/3b228037a1c540e21af68b0e2f3bfd91.png\", \"size\": [150, 21]}'),('sorl-thumbnail||thumbnails||e1e360569562e50f4d907a16cdb3e6ee','[\"8dfc5efb2a7050e84d6b0568cafcff2f\", \"41d401e8b88fbeecb468a27a51887546\", \"74a7fd63d6d93cc4421bb5aa53a06f38\"]'),('sorl-thumbnail||image||41d401e8b88fbeecb468a27a51887546','{\"storage\": \"django.core.files.storage.FileSystemStorage\", \"name\": \"cache/8f/d0/8fd0997ceb4c82167520ac284184893e.png\", \"size\": [85, 12]}'),('sorl-thumbnail||image||04d03a380f31da207fa9e9c1d69d3732','{\"storage\": \"django.core.files.storage.FileSystemStorage\", \"name\": \"images/productimage-picture-romeo-y-julieta-wide-churchills-42.png\", \"size\": [466, 81]}'),('sorl-thumbnail||image||d28803a4951cdd9f92949d1b1dd73f73','{\"storage\": \"django.core.files.storage.FileSystemStorage\", \"name\": \"cache/02/db/02db1d1fb013f40cc77ebda9d70df5ea.png\", \"size\": [150, 26]}'),('sorl-thumbnail||thumbnails||04d03a380f31da207fa9e9c1d69d3732','[\"d28803a4951cdd9f92949d1b1dd73f73\", \"68402b6e0f1f1ecfb4cdc5fa99a5b841\", \"bcc45ff0cf4364cf36238bdfe5544d79\"]'),('sorl-thumbnail||image||68402b6e0f1f1ecfb4cdc5fa99a5b841','{\"storage\": \"django.core.files.storage.FileSystemStorage\", \"name\": \"cache/6f/85/6f85b973c5a4991f782b2496e00cf916.png\", \"size\": [85, 15]}'),('sorl-thumbnail||image||a806caf547d1b5c34323f7490f6f5ae8','{\"storage\": \"django.core.files.storage.FileSystemStorage\", \"name\": \"images/productimage-picture-partagas-8-9-8-43.png\", \"size\": [560, 60]}'),('sorl-thumbnail||image||52ca4b4bac288387ab11411289a1ed87','{\"storage\": \"django.core.files.storage.FileSystemStorage\", \"name\": \"cache/33/37/3337f749def6ba254822f5d181fd44e1.png\", \"size\": [150, 16]}'),('sorl-thumbnail||thumbnails||a806caf547d1b5c34323f7490f6f5ae8','[\"52ca4b4bac288387ab11411289a1ed87\", \"1d43b38c698edc22bab151c245606d4b\", \"3784b3345771ced4dffbbf647bad9f80\"]'),('sorl-thumbnail||image||3784b3345771ced4dffbbf647bad9f80','{\"storage\": \"django.core.files.storage.FileSystemStorage\", \"name\": \"cache/b4/e2/b4e22e72ba2079deb5921ceba870f5ac.png\", \"size\": [85, 9]}'),('sorl-thumbnail||image||690e5dca23b359dc2ee4758e024a883f','{\"storage\": \"django.core.files.storage.FileSystemStorage\", \"name\": \"images/productimage-picture-partagas-aristocrat-44.png\", \"size\": [469, 56]}'),('sorl-thumbnail||image||a591f00771ef3f551cecbd283e5c1a48','{\"storage\": \"django.core.files.storage.FileSystemStorage\", \"name\": \"cache/f0/65/f065c7c07c42496286911e053329780a.png\", \"size\": [150, 18]}'),('sorl-thumbnail||thumbnails||690e5dca23b359dc2ee4758e024a883f','[\"d639d0e50d68f51fea7f11b45810d53a\", \"44d1a553f09f39ad0e951024f179d1a5\", \"a591f00771ef3f551cecbd283e5c1a48\"]'),('sorl-thumbnail||image||44d1a553f09f39ad0e951024f179d1a5','{\"storage\": \"django.core.files.storage.FileSystemStorage\", \"name\": \"cache/70/a4/70a4444906d42657e07c9128446fd7a9.png\", \"size\": [85, 10]}'),('sorl-thumbnail||image||13452ad1c86258e3ab3dd7c4532debd0','{\"storage\": \"django.core.files.storage.FileSystemStorage\", \"name\": \"images/productimage-picture-partagas-de-luxe-45.png\", \"size\": [496, 67]}'),('sorl-thumbnail||image||fde1cb184a3020550ef994fd0ef71239','{\"storage\": \"django.core.files.storage.FileSystemStorage\", \"name\": \"cache/7d/3d/7d3d5fe98863832638f111152ac92645.png\", \"size\": [150, 20]}'),('sorl-thumbnail||thumbnails||13452ad1c86258e3ab3dd7c4532debd0','[\"450732f5ed6656f2216594918a0c51af\", \"2dd405e4bcffd26c7aaae34b76c5a78a\", \"fde1cb184a3020550ef994fd0ef71239\"]'),('sorl-thumbnail||image||2dd405e4bcffd26c7aaae34b76c5a78a','{\"storage\": \"django.core.files.storage.FileSystemStorage\", \"name\": \"cache/cb/fb/cbfb8796bdedad676692035fbab7632c.png\", \"size\": [85, 11]}'),('sorl-thumbnail||image||1971a5d7ecc559a902393348d719f6eb','{\"storage\": \"django.core.files.storage.FileSystemStorage\", \"name\": \"images/productimage-picture-partagas-lusitanias-46.png\", \"size\": [586, 60]}'),('sorl-thumbnail||image||0e213d851d86c8c45fca169289ef4861','{\"storage\": \"django.core.files.storage.FileSystemStorage\", \"name\": \"cache/f6/ce/f6ce38e48189f525b59e2f4c457dc07d.png\", \"size\": [150, 15]}'),('sorl-thumbnail||thumbnails||1971a5d7ecc559a902393348d719f6eb','[\"0e213d851d86c8c45fca169289ef4861\", \"4c9c1b6d2b7d52e745ea517ef2c61143\", \"4afac6c51783b9e022a3ff8f4fcd8a7f\"]'),('sorl-thumbnail||image||4c9c1b6d2b7d52e745ea517ef2c61143','{\"storage\": \"django.core.files.storage.FileSystemStorage\", \"name\": \"cache/ff/c3/ffc3d066ffed2f0c8149db6e92199036.png\", \"size\": [85, 9]}'),('sorl-thumbnail||image||54dc23d444bf54e015419f29e34c0140','{\"storage\": \"django.core.files.storage.FileSystemStorage\", \"name\": \"images/productimage-picture-partagas-mille-fleur-47.png\", \"size\": [469, 62]}'),('sorl-thumbnail||image||dea470fbaf7b12515ef6a61a9e22ab97','{\"storage\": \"django.core.files.storage.FileSystemStorage\", \"name\": \"cache/3d/ac/3dac641333c7bb7af7dd84e4314e3c35.png\", \"size\": [150, 20]}'),('sorl-thumbnail||thumbnails||54dc23d444bf54e015419f29e34c0140','[\"dea470fbaf7b12515ef6a61a9e22ab97\", \"3676b2413fa1189b7b23fe33772b7ee5\", \"6efe3ba95b29901bc3b057b507eff6d7\"]'),('sorl-thumbnail||image||6efe3ba95b29901bc3b057b507eff6d7','{\"storage\": \"django.core.files.storage.FileSystemStorage\", \"name\": \"cache/52/64/526425a1c966bab50fe653b7374b129d.png\", \"size\": [85, 11]}'),('sorl-thumbnail||image||51dc3ea8330ca8c88cbf3d3f0fa5597e','{\"storage\": \"django.core.files.storage.FileSystemStorage\", \"name\": \"images/productimage-picture-partagas-serie-d-n4-48.png\", \"size\": [465, 74]}'),('sorl-thumbnail||image||4bbc1e81deea25eab4d04a6c9fb9c947','{\"storage\": \"django.core.files.storage.FileSystemStorage\", \"name\": \"cache/47/59/47595fed73ee1f371e35a57c9ac8e519.png\", \"size\": [150, 24]}'),('sorl-thumbnail||thumbnails||51dc3ea8330ca8c88cbf3d3f0fa5597e','[\"728f8a252d8dbf53c82709364bf2f46e\", \"4bbc1e81deea25eab4d04a6c9fb9c947\", \"0937f856e29df7361ffe96b514ce2b0a\"]'),('sorl-thumbnail||image||0937f856e29df7361ffe96b514ce2b0a','{\"storage\": \"django.core.files.storage.FileSystemStorage\", \"name\": \"cache/d8/ef/d8ef7b740f70a949ff8b03c0627424a9.png\", \"size\": [85, 14]}'),('sorl-thumbnail||image||bd49d1c09209649c4432cbdc526562f3','{\"storage\": \"django.core.files.storage.FileSystemStorage\", \"name\": \"images/productimage-picture-partagas-serie-p-n2-49.png\", \"size\": [517, 67]}'),('sorl-thumbnail||image||4836fb1ab33da2fc184de95a9b68d33d','{\"storage\": \"django.core.files.storage.FileSystemStorage\", \"name\": \"cache/36/28/36281520f672d420477286edc2a48123.png\", \"size\": [150, 19]}'),('sorl-thumbnail||thumbnails||bd49d1c09209649c4432cbdc526562f3','[\"9aff0c21116ea5b793be9df1b0cef6c6\", \"4836fb1ab33da2fc184de95a9b68d33d\", \"2b433801fbc4cd546b3ddceb89dab4d1\"]'),('sorl-thumbnail||image||2b433801fbc4cd546b3ddceb89dab4d1','{\"storage\": \"django.core.files.storage.FileSystemStorage\", \"name\": \"cache/9b/bb/9bbb53a9aa527e7485e08489c24f33bd.png\", \"size\": [85, 11]}'),('sorl-thumbnail||image||15859fe74f9780e3d511cb16eeb96203','{\"storage\": \"django.core.files.storage.FileSystemStorage\", \"name\": \"images/productimage-picture-hoyo-de-monterrey-epicure-especial-50.png\", \"size\": [494, 74]}'),('sorl-thumbnail||image||9e51feb4e8fdadc1e772b3266a22e406','{\"storage\": \"django.core.files.storage.FileSystemStorage\", \"name\": \"cache/78/8e/788e983d54ee8e6cc9c52c1e107f1af2.png\", \"size\": [150, 22]}'),('sorl-thumbnail||thumbnails||15859fe74f9780e3d511cb16eeb96203','[\"9e51feb4e8fdadc1e772b3266a22e406\", \"de27c9b86a2a7fda11e7109cf913e351\", \"7b891798be3be2dd1467528d0f5b84d9\"]'),('sorl-thumbnail||image||7b891798be3be2dd1467528d0f5b84d9','{\"storage\": \"django.core.files.storage.FileSystemStorage\", \"name\": \"cache/5f/87/5f87c7861ac29fbc4b0581f5021f6cd7.png\", \"size\": [85, 13]}'),('sorl-thumbnail||image||512ba6c6413a30806652e2711a9e7acd','{\"storage\": \"django.core.files.storage.FileSystemStorage\", \"name\": \"images/productimage-picture-hoyo-de-monterrey-epicure-n1-51.png\", \"size\": [495, 61]}'),('sorl-thumbnail||image||4426b802d6ca9c1bf89ad324c20171ff','{\"storage\": \"django.core.files.storage.FileSystemStorage\", \"name\": \"cache/02/97/02971fda130b38044f835f105c71edb2.png\", \"size\": [150, 18]}'),('sorl-thumbnail||thumbnails||512ba6c6413a30806652e2711a9e7acd','[\"4426b802d6ca9c1bf89ad324c20171ff\", \"0be895b898764e558ced3efd67e98713\", \"28bdc2c173b84562b6e4df043a6dbd52\"]'),('sorl-thumbnail||image||0be895b898764e558ced3efd67e98713','{\"storage\": \"django.core.files.storage.FileSystemStorage\", \"name\": \"cache/a7/14/a714502a9e19361adc30a9b13794d44c.png\", \"size\": [85, 10]}'),('sorl-thumbnail||image||907692912ad43b62cb2288762a8fa68d','{\"storage\": \"django.core.files.storage.FileSystemStorage\", \"name\": \"images/productimage-picture-hoyo-de-monterrey-epicure-n2-52.png\", \"size\": [463, 75]}'),('sorl-thumbnail||image||901a7b0dec89e9314f785ab4b618f8ac','{\"storage\": \"django.core.files.storage.FileSystemStorage\", \"name\": \"cache/40/4d/404de21c8625362f1a328e16484e2165.png\", \"size\": [150, 24]}'),('sorl-thumbnail||thumbnails||907692912ad43b62cb2288762a8fa68d','[\"5fe481b630c86dd5dabaf4694ed57413\", \"1173b6ab081b2843a908fb47ee61a7ee\", \"901a7b0dec89e9314f785ab4b618f8ac\"]'),('sorl-thumbnail||image||5fe481b630c86dd5dabaf4694ed57413','{\"storage\": \"django.core.files.storage.FileSystemStorage\", \"name\": \"cache/16/8b/168b87027d470cf3f09f4a117b92ef2a.png\", \"size\": [85, 14]}'),('sorl-thumbnail||image||b8b40e97a35cbebe1cb349cb01962f4b','{\"storage\": \"django.core.files.storage.FileSystemStorage\", \"name\": \"images/productimage-picture-hoyo-de-monterrey-epicure-palma-extra-53.png\", \"size\": [497, 59]}'),('sorl-thumbnail||image||af4de07d9698c2ffeda23e69bf700d93','{\"storage\": \"django.core.files.storage.FileSystemStorage\", \"name\": \"cache/06/36/0636dd63ca69f868666c094cd6913bab.png\", \"size\": [150, 18]}'),('sorl-thumbnail||thumbnails||b8b40e97a35cbebe1cb349cb01962f4b','[\"45fc0a1493b1679f2596ab4c8fef784c\", \"17a487536fbae7d0c9658d35239de10a\", \"af4de07d9698c2ffeda23e69bf700d93\"]'),('sorl-thumbnail||image||17a487536fbae7d0c9658d35239de10a','{\"storage\": \"django.core.files.storage.FileSystemStorage\", \"name\": \"cache/4a/82/4a82da462300732699c7e3f3ea3c98f7.png\", \"size\": [85, 10]}'),('sorl-thumbnail||image||e25e6bdd7a3079618ba8b7a2dc4806f9','{\"storage\": \"django.core.files.storage.FileSystemStorage\", \"name\": \"images/productimage-picture-hoyo-de-monterrey-petit-robustos-54.png\", \"size\": [400, 81]}'),('sorl-thumbnail||image||1eda5541eb64179347529a8c2fb7b474','{\"storage\": \"django.core.files.storage.FileSystemStorage\", \"name\": \"cache/ad/f2/adf22889f67e92b6b166698a18e2b6a6.png\", \"size\": [150, 30]}'),('sorl-thumbnail||thumbnails||e25e6bdd7a3079618ba8b7a2dc4806f9','[\"88f045775cfdf5ff78b9314e7c14b398\", \"9dc1c471ff150e41599c76462667abf3\", \"1eda5541eb64179347529a8c2fb7b474\"]'),('sorl-thumbnail||image||88f045775cfdf5ff78b9314e7c14b398','{\"storage\": \"django.core.files.storage.FileSystemStorage\", \"name\": \"cache/4c/80/4c80521f92bf52055971bc8151c487e3.png\", \"size\": [85, 17]}'),('sorl-thumbnail||image||91ed1bdc3e9f0956e48aa48de42ca535','{\"storage\": \"django.core.files.storage.FileSystemStorage\", \"name\": \"images/productimage-picture-h-upmann-coronas-major-55.png\", \"size\": [471, 61]}'),('sorl-thumbnail||image||af34598f7acdecd2481e9439d4c9339a','{\"storage\": \"django.core.files.storage.FileSystemStorage\", \"name\": \"cache/b5/12/b512abe6ed61a2ec3e10fa157cb0e23d.png\", \"size\": [150, 19]}'),('sorl-thumbnail||thumbnails||91ed1bdc3e9f0956e48aa48de42ca535','[\"af34598f7acdecd2481e9439d4c9339a\", \"9f0658e8c45871e88cfa91bae8d71efe\", \"e5fa19d041f0e48ce1f398561c77ec33\"]'),('sorl-thumbnail||image||9f0658e8c45871e88cfa91bae8d71efe','{\"storage\": \"django.core.files.storage.FileSystemStorage\", \"name\": \"cache/07/a1/07a1e5b0c4ecbe822cbe70791d2057e1.png\", \"size\": [85, 11]}'),('sorl-thumbnail||image||90d5084fb054cf5c0feb0d74a6aabf1f','{\"storage\": \"django.core.files.storage.FileSystemStorage\", \"name\": \"images/productimage-picture-h-upmann-magnum-46-56.png\", \"size\": [503, 63]}'),('sorl-thumbnail||image||61c0ef0ac0a2bcba1d885827e901922e','{\"storage\": \"django.core.files.storage.FileSystemStorage\", \"name\": \"cache/57/fa/57fa81a7ea1bac5c850e362f4f97b096.png\", \"size\": [150, 19]}'),('sorl-thumbnail||thumbnails||90d5084fb054cf5c0feb0d74a6aabf1f','[\"61c0ef0ac0a2bcba1d885827e901922e\", \"1fe23a03904513023616816760224e1c\", \"581f12b05cc8e270a0c3794810f2dc13\"]'),('sorl-thumbnail||image||581f12b05cc8e270a0c3794810f2dc13','{\"storage\": \"django.core.files.storage.FileSystemStorage\", \"name\": \"cache/eb/fb/ebfbb64c124c2e474afb32726394cc06.png\", \"size\": [85, 11]}'),('sorl-thumbnail||image||b74f43c79c971fa70cc3c2bee7fc3221','{\"storage\": \"django.core.files.storage.FileSystemStorage\", \"name\": \"images/productimage-picture-h-upmann-magnum-50-57.png\", \"size\": [524, 69]}'),('sorl-thumbnail||image||23dc11c367b4e9d9e1b04d113ff1f974','{\"storage\": \"django.core.files.storage.FileSystemStorage\", \"name\": \"cache/29/54/295463903dd72f6147a21c614f4eea05.png\", \"size\": [150, 20]}'),('sorl-thumbnail||thumbnails||b74f43c79c971fa70cc3c2bee7fc3221','[\"2d2b3d26448ce64ba4ce1f820b8b5c03\", \"23dc11c367b4e9d9e1b04d113ff1f974\", \"19684afd604eb09bbb67366f312b492e\"]'),('sorl-thumbnail||image||2d2b3d26448ce64ba4ce1f820b8b5c03','{\"storage\": \"django.core.files.storage.FileSystemStorage\", \"name\": \"cache/5e/77/5e7721a81216260441f233079a0ffd37.png\", \"size\": [85, 11]}'),('sorl-thumbnail||image||39edeb03c5401b6b87e0f3b7a9606b03','{\"storage\": \"django.core.files.storage.FileSystemStorage\", \"name\": \"images/productimage-picture-h-upmann-majestic-58.png\", \"size\": [495, 57]}'),('sorl-thumbnail||image||557b6d3d568dacdc942de7be532f3580','{\"storage\": \"django.core.files.storage.FileSystemStorage\", \"name\": \"cache/7a/d1/7ad1667fbda03d440e3119ee4760e00e.png\", \"size\": [150, 17]}'),('sorl-thumbnail||thumbnails||39edeb03c5401b6b87e0f3b7a9606b03','[\"d0e4b2eb99112428e989e219b21613e8\", \"e805831033b34642334224e9218df70e\", \"fcfd2434704c36dbf4c773087870a26e\", \"557b6d3d568dacdc942de7be532f3580\"]'),('sorl-thumbnail||image||e805831033b34642334224e9218df70e','{\"storage\": \"django.core.files.storage.FileSystemStorage\", \"name\": \"cache/8f/1b/8f1bf8834558c7e448aa89c4c1a53f44.png\", \"size\": [85, 10]}'),('sorl-thumbnail||image||a9607031c01d6881f2c539b5e850fe44','{\"storage\": \"django.core.files.storage.FileSystemStorage\", \"name\": \"images/productimage-picture-h-upmann-sir-winston-59.png\", \"size\": [568, 59]}'),('sorl-thumbnail||image||3888d491e40f5eb7471e2ff118bf57c8','{\"storage\": \"django.core.files.storage.FileSystemStorage\", \"name\": \"cache/4c/d2/4cd2633bfe705a7fac3115606b54f583.png\", \"size\": [150, 16]}'),('sorl-thumbnail||thumbnails||a9607031c01d6881f2c539b5e850fe44','[\"fb24c17c64e5503ad11ac60707bb7c5b\", \"5b59b30556220187e307d441be8175ba\", \"3888d491e40f5eb7471e2ff118bf57c8\"]'),('sorl-thumbnail||image||fb24c17c64e5503ad11ac60707bb7c5b','{\"storage\": \"django.core.files.storage.FileSystemStorage\", \"name\": \"cache/38/94/3894808493c9dfda3c435cae882e97ab.png\", \"size\": [85, 9]}'),('sorl-thumbnail||image||25082a3a14281da3e35b84f21f9bee2c','{\"storage\": \"django.core.files.storage.FileSystemStorage\", \"name\": \"images/productimage-picture-trinidad-coloniales-60.png\", \"size\": [470, 60]}'),('sorl-thumbnail||image||93915bc991dff3c04ac25ae32ad96c97','{\"storage\": \"django.core.files.storage.FileSystemStorage\", \"name\": \"cache/cd/4a/cd4abc5e5b347adf0e1ffffc9840a3fa.png\", \"size\": [150, 19]}'),('sorl-thumbnail||thumbnails||25082a3a14281da3e35b84f21f9bee2c','[\"3ac7ba27925d6b4ca0ad2ebbd3518a18\", \"93915bc991dff3c04ac25ae32ad96c97\", \"877e9a0370ce6023de1889bd73464acb\"]'),('sorl-thumbnail||image||877e9a0370ce6023de1889bd73464acb','{\"storage\": \"django.core.files.storage.FileSystemStorage\", \"name\": \"cache/42/f0/42f09cac2cbf5d6850843e5746887fe5.png\", \"size\": [85, 11]}'),('sorl-thumbnail||image||aa51f2a7702ea171a98eb06682b51cbc','{\"storage\": \"django.core.files.storage.FileSystemStorage\", \"name\": \"images/productimage-picture-trinidad-fundadores-61.png\", \"size\": [583, 48]}'),('sorl-thumbnail||image||96ff69faa75f8a67b5b8aec58c4027e1','{\"storage\": \"django.core.files.storage.FileSystemStorage\", \"name\": \"cache/40/7b/407bc62aa2dbe69df66da899617920de.png\", \"size\": [150, 12]}'),('sorl-thumbnail||thumbnails||aa51f2a7702ea171a98eb06682b51cbc','[\"d5d98589a76763cd7ea79058729acfe6\", \"96ff69faa75f8a67b5b8aec58c4027e1\", \"cc7ae23fe2375f5bbd17eec702d0c114\"]'),('sorl-thumbnail||image||d5d98589a76763cd7ea79058729acfe6','{\"storage\": \"django.core.files.storage.FileSystemStorage\", \"name\": \"cache/0c/1d/0c1d99542de4b37dba36f17573b87d02.png\", \"size\": [85, 7]}'),('sorl-thumbnail||image||8a33e0b3467c429d4c972995248b75b0','{\"storage\": \"django.core.files.storage.FileSystemStorage\", \"name\": \"images/productimage-picture-trinidad-reyes-62.png\", \"size\": [398, 55]}'),('sorl-thumbnail||image||a0bf0e3850646170088069db49ac0d97','{\"storage\": \"django.core.files.storage.FileSystemStorage\", \"name\": \"cache/a4/84/a484e8694592c932f311aee8a8a8bff3.png\", \"size\": [150, 21]}'),('sorl-thumbnail||thumbnails||8a33e0b3467c429d4c972995248b75b0','[\"a0bf0e3850646170088069db49ac0d97\", \"0ad2ea9a6e400067fa32fcf5991d6292\", \"0c5181326669d8ccf1c3967fcdfc6af1\"]'),('sorl-thumbnail||image||0c5181326669d8ccf1c3967fcdfc6af1','{\"storage\": \"django.core.files.storage.FileSystemStorage\", \"name\": \"cache/e0/e8/e0e8197eb1f178442de8f0c6ece39a4d.png\", \"size\": [85, 12]}'),('sorl-thumbnail||image||6012bb16a389738bac33f61d9e0d8181','{\"storage\": \"django.core.files.storage.FileSystemStorage\", \"name\": \"images/productimage-picture-trinidad-robusto-extra-63.png\", \"size\": [520, 65]}'),('sorl-thumbnail||image||6169f977f08e9969ae1f9eab0eb16427','{\"storage\": \"django.core.files.storage.FileSystemStorage\", \"name\": \"cache/00/fb/00fb75189aa3df7b4c20b3ece94f453b.png\", \"size\": [150, 19]}'),('sorl-thumbnail||thumbnails||6012bb16a389738bac33f61d9e0d8181','[\"c0238cb22b230cd3c4830527eb3245bb\", \"4e44852364590ab2a19c3980c8de2ea7\", \"6169f977f08e9969ae1f9eab0eb16427\"]'),('sorl-thumbnail||image||4e44852364590ab2a19c3980c8de2ea7','{\"storage\": \"django.core.files.storage.FileSystemStorage\", \"name\": \"cache/4e/76/4e766014fc24b775e01406e5409df654.png\", \"size\": [85, 11]}'),('sorl-thumbnail||image||8fda37dbb59004c3a8901e8c39a5d2f3','{\"storage\": \"django.core.files.storage.FileSystemStorage\", \"name\": \"images/productimage-picture-trinidad-robusto-t-64.png\", \"size\": [457, 68]}'),('sorl-thumbnail||image||30ba79412b665bbe25d2646aa4babcee','{\"storage\": \"django.core.files.storage.FileSystemStorage\", \"name\": \"cache/73/ac/73ac67ebf11a2137157e11ee834ace34.png\", \"size\": [150, 22]}'),('sorl-thumbnail||thumbnails||8fda37dbb59004c3a8901e8c39a5d2f3','[\"e90cddcb2ef0e5f424430b3ecdc71737\", \"30ba79412b665bbe25d2646aa4babcee\", \"d571e4be122bad629e69e2a1e8a33b8c\"]'),('sorl-thumbnail||image||e90cddcb2ef0e5f424430b3ecdc71737','{\"storage\": \"django.core.files.storage.FileSystemStorage\", \"name\": \"cache/8b/90/8b90e0ba826d4663096071af6be68808.png\", \"size\": [85, 13]}'),('sorl-thumbnail||image||6e524578d62b5c9d4ccb9ccf87b67978','{\"storage\": \"django.core.files.storage.FileSystemStorage\", \"name\": \"images/productimage-picture-san-cristobal-el-principe-65.png\", \"size\": [503, 76]}'),('sorl-thumbnail||image||ca6de3aae673ac9f932901172cc726e4','{\"storage\": \"django.core.files.storage.FileSystemStorage\", \"name\": \"cache/fd/82/fd82d9ceed7d4c7dbff5d7671797d1b2.png\", \"size\": [150, 23]}'),('sorl-thumbnail||thumbnails||6e524578d62b5c9d4ccb9ccf87b67978','[\"ca6de3aae673ac9f932901172cc726e4\", \"f9d95e1157cacad30abee2a4f7453c2a\", \"72f10bbf3e863c826ffcf2008fa1846f\"]'),('sorl-thumbnail||image||f9d95e1157cacad30abee2a4f7453c2a','{\"storage\": \"django.core.files.storage.FileSystemStorage\", \"name\": \"cache/37/4e/374ec8c6f45a5f7fb2222f5e1e25177d.png\", \"size\": [85, 13]}'),('sorl-thumbnail||image||bf3ce1141b1da33c8d5a660641ff4019','{\"storage\": \"django.core.files.storage.FileSystemStorage\", \"name\": \"images/productimage-picture-san-cristobal-la-fuerza-66.png\", \"size\": [500, 66]}'),('sorl-thumbnail||image||4679ba4fa8a074ba49f1f63bac2d2b36','{\"storage\": \"django.core.files.storage.FileSystemStorage\", \"name\": \"cache/01/a2/01a289b49740fa8bd86a018a7be51eb6.png\", \"size\": [150, 20]}'),('sorl-thumbnail||thumbnails||bf3ce1141b1da33c8d5a660641ff4019','[\"4679ba4fa8a074ba49f1f63bac2d2b36\", \"2f9c6f3f8c32de77462072d01db379cb\", \"17f101ee812f461e1552f0c9f4cd2253\"]'),('sorl-thumbnail||image||2f9c6f3f8c32de77462072d01db379cb','{\"storage\": \"django.core.files.storage.FileSystemStorage\", \"name\": \"cache/1f/01/1f01e4397c6173e24d51674cd3b4e272.png\", \"size\": [85, 11]}'),('sorl-thumbnail||image||5a82ac9f804ae635c65014f6041717ec','{\"storage\": \"django.core.files.storage.FileSystemStorage\", \"name\": \"images/productimage-picture-san-cristobal-la-punta-67.png\", \"size\": [496, 70]}'),('sorl-thumbnail||image||da59386a1e12c1b53016effe91f32d0c','{\"storage\": \"django.core.files.storage.FileSystemStorage\", \"name\": \"cache/84/27/8427887a81cd2de3ca172d995886b04d.png\", \"size\": [150, 21]}'),('sorl-thumbnail||thumbnails||5a82ac9f804ae635c65014f6041717ec','[\"da59386a1e12c1b53016effe91f32d0c\", \"7d64c164c32155d2adce016b18c0137c\", \"72a4c616f5e6199606a992f71b9aab13\"]'),('sorl-thumbnail||image||7d64c164c32155d2adce016b18c0137c','{\"storage\": \"django.core.files.storage.FileSystemStorage\", \"name\": \"cache/46/42/4642fe1a81485039e4da4864b564b393.png\", \"size\": [85, 12]}'),('sorl-thumbnail||image||e97019432992790be2a55196ec5aeb3f','{\"storage\": \"django.core.files.storage.FileSystemStorage\", \"name\": \"images/productimage-picture-bolivar-belicosos-fino-68.png\", \"size\": [496, 76]}'),('sorl-thumbnail||image||abc8e7aa3619141b9741f765016f6623','{\"storage\": \"django.core.files.storage.FileSystemStorage\", \"name\": \"cache/ea/7f/ea7f258eb7048d35eb32dd8dd550a049.png\", \"size\": [150, 23]}'),('sorl-thumbnail||thumbnails||e97019432992790be2a55196ec5aeb3f','[\"de977c6f5ed29b96420a2922b346bf12\", \"abc8e7aa3619141b9741f765016f6623\", \"7370e0b35fb64c14fd2e7af1c92841e6\"]'),('sorl-thumbnail||image||7370e0b35fb64c14fd2e7af1c92841e6','{\"storage\": \"django.core.files.storage.FileSystemStorage\", \"name\": \"cache/ba/a4/baa42119629e7bf679b0512d6da1a138.png\", \"size\": [85, 13]}'),('sorl-thumbnail||image||ffcee79bebcdec01056d3bbdbc184b20','{\"storage\": \"django.core.files.storage.FileSystemStorage\", \"name\": \"images/productimage-picture-bolivar-royal-corona-69.bmp\", \"size\": [1146, 213]}'),('sorl-thumbnail||image||a1318ab6fc221882163bf5c21b4b355f','{\"storage\": \"django.core.files.storage.FileSystemStorage\", \"name\": \"cache/63/56/6356ff14619ed36381df7ee1dd63c049.png\", \"size\": [150, 28]}'),('sorl-thumbnail||thumbnails||ffcee79bebcdec01056d3bbdbc184b20','[\"7fd5996aa3a692102de1c750ca2389d6\", \"a1318ab6fc221882163bf5c21b4b355f\", \"cfdeae97fd8aca554ff251de1b49b56f\"]'),('sorl-thumbnail||image||cfdeae97fd8aca554ff251de1b49b56f','{\"storage\": \"django.core.files.storage.FileSystemStorage\", \"name\": \"cache/31/c1/31c16a3bcb0b8c112c042bfffd352d3f.png\", \"size\": [85, 16]}'),('sorl-thumbnail||image||434cc1338f43e62816f934e2d10046c1','{\"storage\": \"django.core.files.storage.FileSystemStorage\", \"name\": \"images/productimage-picture-vegas-robaina-clasicos-70.png\", \"size\": [529, 53]}'),('sorl-thumbnail||image||4b182cf3b8978fa14ae7fa328fd82503','{\"storage\": \"django.core.files.storage.FileSystemStorage\", \"name\": \"cache/d8/d5/d8d57586bff94867f09a5ddb18608db4.png\", \"size\": [150, 15]}'),('sorl-thumbnail||thumbnails||434cc1338f43e62816f934e2d10046c1','[\"4b182cf3b8978fa14ae7fa328fd82503\", \"53f2aae5d73ed3f969ffa1bf40f5c66e\", \"265ef7efd1db844ce50bd509d0b7f262\"]'),('sorl-thumbnail||image||53f2aae5d73ed3f969ffa1bf40f5c66e','{\"storage\": \"django.core.files.storage.FileSystemStorage\", \"name\": \"cache/c9/08/c908b88588cf8e7465321346347a2a72.png\", \"size\": [85, 9]}'),('sorl-thumbnail||image||59d07d1dcb5b43ccede5fd3541c35945','{\"storage\": \"django.core.files.storage.FileSystemStorage\", \"name\": \"images/productimage-picture-vegas-robaina-don-alejandro-71.png\", \"size\": [585, 58]}'),('sorl-thumbnail||image||8faa1a0437d28186d10b2aab1f2fba8a','{\"storage\": \"django.core.files.storage.FileSystemStorage\", \"name\": \"cache/6d/9e/6d9e572e421a130b06f200ee2a54cf11.png\", \"size\": [150, 15]}'),('sorl-thumbnail||thumbnails||59d07d1dcb5b43ccede5fd3541c35945','[\"b5374bf152d7af080fd5248375ebc74b\", \"8faa1a0437d28186d10b2aab1f2fba8a\", \"d297b04b1a1c85bf275323f526e2d67d\"]'),('sorl-thumbnail||image||d297b04b1a1c85bf275323f526e2d67d','{\"storage\": \"django.core.files.storage.FileSystemStorage\", \"name\": \"cache/e0/31/e0315ef948a92298484011ed9abbfafe.png\", \"size\": [85, 8]}'),('sorl-thumbnail||image||1c6bfef1c7be9f8d6504b55ad307fcf7','{\"storage\": \"django.core.files.storage.FileSystemStorage\", \"name\": \"images/productimage-picture-vegas-robaina-famosos-72.png\", \"size\": [460, 72]}'),('sorl-thumbnail||image||ac8048e98ccdc4d2376fc32341abedcc','{\"storage\": \"django.core.files.storage.FileSystemStorage\", \"name\": \"cache/6e/b8/6eb85049681d4365edc1b2efe25bc9bd.png\", \"size\": [150, 23]}'),('sorl-thumbnail||thumbnails||1c6bfef1c7be9f8d6504b55ad307fcf7','[\"c953cb2d34a3c2ef15499bdd32213feb\", \"42cc36bf4210076788f41c7480c1d53e\", \"ac8048e98ccdc4d2376fc32341abedcc\"]'),('sorl-thumbnail||image||42cc36bf4210076788f41c7480c1d53e','{\"storage\": \"django.core.files.storage.FileSystemStorage\", \"name\": \"cache/d9/92/d992ae42c5bac2e4f227306167062f9e.png\", \"size\": [85, 13]}'),('sorl-thumbnail||image||f8e03604dc45322040c028ab9781931b','{\"storage\": \"django.core.files.storage.FileSystemStorage\", \"name\": \"images/productimage-picture-vegas-robaina-unicos-73.png\", \"size\": [516, 65]}'),('sorl-thumbnail||image||8b67c5e8293b093da2a4d4e9b4e0fb74','{\"storage\": \"django.core.files.storage.FileSystemStorage\", \"name\": \"cache/7b/e7/7be7b965125e5ae97d4864d0dd5a4fdb.png\", \"size\": [150, 19]}'),('sorl-thumbnail||thumbnails||f8e03604dc45322040c028ab9781931b','[\"8b67c5e8293b093da2a4d4e9b4e0fb74\", \"9eaf94a3eb5e37992872a481e5f3936a\", \"afbfc3502a3ad57d9882d06a2e771253\"]'),('sorl-thumbnail||image||afbfc3502a3ad57d9882d06a2e771253','{\"storage\": \"django.core.files.storage.FileSystemStorage\", \"name\": \"cache/e5/d2/e5d2f72d02042efbde1e2053c367938f.png\", \"size\": [85, 11]}'),('sorl-thumbnail||image||ac08978e8948ab4ba730e5386a3ccce3','{\"storage\": \"django.core.files.storage.FileSystemStorage\", \"name\": \"images/productimage-picture-especially-selected-74.png\", \"size\": [448, 70]}'),('sorl-thumbnail||image||14b04030659adb47c7d3187ad3a33bb8','{\"storage\": \"django.core.files.storage.FileSystemStorage\", \"name\": \"cache/74/88/7488906134a73b3243c4b8ee21280450.png\", \"size\": [150, 23]}'),('sorl-thumbnail||thumbnails||ac08978e8948ab4ba730e5386a3ccce3','[\"14b04030659adb47c7d3187ad3a33bb8\", \"1b0ca8d868edbc11f469b2916551c34b\", \"f22bd897497fa9e5ee9034fe20fd5245\"]'),('sorl-thumbnail||image||1b0ca8d868edbc11f469b2916551c34b','{\"storage\": \"django.core.files.storage.FileSystemStorage\", \"name\": \"cache/bf/6f/bf6fcae78db4b563eb7724cc3e558424.png\", \"size\": [85, 13]}'),('sorl-thumbnail||image||3e23f298124ea245397d977c57c474fa','{\"storage\": \"django.core.files.storage.FileSystemStorage\", \"name\": \"images/productimage-picture-cuaba-exclusivos-75.png\", \"size\": [515, 63]}'),('sorl-thumbnail||image||9af34b503293af12ccf8bab7cb5c6d10','{\"storage\": \"django.core.files.storage.FileSystemStorage\", \"name\": \"cache/0e/ed/0eeddf33a7b6fde1cdb1d437bee4c64a.png\", \"size\": [150, 18]}'),('sorl-thumbnail||thumbnails||3e23f298124ea245397d977c57c474fa','[\"9af34b503293af12ccf8bab7cb5c6d10\", \"239ec34fd8e44808b8fc4ca2d3cea342\", \"777d96d182d8189b706354103af16256\"]'),('sorl-thumbnail||image||777d96d182d8189b706354103af16256','{\"storage\": \"django.core.files.storage.FileSystemStorage\", \"name\": \"cache/6d/6a/6d6a2b273456afc2089bfd6e7f4aa3d0.png\", \"size\": [85, 10]}'),('sorl-thumbnail||image||e3214ca107a3dbabf17b510aca609180','{\"storage\": \"django.core.files.storage.FileSystemStorage\", \"name\": \"images/productimage-picture-por-larranaga-montecarlos-76.png\", \"size\": [518, 41]}'),('sorl-thumbnail||image||4d26df2b841539e02dc7c1eba481c3f2','{\"storage\": \"django.core.files.storage.FileSystemStorage\", \"name\": \"cache/4b/fd/4bfd6eee5f3658eb0c052fb4c5df3693.png\", \"size\": [150, 12]}'),('sorl-thumbnail||thumbnails||e3214ca107a3dbabf17b510aca609180','[\"8c4788d3087095bb28133f2e9deb3b5a\", \"f49782fe694a91855962d242558b431a\", \"4d26df2b841539e02dc7c1eba481c3f2\"]'),('sorl-thumbnail||image||8c4788d3087095bb28133f2e9deb3b5a','{\"storage\": \"django.core.files.storage.FileSystemStorage\", \"name\": \"cache/18/9b/189ba5b224608e1627dec8693ae92d47.png\", \"size\": [85, 7]}'),('sorl-thumbnail||image||98e6256a924d3b4ee053d26c91f8e80a','{\"storage\": \"django.core.files.storage.FileSystemStorage\", \"name\": \"images/productimage-picture-rafael-gonzalez-panetelas-extra-77.png\", \"size\": [466, 53]}'),('sorl-thumbnail||image||6c203b21440dbd4f4ab8b8363d1a086f','{\"storage\": \"django.core.files.storage.FileSystemStorage\", \"name\": \"cache/d4/ef/d4efdb327be5c7d2fd644ae9e504a978.png\", \"size\": [85, 10]}'),('sorl-thumbnail||thumbnails||98e6256a924d3b4ee053d26c91f8e80a','[\"9966354432fb7f8c0b048fafb435171a\", \"6c203b21440dbd4f4ab8b8363d1a086f\", \"a9b5f7bc683575a7998c60909fe3132c\"]'),('sorl-thumbnail||image||9966354432fb7f8c0b048fafb435171a','{\"storage\": \"django.core.files.storage.FileSystemStorage\", \"name\": \"cache/6a/33/6a335fa2e3c7b2ae0ced6281d70be688.png\", \"size\": [150, 17]}'),('sorl-thumbnail||image||8ff4266e54b67bc83f9279936290f889','{\"storage\": \"django.core.files.storage.FileSystemStorage\", \"name\": \"images/productimage-picture-jose-l-piedra-cazadores-78.png\", \"size\": [403, 48]}'),('sorl-thumbnail||image||10328b6ec26886c9ba15c212fcb65c56','{\"storage\": \"django.core.files.storage.FileSystemStorage\", \"name\": \"cache/4f/d3/4fd3ab004c9df27a7a132824a21846b9.png\", \"size\": [150, 18]}'),('sorl-thumbnail||thumbnails||8ff4266e54b67bc83f9279936290f889','[\"10328b6ec26886c9ba15c212fcb65c56\", \"a0c7dfd173de3695b9c6bede58d0b83b\", \"76b54511e8680fefd39808b237f23d4a\"]'),('sorl-thumbnail||image||a0c7dfd173de3695b9c6bede58d0b83b','{\"storage\": \"django.core.files.storage.FileSystemStorage\", \"name\": \"cache/33/25/33259a5bb31903b0e8879c976f87dd43.png\", \"size\": [85, 10]}'),('sorl-thumbnail||image||1865bf80eebf55533e80148d735e5697','{\"storage\": \"django.core.files.storage.FileSystemStorage\", \"name\": \"images/productimage-picture-bolivar-gold-medal-79.png\", \"size\": [600, 386]}'),('sorl-thumbnail||image||525f2699372fc8b6697ec037371907ca','{\"storage\": \"django.core.files.storage.FileSystemStorage\", \"name\": \"cache/8a/d0/8ad0224edd8d768427794173a0f7197f.png\", \"size\": [150, 97]}'),('sorl-thumbnail||thumbnails||1865bf80eebf55533e80148d735e5697','[\"8ff8486b4162eff70935141389f49817\", \"525f2699372fc8b6697ec037371907ca\", \"32e15227e1c991aab2cd26286bdf3e1b\"]'),('sorl-thumbnail||image||8ff8486b4162eff70935141389f49817','{\"storage\": \"django.core.files.storage.FileSystemStorage\", \"name\": \"cache/e9/01/e9014be707a8f427970cda7516d6251e.png\", \"size\": [85, 55]}'),('sorl-thumbnail||image||ff3a8f806c0bf4942b86ea598834595e','{\"storage\": \"django.core.files.storage.FileSystemStorage\", \"name\": \"images/productimage-picture-estuche-x-festival-80.png\", \"size\": [600, 386]}'),('sorl-thumbnail||image||87c141345aee9328612d0e27115b9fac','{\"storage\": \"django.core.files.storage.FileSystemStorage\", \"name\": \"cache/07/1e/071e6f1c77ddbbd88d12579e5ccdd740.png\", \"size\": [150, 97]}'),('sorl-thumbnail||thumbnails||ff3a8f806c0bf4942b86ea598834595e','[\"87c141345aee9328612d0e27115b9fac\", \"4720cc73cad8a01b76eee2f90855388a\", \"d63ef885dcaeba1b21cbed17e215cc73\"]'),('sorl-thumbnail||image||4720cc73cad8a01b76eee2f90855388a','{\"storage\": \"django.core.files.storage.FileSystemStorage\", \"name\": \"cache/ee/2a/ee2aaa3fa6206200a262e254917efb95.png\", \"size\": [85, 55]}'),('sorl-thumbnail||image||2fab0fc677307f67ea0ffa0475baf3f6','{\"storage\": \"django.core.files.storage.FileSystemStorage\", \"name\": \"images/productimage-picture-h-upmann-noellas-81.png\", \"size\": [600, 386]}'),('sorl-thumbnail||image||db5dda76e638ffb58f9ce248bcc9e7c1','{\"storage\": \"django.core.files.storage.FileSystemStorage\", \"name\": \"cache/87/02/8702377e44bdc4de98a4ae8dcf00d277.png\", \"size\": [150, 97]}'),('sorl-thumbnail||thumbnails||2fab0fc677307f67ea0ffa0475baf3f6','[\"d438c11988e5461b6342fbafefd1091b\", \"9e64733a966ca454802824302d166f0e\", \"db5dda76e638ffb58f9ce248bcc9e7c1\"]'),('sorl-thumbnail||image||d438c11988e5461b6342fbafefd1091b','{\"storage\": \"django.core.files.storage.FileSystemStorage\", \"name\": \"cache/37/94/3794285678b018af96bccb7bad6cf662.png\", \"size\": [85, 55]}'),('sorl-thumbnail||image||53e3d0fee850602577f3ed95c7e138f8','{\"storage\": \"django.core.files.storage.FileSystemStorage\", \"name\": \"images/productimage-picture-la-gloria-cubana-inmensos-82.png\", \"size\": [600, 386]}'),('sorl-thumbnail||image||08446ac867e3cf40545079e3137533b7','{\"storage\": \"django.core.files.storage.FileSystemStorage\", \"name\": \"cache/c8/d7/c8d7d3971b1bf2184df6974b9b8e69cc.png\", \"size\": [150, 97]}'),('sorl-thumbnail||thumbnails||53e3d0fee850602577f3ed95c7e138f8','[\"d04347f5df4395d2f724a108f15f8fcb\", \"cbe2635a5760893a9aaf3c6fb6c51f2e\", \"08446ac867e3cf40545079e3137533b7\"]'),('sorl-thumbnail||image||d04347f5df4395d2f724a108f15f8fcb','{\"storage\": \"django.core.files.storage.FileSystemStorage\", \"name\": \"cache/b2/a4/b2a4a3526b9b63cecf190ac1e3ff9602.png\", \"size\": [85, 55]}'),('sorl-thumbnail||image||08ba0ed389453c4e2bc7ae42a3c8dd18','{\"storage\": \"django.core.files.storage.FileSystemStorage\", \"name\": \"images/productimage-picture-partagas-salomones-83.png\", \"size\": [600, 386]}'),('sorl-thumbnail||image||99df33a8f0dbe312147f6979d79251bd','{\"storage\": \"django.core.files.storage.FileSystemStorage\", \"name\": \"cache/b8/d2/b8d25166da0b644bdb1299264a6e3201.png\", \"size\": [150, 97]}'),('sorl-thumbnail||thumbnails||08ba0ed389453c4e2bc7ae42a3c8dd18','[\"535a75a7ec99ab56767a7eec5a728728\", \"99df33a8f0dbe312147f6979d79251bd\", \"aa5379c5b012aeae4d7065defe2258fb\"]'),('sorl-thumbnail||image||aa5379c5b012aeae4d7065defe2258fb','{\"storage\": \"django.core.files.storage.FileSystemStorage\", \"name\": \"cache/7d/fa/7dfa54f8e89a156796d58b17bafbcf8c.png\", \"size\": [85, 55]}'),('sorl-thumbnail||image||4eadaf35ab814ce0432a524ec473e3a6','{\"storage\": \"django.core.files.storage.FileSystemStorage\", \"name\": \"images/productimage-picture-guantanamera-compay-84.png\", \"size\": [470, 60]}'),('sorl-thumbnail||image||d1853a44c16c0888a40a9ca321f7e512','{\"storage\": \"django.core.files.storage.FileSystemStorage\", \"name\": \"cache/61/62/61620fe661d40219d0ba6deb9cdf8bce.png\", \"size\": [85, 11]}'),('sorl-thumbnail||thumbnails||4eadaf35ab814ce0432a524ec473e3a6','[\"d1853a44c16c0888a40a9ca321f7e512\", \"6f4227f7e42248fd491178caf52725cc\", \"9256176a1d3a2c5838e5f189da74b68a\"]'),('sorl-thumbnail||image||9256176a1d3a2c5838e5f189da74b68a','{\"storage\": \"django.core.files.storage.FileSystemStorage\", \"name\": \"cache/a8/e9/a8e958804891c22c81f1d457709b14d1.png\", \"size\": [150, 19]}'),('sorl-thumbnail||image||ae11f728759c7919d5068a8789345119','{\"storage\": \"django.core.files.storage.FileSystemStorage\", \"name\": \"images/productimage-picture-guantanamera-cristales-85.png\", \"size\": [518, 62]}'),('sorl-thumbnail||image||7f2b4179e2e7cf100f97523502620341','{\"storage\": \"django.core.files.storage.FileSystemStorage\", \"name\": \"cache/1d/a1/1da13a112c4e0a80a849645c31388ad8.png\", \"size\": [85, 10]}'),('sorl-thumbnail||thumbnails||ae11f728759c7919d5068a8789345119','[\"7f2b4179e2e7cf100f97523502620341\", \"244b16fc597b010b71782b368c4e070d\", \"df905fb10e900259604e569a8a8d90f4\", \"143332a743b8f558c3d185c25b5f9fe9\"]'),('sorl-thumbnail||image||5eb3e150fc22e1a604eda6d9cc5c0998','{\"storage\": \"django.core.files.storage.FileSystemStorage\", \"name\": \"images/productimage-picture-guantanamera-decimos-86.png\", \"size\": [479, 58]}'),('sorl-thumbnail||image||dd11270f163447c0a14763515d808a48','{\"storage\": \"django.core.files.storage.FileSystemStorage\", \"name\": \"cache/60/f6/60f6732124e9734351337618a57691bc.png\", \"size\": [85, 10]}'),('sorl-thumbnail||thumbnails||5eb3e150fc22e1a604eda6d9cc5c0998','[\"c95b877232c8fa36274ea07bcbb6a57f\", \"dd11270f163447c0a14763515d808a48\", \"e87e08c0f2eacf7d494fd0be39cc23e1\"]'),('sorl-thumbnail||image||91176d3049a35ed875155471a68685a4','{\"storage\": \"django.core.files.storage.FileSystemStorage\", \"name\": \"images/productimage-picture-guantanamera-puritos-87.png\", \"size\": [409, 40]}'),('sorl-thumbnail||image||ee6dd491bba20bd23fcd8fd57adc50ce','{\"storage\": \"django.core.files.storage.FileSystemStorage\", \"name\": \"cache/37/b8/37b8e36be4db2d25476edcdf70d34e06.png\", \"size\": [85, 8]}'),('sorl-thumbnail||thumbnails||91176d3049a35ed875155471a68685a4','[\"5f3ded39256d03791fa52f9b79110958\", \"ee6dd491bba20bd23fcd8fd57adc50ce\", \"8883d231c42fe85c2b4d28929593fd07\"]'),('sorl-thumbnail||image||4fbf0dd96a9eb9aba2fa770975df019f','{\"storage\": \"django.core.files.storage.FileSystemStorage\", \"name\": \"images/productimage-picture-belinda-88.png\", \"size\": [511, 62]}'),('sorl-thumbnail||image||b1f1d19df47f1602f4c708d65d5e65e7','{\"storage\": \"django.core.files.storage.FileSystemStorage\", \"name\": \"cache/53/47/53479d13b5c9b0d67eb5d50bf7dd5315.png\", \"size\": [150, 18]}'),('sorl-thumbnail||thumbnails||4fbf0dd96a9eb9aba2fa770975df019f','[\"b1f1d19df47f1602f4c708d65d5e65e7\", \"966d0c70e36baa7718e835ba1a97ac84\", \"666e226188337a6f919dd52922e0fc37\"]'),('sorl-thumbnail||image||666e226188337a6f919dd52922e0fc37','{\"storage\": \"django.core.files.storage.FileSystemStorage\", \"name\": \"cache/e5/16/e516dd724f1ed323c31309baea61f7a2.png\", \"size\": [85, 10]}'),('sorl-thumbnail||image||70ac26ae2ee06e0b0d75ecb232b20cbe','{\"storage\": \"django.core.files.storage.FileSystemStorage\", \"name\": \"images/categoryimage-picture-agio-cigars-29.png\", \"size\": [128, 90]}'),('sorl-thumbnail||image||7f345f6e557ba5713f1db1a78121d642','{\"storage\": \"django.core.files.storage.FileSystemStorage\", \"name\": \"cache/9d/63/9d6379988876d6f51efb6602bea1a207.png\", \"size\": [128, 90]}'),('sorl-thumbnail||thumbnails||70ac26ae2ee06e0b0d75ecb232b20cbe','[\"7f345f6e557ba5713f1db1a78121d642\"]'),('sorl-thumbnail||image||29e52a165e155ff225b132b438350756','{\"storage\": \"django.core.files.storage.FileSystemStorage\", \"name\": \"images/categoryimage-picture-habanos-ciigars-31.png\", \"size\": [128, 90]}'),('sorl-thumbnail||image||3ce97d32562b97fac909c0a3f131e29a','{\"storage\": \"django.core.files.storage.FileSystemStorage\", \"name\": \"cache/d9/38/d93820ddd1547fdbf6b781adb129f05d.png\", \"size\": [128, 90]}'),('sorl-thumbnail||thumbnails||29e52a165e155ff225b132b438350756','[\"3ce97d32562b97fac909c0a3f131e29a\"]'),('sorl-thumbnail||image||35be7edd1ac0f6fb5c7ea85956aa6e1e','{\"storage\": \"django.core.files.storage.FileSystemStorage\", \"name\": \"images/categoryimage-picture-villiger-cigars-32.png\", \"size\": [128, 90]}'),('sorl-thumbnail||image||5b5407319c74042c8c99c6db272c5056','{\"storage\": \"django.core.files.storage.FileSystemStorage\", \"name\": \"cache/35/5b/355b0f21d84a48d6cfcd9b569582cace.png\", \"size\": [128, 90]}'),('sorl-thumbnail||thumbnails||35be7edd1ac0f6fb5c7ea85956aa6e1e','[\"5b5407319c74042c8c99c6db272c5056\"]'),('sorl-thumbnail||image||e9ee62fdf1418a45262a1c048e2542aa','{\"storage\": \"django.core.files.storage.FileSystemStorage\", \"name\": \"images/categoryimage-picture-guantanamera-cigars-33.gif\", \"size\": [128, 90]}'),('sorl-thumbnail||image||ef9c44efe3588462798c74aa241a8196','{\"storage\": \"django.core.files.storage.FileSystemStorage\", \"name\": \"cache/bf/7f/bf7f814782ddd45ead15ed2dce4c80b5.png\", \"size\": [128, 90]}'),('sorl-thumbnail||thumbnails||e9ee62fdf1418a45262a1c048e2542aa','[\"ef9c44efe3588462798c74aa241a8196\"]'),('sorl-thumbnail||image||6cb96690dd2f14121745dd0acdaf3114','{\"storage\": \"django.core.files.storage.FileSystemStorage\", \"name\": \"images/categoryimage-picture-minis-cubanos-cigars-34.gif\", \"size\": [128, 90]}'),('sorl-thumbnail||image||d9406e2b5012239b7fe0b079d4454724','{\"storage\": \"django.core.files.storage.FileSystemStorage\", \"name\": \"cache/58/c0/58c04ca9f1e7f1120f73ad5a969e3a45.png\", \"size\": [128, 90]}'),('sorl-thumbnail||thumbnails||6cb96690dd2f14121745dd0acdaf3114','[\"d9406e2b5012239b7fe0b079d4454724\"]'),('sorl-thumbnail||image||2c50608db6672f271b5b03700635b863','{\"storage\": \"django.core.files.storage.FileSystemStorage\", \"name\": \"images/categoryimage-picture-meharis-35.png\", \"size\": [128, 90]}'),('sorl-thumbnail||image||10104038bbb3622860fe26b4198ca5b7','{\"storage\": \"django.core.files.storage.FileSystemStorage\", \"name\": \"cache/07/b9/07b91de5c9f27f7b845a584c7a233b51.png\", \"size\": [128, 90]}'),('sorl-thumbnail||thumbnails||2c50608db6672f271b5b03700635b863','[\"10104038bbb3622860fe26b4198ca5b7\"]'),('sorl-thumbnail||image||109320abaa7d4f02bf61be53e7b6090f','{\"storage\": \"django.core.files.storage.FileSystemStorage\", \"name\": \"images/categoryimage-picture-panter-36.png\", \"size\": [128, 90]}'),('sorl-thumbnail||image||8f68cc2968c6e0a3401c3d2bb85df83b','{\"storage\": \"django.core.files.storage.FileSystemStorage\", \"name\": \"cache/ed/89/ed89b18d86de28caac14a581b22663cb.png\", \"size\": [128, 90]}'),('sorl-thumbnail||thumbnails||109320abaa7d4f02bf61be53e7b6090f','[\"8f68cc2968c6e0a3401c3d2bb85df83b\"]'),('sorl-thumbnail||image||5d9b1c8af551d0bbe5712b3c8a0798c6','{\"storage\": \"django.core.files.storage.FileSystemStorage\", \"name\": \"images/categoryimage-picture-clan-27.png\", \"size\": [128, 90]}'),('sorl-thumbnail||image||ce2abb316b4ece470e0b3553cd9533e7','{\"storage\": \"django.core.files.storage.FileSystemStorage\", \"name\": \"cache/d9/47/d947755970f560478d73d8d8945aeef1.png\", \"size\": [128, 90]}'),('sorl-thumbnail||thumbnails||5d9b1c8af551d0bbe5712b3c8a0798c6','[\"ce2abb316b4ece470e0b3553cd9533e7\"]'),('sorl-thumbnail||image||b4126b20b93990ae2d9670e81d4d84e9','{\"storage\": \"django.core.files.storage.FileSystemStorage\", \"name\": \"images/categoryimage-picture-wo-larsen-37.png\", \"size\": [128, 90]}'),('sorl-thumbnail||image||ab60c3ef1a30e51de174950c8548df0b','{\"storage\": \"django.core.files.storage.FileSystemStorage\", \"name\": \"cache/76/8f/768f09643ea56f335749cf225c0833b6.png\", \"size\": [128, 90]}'),('sorl-thumbnail||thumbnails||b4126b20b93990ae2d9670e81d4d84e9','[\"ab60c3ef1a30e51de174950c8548df0b\"]'),('sorl-thumbnail||image||9d703a5bb1b4802e9da0e7e5c08c0ae4','{\"storage\": \"django.core.files.storage.FileSystemStorage\", \"name\": \"images/categoryimage-picture-stanwell-38.png\", \"size\": [128, 90]}'),('sorl-thumbnail||image||b97f3d7f26b48cdb9e8695f6e3d2c4d7','{\"storage\": \"django.core.files.storage.FileSystemStorage\", \"name\": \"cache/f0/44/f04446ff824d112f734ae01cab02d10f.png\", \"size\": [128, 90]}'),('sorl-thumbnail||thumbnails||9d703a5bb1b4802e9da0e7e5c08c0ae4','[\"b97f3d7f26b48cdb9e8695f6e3d2c4d7\"]'),('sorl-thumbnail||image||06de37e9a0f272e3509a48366eb28bdb','{\"storage\": \"django.core.files.storage.FileSystemStorage\", \"name\": \"images/categoryimage-picture-alsbo-39.png\", \"size\": [128, 90]}'),('sorl-thumbnail||image||06f38e28d04107e554491560339c3e1a','{\"storage\": \"django.core.files.storage.FileSystemStorage\", \"name\": \"cache/05/00/0500ad9bc1d04909ed0f9d7bd0693b8b.png\", \"size\": [128, 90]}'),('sorl-thumbnail||thumbnails||06de37e9a0f272e3509a48366eb28bdb','[\"06f38e28d04107e554491560339c3e1a\"]'),('sorl-thumbnail||image||87e9f300f0f5bbc715c64cb132cdfbb3','{\"storage\": \"django.core.files.storage.FileSystemStorage\", \"name\": \"images/categoryimage-picture-erinmore-40.png\", \"size\": [128, 90]}'),('sorl-thumbnail||image||7e855b3b6efb1577632f1dbf2da842d7','{\"storage\": \"django.core.files.storage.FileSystemStorage\", \"name\": \"cache/cb/a1/cba183336bf71b72637e18a199d746fe.png\", \"size\": [128, 90]}'),('sorl-thumbnail||thumbnails||87e9f300f0f5bbc715c64cb132cdfbb3','[\"7e855b3b6efb1577632f1dbf2da842d7\"]'),('sorl-thumbnail||image||5d41418a19823ac5277482b878538f94','{\"storage\": \"django.core.files.storage.FileSystemStorage\", \"name\": \"images/categoryimage-picture-colts-41.png\", \"size\": [128, 90]}'),('sorl-thumbnail||image||3c9e7340f0ec01b4a14d5961dcba0f99','{\"storage\": \"django.core.files.storage.FileSystemStorage\", \"name\": \"cache/4f/c0/4fc01a938760553591cf25e0ce267627.png\", \"size\": [128, 90]}'),('sorl-thumbnail||thumbnails||5d41418a19823ac5277482b878538f94','[\"3c9e7340f0ec01b4a14d5961dcba0f99\"]'),('sorl-thumbnail||image||4e8b4fbc66400fca1a21b85317b2e250','{\"storage\": \"django.core.files.storage.FileSystemStorage\", \"name\": \"cache/0a/fb/0afb36b5c3f4870a5c1b6a61fb49f218.png\", \"size\": [150, 22]}'),('sorl-thumbnail||image||eab266f9b37a2fd04fb517c50e5f72ff','{\"storage\": \"django.core.files.storage.FileSystemStorage\", \"name\": \"images/categoryimage-picture-choice-42.png\", \"size\": [128, 90]}'),('sorl-thumbnail||image||dd61971e2f5c9770f32c7e094ce2020c','{\"storage\": \"django.core.files.storage.FileSystemStorage\", \"name\": \"cache/a8/aa/a8aaa2c94af30ba49467fb8e003ab6eb.png\", \"size\": [128, 90]}'),('sorl-thumbnail||thumbnails||eab266f9b37a2fd04fb517c50e5f72ff','[\"dd61971e2f5c9770f32c7e094ce2020c\"]'),('sorl-thumbnail||image||f9a067b5d9cf24719c9d1f73ccbd7f50','{\"storage\": \"django.core.files.storage.FileSystemStorage\", \"name\": \"cache/71/74/71740ef1f563a0be377a7f896413523a.png\", \"size\": [128, 17]}'),('sorl-thumbnail||image||d319f97584a09f61836a73041e977f85','{\"storage\": \"django.core.files.storage.FileSystemStorage\", \"name\": \"cache/a0/46/a04638f0878d791c8b93b2d4228b3a08.png\", \"size\": [150, 20]}'),('sorl-thumbnail||image||9f41a63fd5b044ca2483fa229ee576e8','{\"storage\": \"django.core.files.storage.FileSystemStorage\", \"name\": \"images/categoryimage-picture-ambrosia-43.png\", \"size\": [128, 90]}'),('sorl-thumbnail||image||84701775a5ae2eb84aec6aa8ca979328','{\"storage\": \"django.core.files.storage.FileSystemStorage\", \"name\": \"cache/13/43/1343c595b3e4431df331f05c1a2618dc.png\", \"size\": [128, 90]}'),('sorl-thumbnail||thumbnails||9f41a63fd5b044ca2483fa229ee576e8','[\"84701775a5ae2eb84aec6aa8ca979328\"]'),('sorl-thumbnail||image||29eacf23fc954f586f2c2fba6387097a','{\"storage\": \"django.core.files.storage.FileSystemStorage\", \"name\": \"images/categoryimage-picture-7-seas-44.png\", \"size\": [128, 90]}'),('sorl-thumbnail||image||c387ca9665166d87686ca7307a64df22','{\"storage\": \"django.core.files.storage.FileSystemStorage\", \"name\": \"cache/ff/ca/ffca4c9d587b9da3bf5bee654dca601e.png\", \"size\": [128, 90]}'),('sorl-thumbnail||thumbnails||29eacf23fc954f586f2c2fba6387097a','[\"c387ca9665166d87686ca7307a64df22\"]'),('sorl-thumbnail||image||daa23c610f9670433140d4221e9dcdd4','{\"storage\": \"django.core.files.storage.FileSystemStorage\", \"name\": \"images/categoryimage-picture-velvet-45.png\", \"size\": [128, 90]}'),('sorl-thumbnail||image||656f48dcc5fa8a347deccea3b739248d','{\"storage\": \"django.core.files.storage.FileSystemStorage\", \"name\": \"cache/7f/a8/7fa8f9e1c5252a0e0e4532da717a8c89.png\", \"size\": [128, 90]}'),('sorl-thumbnail||thumbnails||daa23c610f9670433140d4221e9dcdd4','[\"656f48dcc5fa8a347deccea3b739248d\"]'),('sorl-thumbnail||image||e87e08c0f2eacf7d494fd0be39cc23e1','{\"storage\": \"django.core.files.storage.FileSystemStorage\", \"name\": \"cache/85/a2/85a2938c59efc0b37f27f39de8679b53.png\", \"size\": [150, 18]}'),('sorl-thumbnail||image||026e913ba0d6eadb31b6e60d4cd79c97','{\"storage\": \"django.core.files.storage.FileSystemStorage\", \"name\": \"images/categoryimage-picture-bali-shag-46.png\", \"size\": [128, 90]}'),('sorl-thumbnail||image||0c2a76039934710927b2b5fe92766024','{\"storage\": \"django.core.files.storage.FileSystemStorage\", \"name\": \"cache/8b/de/8bde99e8bafddad544e73c9270156261.png\", \"size\": [128, 90]}'),('sorl-thumbnail||thumbnails||026e913ba0d6eadb31b6e60d4cd79c97','[\"0c2a76039934710927b2b5fe92766024\"]'),('sorl-thumbnail||image||391fa1ae98d0644a784fca07347907b9','{\"storage\": \"django.core.files.storage.FileSystemStorage\", \"name\": \"images/categoryimage-picture-home-roll-47.png\", \"size\": [128, 90]}'),('sorl-thumbnail||image||75a531c1eba2577d34904c4724c42740','{\"storage\": \"django.core.files.storage.FileSystemStorage\", \"name\": \"cache/0b/3b/0b3b0af3bd704bef0366c906383198ff.png\", \"size\": [128, 90]}'),('sorl-thumbnail||thumbnails||391fa1ae98d0644a784fca07347907b9','[\"75a531c1eba2577d34904c4724c42740\"]'),('sorl-thumbnail||image||7f6b179beafa0b574e216532bc2fd420','{\"storage\": \"django.core.files.storage.FileSystemStorage\", \"name\": \"images/categoryimage-picture-home-roll-48.png\", \"size\": [128, 90]}'),('sorl-thumbnail||image||4b574db342d5c8bbe25b01848f5df391','{\"storage\": \"django.core.files.storage.FileSystemStorage\", \"name\": \"cache/db/53/db53df2a756db968aee39ede79453a8d.png\", \"size\": [128, 90]}'),('sorl-thumbnail||thumbnails||7f6b179beafa0b574e216532bc2fd420','[\"4b574db342d5c8bbe25b01848f5df391\"]'),('sorl-thumbnail||image||efc89e906a1e2e6577ecdb9197fe793a','{\"storage\": \"django.core.files.storage.FileSystemStorage\", \"name\": \"images/categoryimage-picture-bali-shag-49.png\", \"size\": [128, 90]}'),('sorl-thumbnail||image||0b470e21fc7722601f57cd46f7ce4fac','{\"storage\": \"django.core.files.storage.FileSystemStorage\", \"name\": \"cache/55/d0/55d0483219074726724c1b1f05719b66.png\", \"size\": [128, 90]}'),('sorl-thumbnail||thumbnails||efc89e906a1e2e6577ecdb9197fe793a','[\"0b470e21fc7722601f57cd46f7ce4fac\"]'),('sorl-thumbnail||image||4e7831b8e6240254f2dd14547472fa33','{\"storage\": \"django.core.files.storage.FileSystemStorage\", \"name\": \"images/categoryimage-picture-bali-shag-50.png\", \"size\": [128, 90]}'),('sorl-thumbnail||image||37df25199fa0c67793f9ecddc543f899','{\"storage\": \"django.core.files.storage.FileSystemStorage\", \"name\": \"cache/12/b8/12b85f52de4a9e3a194bf601f0d3e702.png\", \"size\": [128, 90]}'),('sorl-thumbnail||thumbnails||4e7831b8e6240254f2dd14547472fa33','[\"37df25199fa0c67793f9ecddc543f899\"]'),('sorl-thumbnail||image||a09e24f9c75c355d72bdc2a375921b0b','{\"storage\": \"django.core.files.storage.FileSystemStorage\", \"name\": \"images/categoryimage-picture-mac-baren-51.png\", \"size\": [128, 90]}'),('sorl-thumbnail||image||76b9468c0cacbf90258abfd58daf3f94','{\"storage\": \"django.core.files.storage.FileSystemStorage\", \"name\": \"cache/b7/72/b7723116b2f831f9ed37204258fe5b56.png\", \"size\": [128, 90]}'),('sorl-thumbnail||thumbnails||a09e24f9c75c355d72bdc2a375921b0b','[\"76b9468c0cacbf90258abfd58daf3f94\"]'),('sorl-thumbnail||image||52965588973b258eeaae52d00c0a343e','{\"storage\": \"django.core.files.storage.FileSystemStorage\", \"name\": \"images/categoryimage-picture-unitas-excellent-52.png\", \"size\": [128, 90]}'),('sorl-thumbnail||image||413e3e1a7ce9310626c4e8eac96ffc98','{\"storage\": \"django.core.files.storage.FileSystemStorage\", \"name\": \"cache/f6/e3/f6e360b083acc948cb64a8caad84e053.png\", \"size\": [128, 90]}'),('sorl-thumbnail||thumbnails||52965588973b258eeaae52d00c0a343e','[\"413e3e1a7ce9310626c4e8eac96ffc98\"]'),('sorl-thumbnail||image||5aeedad4c7c397308610cda41d5fee5c','{\"storage\": \"django.core.files.storage.FileSystemStorage\", \"name\": \"images/categoryimage-picture-lexington-53.png\", \"size\": [128, 90]}'),('sorl-thumbnail||image||985aae26eeebfd293c2985bcc5baad47','{\"storage\": \"django.core.files.storage.FileSystemStorage\", \"name\": \"cache/10/43/1043ced37db1cb54113352983539edf4.png\", \"size\": [128, 90]}'),('sorl-thumbnail||thumbnails||5aeedad4c7c397308610cda41d5fee5c','[\"985aae26eeebfd293c2985bcc5baad47\"]'),('sorl-thumbnail||image||964464fe4278cfc2fcee44a7114d74ba','{\"storage\": \"django.core.files.storage.FileSystemStorage\", \"name\": \"images/categoryimage-picture-bali-shag-54.png\", \"size\": [128, 90]}'),('sorl-thumbnail||image||aefeeaf46669736178e9eac954b26173','{\"storage\": \"django.core.files.storage.FileSystemStorage\", \"name\": \"cache/1d/25/1d25eb1d69f9dc23a8113ee6b0c27a99.png\", \"size\": [128, 90]}'),('sorl-thumbnail||thumbnails||964464fe4278cfc2fcee44a7114d74ba','[\"aefeeaf46669736178e9eac954b26173\"]'),('sorl-thumbnail||image||4c6393d6da6f37be34b14d96a5c58b6d','{\"storage\": \"django.core.files.storage.FileSystemStorage\", \"name\": \"images/categoryimage-picture-black-devil-55.png\", \"size\": [128, 90]}'),('sorl-thumbnail||image||e25b8ed8106cfa583c0f83c3a25ae0bf','{\"storage\": \"django.core.files.storage.FileSystemStorage\", \"name\": \"cache/f9/bb/f9bbeb1091de7bf5aef05d7baca1f5eb.png\", \"size\": [128, 90]}'),('sorl-thumbnail||thumbnails||4c6393d6da6f37be34b14d96a5c58b6d','[\"e25b8ed8106cfa583c0f83c3a25ae0bf\"]'),('sorl-thumbnail||image||96080ad2877f29c272136aa85f4cdbc8','{\"storage\": \"django.core.files.storage.FileSystemStorage\", \"name\": \"images/categoryimage-picture-black-devil-56.png\", \"size\": [128, 90]}'),('sorl-thumbnail||image||bcf0f2118468c006f7d3c47e6154a508','{\"storage\": \"django.core.files.storage.FileSystemStorage\", \"name\": \"cache/5f/f1/5ff1867421e7bf848780f48c83d71aaa.png\", \"size\": [128, 90]}'),('sorl-thumbnail||thumbnails||96080ad2877f29c272136aa85f4cdbc8','[\"bcf0f2118468c006f7d3c47e6154a508\"]'),('sorl-thumbnail||image||1d9c94a978d60cda4b025b2c963d380a','{\"storage\": \"django.core.files.storage.FileSystemStorage\", \"name\": \"images/categoryimage-picture-che-57.png\", \"size\": [128, 90]}'),('sorl-thumbnail||image||342cd341bf119295a5eb777e201f8b7c','{\"storage\": \"django.core.files.storage.FileSystemStorage\", \"name\": \"cache/c8/43/c843134c682cd82d3cf11bbc88a30da4.png\", \"size\": [128, 90]}'),('sorl-thumbnail||thumbnails||1d9c94a978d60cda4b025b2c963d380a','[\"342cd341bf119295a5eb777e201f8b7c\"]'),('sorl-thumbnail||image||48dc59429ffc4a3cfc92002471f60115','{\"storage\": \"django.core.files.storage.FileSystemStorage\", \"name\": \"images/categoryimage-picture-che-58.png\", \"size\": [128, 90]}'),('sorl-thumbnail||image||65dc764587dabaf33d3efbdd8e2e91fe','{\"storage\": \"django.core.files.storage.FileSystemStorage\", \"name\": \"cache/6a/55/6a55a1dbf09214fb5bc2aac57a4699e2.png\", \"size\": [128, 90]}'),('sorl-thumbnail||thumbnails||48dc59429ffc4a3cfc92002471f60115','[\"65dc764587dabaf33d3efbdd8e2e91fe\"]'),('sorl-thumbnail||image||5ce4d47abff0e93de66feefc74dd64e8','{\"storage\": \"django.core.files.storage.FileSystemStorage\", \"name\": \"images/categoryimage-picture-lexington-59.png\", \"size\": [128, 90]}'),('sorl-thumbnail||image||67eb4e1f13a5054ba163e5ece1e7e387','{\"storage\": \"django.core.files.storage.FileSystemStorage\", \"name\": \"cache/f0/88/f0883588476ab7871319b69b4a4122ce.png\", \"size\": [128, 90]}'),('sorl-thumbnail||thumbnails||5ce4d47abff0e93de66feefc74dd64e8','[\"67eb4e1f13a5054ba163e5ece1e7e387\"]'),('sorl-thumbnail||image||c11c9706fca62b443b01574a8a147f9d','{\"storage\": \"django.core.files.storage.FileSystemStorage\", \"name\": \"images/categoryimage-picture-lexington-60.png\", \"size\": [128, 90]}'),('sorl-thumbnail||image||80fdff08edabaed8884798ab4efd1a85','{\"storage\": \"django.core.files.storage.FileSystemStorage\", \"name\": \"cache/f7/30/f7305bc70667dd1de97a888e3b14bd51.png\", \"size\": [128, 90]}'),('sorl-thumbnail||thumbnails||c11c9706fca62b443b01574a8a147f9d','[\"80fdff08edabaed8884798ab4efd1a85\"]'),('sorl-thumbnail||image||480797335cd0cc0523ccd07a6b3376eb','{\"storage\": \"django.core.files.storage.FileSystemStorage\", \"name\": \"images/categoryimage-picture-lexington-cigari-61.png\", \"size\": [128, 90]}'),('sorl-thumbnail||image||8304947d8784a130056e33e14a481125','{\"storage\": \"django.core.files.storage.FileSystemStorage\", \"name\": \"cache/66/66/6666f04bc66d531095d32902aa47d296.png\", \"size\": [128, 90]}'),('sorl-thumbnail||thumbnails||480797335cd0cc0523ccd07a6b3376eb','[\"8304947d8784a130056e33e14a481125\"]'),('sorl-thumbnail||image||2a82295edca5d73f8f80871dba417085','{\"storage\": \"django.core.files.storage.FileSystemStorage\", \"name\": \"images/categoryimage-picture-ymidori-aksesoari-za-pyshene-62.png\", \"size\": [128, 90]}'),('sorl-thumbnail||image||d76ae7089cea407608ab2f2582a831a7','{\"storage\": \"django.core.files.storage.FileSystemStorage\", \"name\": \"cache/3a/c6/3ac6b94079eff52fcf03247ad15daea3.png\", \"size\": [128, 90]}'),('sorl-thumbnail||thumbnails||2a82295edca5d73f8f80871dba417085','[\"d76ae7089cea407608ab2f2582a831a7\"]'),('sorl-thumbnail||image||c70ba892517c05fa92cd6d2ceeef470c','{\"storage\": \"django.core.files.storage.FileSystemStorage\", \"name\": \"images/categoryimage-picture-zapalki-aksesoari-za-pyshene-63.png\", \"size\": [128, 90]}'),('sorl-thumbnail||image||0a02929647e8e017653b0d6d79332856','{\"storage\": \"django.core.files.storage.FileSystemStorage\", \"name\": \"cache/20/d8/20d83cd74a70746ebb861b91c6cc6922.png\", \"size\": [128, 90]}'),('sorl-thumbnail||thumbnails||c70ba892517c05fa92cd6d2ceeef470c','[\"0a02929647e8e017653b0d6d79332856\"]'),('sorl-thumbnail||image||62ac4de5f2c028dbd34eb650b5656d92','{\"storage\": \"django.core.files.storage.FileSystemStorage\", \"name\": \"images/categoryimage-picture-rezachki-aksesoari-za-pyshene-64.png\", \"size\": [128, 90]}'),('sorl-thumbnail||image||a4f16e06c523ee06478906f0f56b8aaf','{\"storage\": \"django.core.files.storage.FileSystemStorage\", \"name\": \"cache/4d/6c/4d6cf9a935dcb4a861608fa9bb1a769f.png\", \"size\": [128, 90]}'),('sorl-thumbnail||thumbnails||62ac4de5f2c028dbd34eb650b5656d92','[\"a4f16e06c523ee06478906f0f56b8aaf\"]'),('sorl-thumbnail||image||4d5ebb60c83da2675ade6ca904485c57','{\"storage\": \"django.core.files.storage.FileSystemStorage\", \"name\": \"images/categoryimage-picture-pepelnici-aksesoari-za-pyshene-65.png\", \"size\": [128, 90]}'),('sorl-thumbnail||image||cf5bfd554bb9b236096fb59c03bc4939','{\"storage\": \"django.core.files.storage.FileSystemStorage\", \"name\": \"cache/d0/e9/d0e938fa7e1a809253ece3bf508b2743.png\", \"size\": [128, 90]}'),('sorl-thumbnail||thumbnails||4d5ebb60c83da2675ade6ca904485c57','[\"cf5bfd554bb9b236096fb59c03bc4939\"]'),('sorl-thumbnail||image||e550402a7a3c49dba3ce2347f8577f35','{\"storage\": \"django.core.files.storage.FileSystemStorage\", \"name\": \"images/categoryimage-picture-pepelnici-aksesoari-za-pyshene-66.png\", \"size\": [128, 90]}'),('sorl-thumbnail||image||defba8e54a2a27e1d30cb91f82ca89a1','{\"storage\": \"django.core.files.storage.FileSystemStorage\", \"name\": \"cache/73/53/735349186979c9ce4a447c430138015a.png\", \"size\": [128, 90]}'),('sorl-thumbnail||thumbnails||e550402a7a3c49dba3ce2347f8577f35','[\"defba8e54a2a27e1d30cb91f82ca89a1\"]'),('sorl-thumbnail||image||0cd742f3243659b965a673fcb0067830','{\"storage\": \"django.core.files.storage.FileSystemStorage\", \"name\": \"images/categoryimage-picture-kalufi-za-pyri-aksesoari-za-pushene-67.png\", \"size\": [128, 90]}'),('sorl-thumbnail||image||296592204954abee5e0582189b0ac5ea','{\"storage\": \"django.core.files.storage.FileSystemStorage\", \"name\": \"cache/3e/f2/3ef25d4f61059aad164a8f011235cdb7.png\", \"size\": [128, 90]}'),('sorl-thumbnail||thumbnails||0cd742f3243659b965a673fcb0067830','[\"296592204954abee5e0582189b0ac5ea\"]'),('sorl-thumbnail||image||fb1c5a8e9f1c4a64f76063886acaef41','{\"storage\": \"django.core.files.storage.FileSystemStorage\", \"name\": \"images/categoryimage-picture-podaruchni-komplekti-aksesoari-za-pyshene-68.png\", \"size\": [128, 90]}'),('sorl-thumbnail||image||597c3e966f8c0953bc0ada10bf94db70','{\"storage\": \"django.core.files.storage.FileSystemStorage\", \"name\": \"cache/f8/a9/f8a9230500ef37b50bb45183940207cb.png\", \"size\": [128, 90]}'),('sorl-thumbnail||thumbnails||fb1c5a8e9f1c4a64f76063886acaef41','[\"597c3e966f8c0953bc0ada10bf94db70\"]'),('sorl-thumbnail||image||c9dd061b7600f79d9a9640025572da72','{\"storage\": \"django.core.files.storage.FileSystemStorage\", \"name\": \"images/categoryimage-picture-collections-69.png\", \"size\": [128, 90]}'),('sorl-thumbnail||image||0d32eb001de328f5fde0349991c2b60f','{\"storage\": \"django.core.files.storage.FileSystemStorage\", \"name\": \"cache/3c/46/3c46dd6a08cab9b4290bd3c9934847a7.png\", \"size\": [128, 90]}'),('sorl-thumbnail||thumbnails||c9dd061b7600f79d9a9640025572da72','[\"0d32eb001de328f5fde0349991c2b60f\"]'),('sorl-thumbnail||image||41671875008d7efd57e8d29c46ead535','{\"storage\": \"django.core.files.storage.FileSystemStorage\", \"name\": \"images/categoryimage-picture-lyli-aksesoari-za-pyshene-70.png\", \"size\": [128, 90]}'),('sorl-thumbnail||image||74996c74d2ebfdb5c8a2836d8f139c39','{\"storage\": \"django.core.files.storage.FileSystemStorage\", \"name\": \"cache/92/e7/92e78e2c4664d177d6c0ad413832323c.png\", \"size\": [128, 90]}'),('sorl-thumbnail||thumbnails||41671875008d7efd57e8d29c46ead535','[\"74996c74d2ebfdb5c8a2836d8f139c39\"]'),('sorl-thumbnail||image||74fd86e3052e6c79def59da60c9a3682','{\"storage\": \"django.core.files.storage.FileSystemStorage\", \"name\": \"images/categoryimage-picture-porsche-design-shisha-71.png\", \"size\": [128, 90]}'),('sorl-thumbnail||image||9672af95511e038de9d811ee836f527f','{\"storage\": \"django.core.files.storage.FileSystemStorage\", \"name\": \"cache/00/05/0005d3486c574c2ce492b0e305da5d3f.png\", \"size\": [128, 90]}'),('sorl-thumbnail||thumbnails||74fd86e3052e6c79def59da60c9a3682','[\"9672af95511e038de9d811ee836f527f\"]'),('sorl-thumbnail||image||4e42494d82b41db7d39044a1fb9b2237','{\"storage\": \"django.core.files.storage.FileSystemStorage\", \"name\": \"images/categoryimage-picture-porsche-design-useful-things-72.png\", \"size\": [128, 90]}'),('sorl-thumbnail||image||4464bfea1612365bff95a83544d553e0','{\"storage\": \"django.core.files.storage.FileSystemStorage\", \"name\": \"cache/81/21/81214eba86a1ec08e195102388ab47f4.png\", \"size\": [128, 90]}'),('sorl-thumbnail||thumbnails||4e42494d82b41db7d39044a1fb9b2237','[\"4464bfea1612365bff95a83544d553e0\"]'),('sorl-thumbnail||image||67d8f4e7200a4715ab4c3fe72f0c373e','{\"storage\": \"django.core.files.storage.FileSystemStorage\", \"name\": \"images/categoryimage-picture-porsche-design-writing-tolls-73.png\", \"size\": [128, 90]}'),('sorl-thumbnail||image||26de2103cd44b349baebb5e19acd7024','{\"storage\": \"django.core.files.storage.FileSystemStorage\", \"name\": \"cache/d2/69/d269a49cabec4305012042b6e95347b1.png\", \"size\": [128, 90]}'),('sorl-thumbnail||thumbnails||67d8f4e7200a4715ab4c3fe72f0c373e','[\"26de2103cd44b349baebb5e19acd7024\"]'),('sorl-thumbnail||image||5694f52929a2d3bab45d0b546ef371b6','{\"storage\": \"django.core.files.storage.FileSystemStorage\", \"name\": \"images/categoryimage-picture-syveniri-74.png\", \"size\": [128, 90]}'),('sorl-thumbnail||image||7e50cd548aca908a61a79dc27c77dddf','{\"storage\": \"django.core.files.storage.FileSystemStorage\", \"name\": \"cache/3c/e7/3ce703ea97d32692068068f101d6474d.png\", \"size\": [128, 90]}'),('sorl-thumbnail||thumbnails||5694f52929a2d3bab45d0b546ef371b6','[\"7e50cd548aca908a61a79dc27c77dddf\"]'),('sorl-thumbnail||image||d411ccd6478d0743e42df07baccccac7','{\"storage\": \"django.core.files.storage.FileSystemStorage\", \"name\": \"images/categoryimage-picture-knigi-75.png\", \"size\": [128, 90]}'),('sorl-thumbnail||image||b206673e1002cb1cfd9e225cf33b0457','{\"storage\": \"django.core.files.storage.FileSystemStorage\", \"name\": \"cache/0e/06/0e06396531e586eacafaabec3ae5715b.png\", \"size\": [128, 90]}'),('sorl-thumbnail||thumbnails||d411ccd6478d0743e42df07baccccac7','[\"b206673e1002cb1cfd9e225cf33b0457\"]'),('sorl-thumbnail||image||be915db3b282f50f56b7ea275afcd51f','{\"storage\": \"django.core.files.storage.FileSystemStorage\", \"name\": \"images/categoryimage-picture-cohiba-minis-76.gif\", \"size\": [128, 90]}'),('sorl-thumbnail||image||6aaa1c51fe5830e3e88fe6210f285e5b','{\"storage\": \"django.core.files.storage.FileSystemStorage\", \"name\": \"cache/f8/58/f8587f081fbd856d9540aa7a313c37a9.png\", \"size\": [128, 90]}'),('sorl-thumbnail||thumbnails||be915db3b282f50f56b7ea275afcd51f','[\"6aaa1c51fe5830e3e88fe6210f285e5b\"]'),('sorl-thumbnail||image||021429fad55babca16e1dcc5c20b6151','{\"storage\": \"django.core.files.storage.FileSystemStorage\", \"name\": \"images/categoryimage-picture-montecristo-minis-77.gif\", \"size\": [128, 90]}'),('sorl-thumbnail||image||d48461dbb0ac5598966789164af40e7d','{\"storage\": \"django.core.files.storage.FileSystemStorage\", \"name\": \"cache/9c/9b/9c9bcb598b63f89d5db8eb99a7251e0c.png\", \"size\": [128, 90]}'),('sorl-thumbnail||thumbnails||021429fad55babca16e1dcc5c20b6151','[\"d48461dbb0ac5598966789164af40e7d\"]'),('sorl-thumbnail||image||ff3aaf15230eb62a5f5f8cd78b745c17','{\"storage\": \"django.core.files.storage.FileSystemStorage\", \"name\": \"images/categoryimage-picture-romeo-y-julieta-minis-78.gif\", \"size\": [128, 90]}'),('sorl-thumbnail||image||8c63709cdb7d15f093f602c12a5191fb','{\"storage\": \"django.core.files.storage.FileSystemStorage\", \"name\": \"cache/77/34/7734c772425fb04842e37d1c1415c54d.png\", \"size\": [128, 90]}'),('sorl-thumbnail||thumbnails||ff3aaf15230eb62a5f5f8cd78b745c17','[\"8c63709cdb7d15f093f602c12a5191fb\"]'),('sorl-thumbnail||image||44ef4612cc1a9fdbf52ea4481e3722e9','{\"storage\": \"django.core.files.storage.FileSystemStorage\", \"name\": \"images/categoryimage-picture-partagas-minis-79.gif\", \"size\": [128, 90]}'),('sorl-thumbnail||image||7f7cd858529ec6db88e8beb8739888e9','{\"storage\": \"django.core.files.storage.FileSystemStorage\", \"name\": \"cache/a2/8b/a28b920d4be6df6c5937c9e7ebc85589.png\", \"size\": [128, 90]}'),('sorl-thumbnail||thumbnails||44ef4612cc1a9fdbf52ea4481e3722e9','[\"7f7cd858529ec6db88e8beb8739888e9\"]'),('sorl-thumbnail||image||120808c22c3486f643a33f1a9ac68ca0','{\"storage\": \"django.core.files.storage.FileSystemStorage\", \"name\": \"images/categoryimage-picture-punch-minis-80.gif\", \"size\": [128, 90]}'),('sorl-thumbnail||image||0bed4668ad26d77ddbe4de616ff9a46f','{\"storage\": \"django.core.files.storage.FileSystemStorage\", \"name\": \"cache/9d/fa/9dfa93b48aeaa620e2989b8b57e9aaf0.png\", \"size\": [128, 90]}'),('sorl-thumbnail||thumbnails||120808c22c3486f643a33f1a9ac68ca0','[\"0bed4668ad26d77ddbe4de616ff9a46f\"]'),('sorl-thumbnail||image||1ea5f5bdafe20accd9d4936ae3be2960','{\"storage\": \"django.core.files.storage.FileSystemStorage\", \"name\": \"cache/a3/f7/a3f71c811b0064eaaca84dbdb5855973.png\", \"size\": [150, 25]}'),('sorl-thumbnail||image||a2fa92bb95b8ad5c83311d329fa70368','{\"storage\": \"django.core.files.storage.FileSystemStorage\", \"name\": \"cache/f1/c3/f1c3053c3be088f038d58b2780ab76ed.png\", \"size\": [150, 20]}'),('sorl-thumbnail||image||cb42dbf548d12273713d8c28d71b0452','{\"storage\": \"django.core.files.storage.FileSystemStorage\", \"name\": \"cache/1d/12/1d12ad8e7590a1bb6b1e86df0f3a41b0.png\", \"size\": [150, 16]}'),('sorl-thumbnail||image||827b18d6c12ad8fa741699167f33ecc8','{\"storage\": \"django.core.files.storage.FileSystemStorage\", \"name\": \"cache/60/56/60561ca4d92930594653711a4786d291.png\", \"size\": [150, 21]}'),('sorl-thumbnail||image||244b16fc597b010b71782b368c4e070d','{\"storage\": \"django.core.files.storage.FileSystemStorage\", \"name\": \"cache/51/e0/51e082086f30fb9fd51a48088b389272.png\", \"size\": [150, 18]}'),('sorl-thumbnail||image||5f3ded39256d03791fa52f9b79110958','{\"storage\": \"django.core.files.storage.FileSystemStorage\", \"name\": \"cache/9a/e8/9ae86a53791084f811505d3833d5fbc7.png\", \"size\": [150, 15]}'),('sorl-thumbnail||image||da62fcde9beacd5cd29c7d3cc3dd6ee4','{\"storage\": \"django.core.files.storage.FileSystemStorage\", \"name\": \"images/productimage-picture-cohiba-club-89.png\", \"size\": [600, 386]}'),('sorl-thumbnail||image||9716114ec3bddb66f9664925615aa0cf','{\"storage\": \"django.core.files.storage.FileSystemStorage\", \"name\": \"cache/9a/50/9a500d4180d87c7d3507d5a1cbd0061f.png\", \"size\": [85, 55]}'),('sorl-thumbnail||thumbnails||da62fcde9beacd5cd29c7d3cc3dd6ee4','[\"9716114ec3bddb66f9664925615aa0cf\", \"40f3cdc93b232d721e4172fa4ebfe5f5\", \"4ae4a74bafab4608d60fd287d84a8e88\"]'),('sorl-thumbnail||image||40f3cdc93b232d721e4172fa4ebfe5f5','{\"storage\": \"django.core.files.storage.FileSystemStorage\", \"name\": \"cache/6e/c8/6ec862157fbccaf9ff14835efb8755dc.png\", \"size\": [150, 97]}'),('sorl-thumbnail||image||ef7cfde413a3d9621b0c42805c1e46a2','{\"storage\": \"django.core.files.storage.FileSystemStorage\", \"name\": \"images/productimage-picture-mini-90.png\", \"size\": [600, 386]}'),('sorl-thumbnail||image||f41d70f01888fa36405f19664ad3db45','{\"storage\": \"django.core.files.storage.FileSystemStorage\", \"name\": \"cache/e6/d5/e6d5f0d64d54389bfb72da341c6d1dec.png\", \"size\": [85, 55]}'),('sorl-thumbnail||thumbnails||ef7cfde413a3d9621b0c42805c1e46a2','[\"26753e0547b3f3618fcf22f777d4580a\", \"5c2cc861215704ed4d479ae17aa70990\", \"f41d70f01888fa36405f19664ad3db45\"]'),('sorl-thumbnail||image||5c2cc861215704ed4d479ae17aa70990','{\"storage\": \"django.core.files.storage.FileSystemStorage\", \"name\": \"cache/12/bf/12bf27a362c5ac4b19c8eca77ff37976.png\", \"size\": [150, 97]}'),('sorl-thumbnail||image||f781ae1361c899bf25a3d5b10c8d4116','{\"storage\": \"django.core.files.storage.FileSystemStorage\", \"name\": \"images/productimage-picture-montecristo-club-91.png\", \"size\": [600, 386]}'),('sorl-thumbnail||image||fd1304775177603ee36011bd0b03246d','{\"storage\": \"django.core.files.storage.FileSystemStorage\", \"name\": \"cache/c7/dd/c7dd30231d044ed1e6ecd4690933180d.png\", \"size\": [85, 55]}'),('sorl-thumbnail||thumbnails||f781ae1361c899bf25a3d5b10c8d4116','[\"5dfc19c43e4162a98aa2fea512c1e224\", \"fd1304775177603ee36011bd0b03246d\"]'),('sorl-thumbnail||image||5dfc19c43e4162a98aa2fea512c1e224','{\"storage\": \"django.core.files.storage.FileSystemStorage\", \"name\": \"cache/42/80/4280b090992c49b346f2524053af631d.png\", \"size\": [150, 97]}'),('sorl-thumbnail||image||9cb1b890f6c7f324ccab9571a63b334d','{\"storage\": \"django.core.files.storage.FileSystemStorage\", \"name\": \"images/productimage-picture-montecristo-club-92.png\", \"size\": [600, 386]}'),('sorl-thumbnail||image||a1e3a61ff04353914476bc09e506fac5','{\"storage\": \"django.core.files.storage.FileSystemStorage\", \"name\": \"cache/30/a1/30a173777573c505f23a63d7fc4bc25f.png\", \"size\": [150, 97]}'),('sorl-thumbnail||thumbnails||9cb1b890f6c7f324ccab9571a63b334d','[\"0913b2a197e48cfb2932939a69443610\", \"b688f7803d0174b6cb1e3b556910d440\", \"a1e3a61ff04353914476bc09e506fac5\"]'),('sorl-thumbnail||image||b688f7803d0174b6cb1e3b556910d440','{\"storage\": \"django.core.files.storage.FileSystemStorage\", \"name\": \"cache/61/b0/61b08ecb8761581ccfdc817a3123b930.png\", \"size\": [85, 55]}'),('sorl-thumbnail||image||e73860ca9f672834e05b290ab0951e5d','{\"storage\": \"django.core.files.storage.FileSystemStorage\", \"name\": \"images/productimage-picture-montecristo-mini-93.png\", \"size\": [600, 386]}'),('sorl-thumbnail||image||75fd94f72d1d2bfa055b239cba285b46','{\"storage\": \"django.core.files.storage.FileSystemStorage\", \"name\": \"cache/81/41/8141fb690a26d9cf8ae6653f2099895e.png\", \"size\": [85, 55]}'),('sorl-thumbnail||thumbnails||e73860ca9f672834e05b290ab0951e5d','[\"75fd94f72d1d2bfa055b239cba285b46\", \"3327e47d1c03c06b540c2384d8b64a09\", \"46603e8c022a84210d5036840f8e8c0c\"]'),('sorl-thumbnail||image||46603e8c022a84210d5036840f8e8c0c','{\"storage\": \"django.core.files.storage.FileSystemStorage\", \"name\": \"cache/9f/57/9f57837a29d866866cbb3e69a6292d9e.png\", \"size\": [150, 97]}'),('sorl-thumbnail||image||aefc789cbf1061a73800deed92677d8b','{\"storage\": \"django.core.files.storage.FileSystemStorage\", \"name\": \"images/productimage-picture-romeo-y-julieta-club-94.png\", \"size\": [600, 386]}'),('sorl-thumbnail||image||b031943da55b8db4282377304551ba4b','{\"storage\": \"django.core.files.storage.FileSystemStorage\", \"name\": \"cache/7f/31/7f31fc98533a754ad2a1d8a268b2330c.png\", \"size\": [85, 55]}'),('sorl-thumbnail||thumbnails||aefc789cbf1061a73800deed92677d8b','[\"b031943da55b8db4282377304551ba4b\", \"1b02420ad122696aac7e5c1f923415d2\"]'),('sorl-thumbnail||image||1b02420ad122696aac7e5c1f923415d2','{\"storage\": \"django.core.files.storage.FileSystemStorage\", \"name\": \"cache/f6/69/f6691157226683e19488a1486b70062b.png\", \"size\": [150, 97]}'),('sorl-thumbnail||image||d019a694c7e805aca36a32d31ea18e4d','{\"storage\": \"django.core.files.storage.FileSystemStorage\", \"name\": \"images/productimage-picture-romeo-y-julieta-club-95.png\", \"size\": [600, 386]}'),('sorl-thumbnail||image||6f951d3b032aaa80307df09975dfa7e7','{\"storage\": \"django.core.files.storage.FileSystemStorage\", \"name\": \"cache/1c/6e/1c6e61af7ce59fee105b72b69bc51f05.png\", \"size\": [150, 97]}'),('sorl-thumbnail||thumbnails||d019a694c7e805aca36a32d31ea18e4d','[\"77dcdb23b767ce5225df539c549b6836\", \"fd31e7a3665d51aaa27cfae9d003af93\", \"6f951d3b032aaa80307df09975dfa7e7\"]'),('sorl-thumbnail||image||77dcdb23b767ce5225df539c549b6836','{\"storage\": \"django.core.files.storage.FileSystemStorage\", \"name\": \"cache/e6/e8/e6e8623fd05f8045d48e97da6eefcd59.png\", \"size\": [85, 55]}'),('sorl-thumbnail||image||598461cacd7bf531fa236bc8e5862012','{\"storage\": \"django.core.files.storage.FileSystemStorage\", \"name\": \"images/productimage-picture-romeo-i-julieta-puritos-96.png\", \"size\": [600, 386]}'),('sorl-thumbnail||image||f268bafc69b375480a54ae65a9ec5e6c','{\"storage\": \"django.core.files.storage.FileSystemStorage\", \"name\": \"cache/62/81/6281c77716db00db073ea3afd93afad1.png\", \"size\": [85, 55]}'),('sorl-thumbnail||thumbnails||598461cacd7bf531fa236bc8e5862012','[\"918e92f3f6527cf587b89721b3242841\", \"f268bafc69b375480a54ae65a9ec5e6c\", \"539837ced63ca9e58c453665ef57832d\"]'),('sorl-thumbnail||image||918e92f3f6527cf587b89721b3242841','{\"storage\": \"django.core.files.storage.FileSystemStorage\", \"name\": \"cache/22/64/22646ba9d679589a0dd8f25a0d24ba37.png\", \"size\": [150, 97]}'),('sorl-thumbnail||image||56088ec9299b8b54c53ed3bf265ffb5b','{\"storage\": \"django.core.files.storage.FileSystemStorage\", \"name\": \"images/productimage-picture-partagas-chicos-97.png\", \"size\": [600, 386]}'),('sorl-thumbnail||image||07e2f3839af25f67114db95f8e949735','{\"storage\": \"django.core.files.storage.FileSystemStorage\", \"name\": \"cache/db/d8/dbd8f1e17acf3ace263d6293860fe8ac.png\", \"size\": [85, 55]}'),('sorl-thumbnail||thumbnails||56088ec9299b8b54c53ed3bf265ffb5b','[\"07e2f3839af25f67114db95f8e949735\", \"f17b8a5a5d7f93696954d5acd01f05be\", \"53b4fe89be7fefe6be5de17d9cb41c2d\"]'),('sorl-thumbnail||image||f17b8a5a5d7f93696954d5acd01f05be','{\"storage\": \"django.core.files.storage.FileSystemStorage\", \"name\": \"cache/0d/a0/0da09c3739b365f57e0b3155b237d94b.png\", \"size\": [150, 97]}'),('sorl-thumbnail||image||3f72e5fa6d2adf36711fa738f0b36cb1','{\"storage\": \"django.core.files.storage.FileSystemStorage\", \"name\": \"images/productimage-picture-partagas-club-98.png\", \"size\": [600, 386]}'),('sorl-thumbnail||image||01ae29e14e6c59d36bbe16e4a54b0729','{\"storage\": \"django.core.files.storage.FileSystemStorage\", \"name\": \"cache/6d/74/6d74979913d139c5dc41a5bcc95eb336.png\", \"size\": [85, 55]}'),('sorl-thumbnail||thumbnails||3f72e5fa6d2adf36711fa738f0b36cb1','[\"22fbef87937f4a967b1ff3c53fd76486\", \"01ae29e14e6c59d36bbe16e4a54b0729\"]'),('sorl-thumbnail||image||a87e2e42d928730585b1c25fa2244696','{\"storage\": \"django.core.files.storage.FileSystemStorage\", \"name\": \"images/productimage-picture-partagas-mini-99.png\", \"size\": [600, 386]}'),('sorl-thumbnail||image||4ee633435ae1b9a1c1802dda9eeee798','{\"storage\": \"django.core.files.storage.FileSystemStorage\", \"name\": \"cache/9e/d2/9ed2b7dba319f1c24fc957e0572c13d5.png\", \"size\": [85, 55]}'),('sorl-thumbnail||thumbnails||a87e2e42d928730585b1c25fa2244696','[\"4ee633435ae1b9a1c1802dda9eeee798\", \"b19115d665053eb93a2ef73816477fca\", \"3b3f4c58ef0bbf55b80c58901ba93632\"]'),('sorl-thumbnail||image||b19115d665053eb93a2ef73816477fca','{\"storage\": \"django.core.files.storage.FileSystemStorage\", \"name\": \"cache/6a/66/6a666f3d8a7ab1e4dcb31d1e30447f33.png\", \"size\": [150, 97]}'),('sorl-thumbnail||image||9540e5605bea4f88dfb28c14ca41a1c4','{\"storage\": \"django.core.files.storage.FileSystemStorage\", \"name\": \"images/productimage-picture-h-upmann-robustos-2007-100.png\", \"size\": [600, 386]}'),('sorl-thumbnail||image||5a826b8e8a9482038e3e7cbc80371f76','{\"storage\": \"django.core.files.storage.FileSystemStorage\", \"name\": \"cache/80/6b/806b30ecedc8350d1435bad5617f4fef.png\", \"size\": [85, 55]}'),('sorl-thumbnail||thumbnails||9540e5605bea4f88dfb28c14ca41a1c4','[\"e2354a411e0977a004c4a1ed7895dfff\", \"5cdd66f5bc76cacf4c186f84ba78a3e9\", \"c9fa79a4713f9041d3aa6ff934dc8917\", \"5a826b8e8a9482038e3e7cbc80371f76\", \"48a8a5b27e81f882d1efccbf377b5545\", \"688fd4a6bd433e19526ee315b2b757a3\"]'),('sorl-thumbnail||image||e2354a411e0977a004c4a1ed7895dfff','{\"storage\": \"django.core.files.storage.FileSystemStorage\", \"name\": \"cache/6a/f2/6af2dbed4d0ea8c7aa4ad8ad6c419db5.png\", \"size\": [150, 97]}'),('sorl-thumbnail||image||346af1bee639b4f61d6e81342bd28dda','{\"storage\": \"django.core.files.storage.FileSystemStorage\", \"name\": \"images/productimage-picture-partagas-serie-p-n1-2009-101.png\", \"size\": [600, 386]}'),('sorl-thumbnail||image||0f58c32362b3fb8bda0f25e37d3ca534','{\"storage\": \"django.core.files.storage.FileSystemStorage\", \"name\": \"cache/3d/28/3d28abae34adca5d1ddf9e744fb525b8.png\", \"size\": [85, 55]}'),('sorl-thumbnail||thumbnails||346af1bee639b4f61d6e81342bd28dda','[\"0f58c32362b3fb8bda0f25e37d3ca534\", \"6f2680efb0cf0416aff5d82900edf4d3\", \"a2f8547455b278c0b96db232788e6419\"]'),('sorl-thumbnail||image||a2f8547455b278c0b96db232788e6419','{\"storage\": \"django.core.files.storage.FileSystemStorage\", \"name\": \"cache/16/2a/162a576cc176f4682f1e6485c0b96c23.png\", \"size\": [150, 97]}'),('sorl-thumbnail||image||5462bc24c7c42cec20171d594d2a418e','{\"storage\": \"django.core.files.storage.FileSystemStorage\", \"name\": \"images/productimage-picture-travel-retail-selection-pack-2008-102.png\", \"size\": [600, 386]}'),('sorl-thumbnail||image||b427b99d7428ef280219224b1bc55bb6','{\"storage\": \"django.core.files.storage.FileSystemStorage\", \"name\": \"cache/8a/29/8a29e5c717ce14667634402d7b94becb.png\", \"size\": [85, 55]}'),('sorl-thumbnail||thumbnails||5462bc24c7c42cec20171d594d2a418e','[\"da5fb96d1efb8b34684e4ef9c7c70cee\", \"9a8d24de008da3641d2de34342f33421\", \"b427b99d7428ef280219224b1bc55bb6\"]'),('sorl-thumbnail||image||9a8d24de008da3641d2de34342f33421','{\"storage\": \"django.core.files.storage.FileSystemStorage\", \"name\": \"cache/3b/f3/3bf37f61d136689ff9f94522d2ad53fd.png\", \"size\": [150, 97]}'),('sorl-thumbnail||image||c5827e951cb4b42cfa33ee14ff6eeea2','{\"storage\": \"django.core.files.storage.FileSystemStorage\", \"name\": \"images/productimage-picture-villiger-premium-n1-sumatra-103.png\", \"size\": [600, 386]}'),('sorl-thumbnail||image||a697720084d08a53c3fc7f725505fac0','{\"storage\": \"django.core.files.storage.FileSystemStorage\", \"name\": \"cache/25/dd/25dd644956638a3f3a65082798980934.png\", \"size\": [85, 55]}'),('sorl-thumbnail||thumbnails||c5827e951cb4b42cfa33ee14ff6eeea2','[\"bbac92173c2c5774d804b3579d51266e\", \"a697720084d08a53c3fc7f725505fac0\", \"2cf319c663cfd33fab1482b55cb1b1bd\"]'),('sorl-thumbnail||image||4ea792215a8e2689d4d6564ea67dc3fc','{\"storage\": \"django.core.files.storage.FileSystemStorage\", \"name\": \"images/productimage-picture-villiger-premium-n3-sumatra-105.png\", \"size\": [600, 386]}'),('sorl-thumbnail||image||f9d08c613cfa4e66be8fefccab8b1cb3','{\"storage\": \"django.core.files.storage.FileSystemStorage\", \"name\": \"cache/b0/ad/b0ad8528da228177612418406231bb31.png\", \"size\": [85, 55]}'),('sorl-thumbnail||thumbnails||4ea792215a8e2689d4d6564ea67dc3fc','[\"c86c615062cfb3b4dfc5b6ea84ddabc0\", \"f9d08c613cfa4e66be8fefccab8b1cb3\", \"dc6968ba8f7f49e5c672876bd77ffe92\"]'),('sorl-thumbnail||image||721d27e25d9d8df46d7566cfe11368b7','{\"storage\": \"django.core.files.storage.FileSystemStorage\", \"name\": \"images/productimage-picture-villiger-premium-n7-sumatra-104.png\", \"size\": [600, 386]}'),('sorl-thumbnail||image||445cf8ad0218bf98446f82b58b3dad77','{\"storage\": \"django.core.files.storage.FileSystemStorage\", \"name\": \"cache/00/b8/00b8c60f1dd6b192a1094652643aad64.png\", \"size\": [85, 55]}'),('sorl-thumbnail||thumbnails||721d27e25d9d8df46d7566cfe11368b7','[\"445cf8ad0218bf98446f82b58b3dad77\", \"912f38479a889a4140019681e3e422f4\", \"37dca5be839ad55facbe4b47468a9c20\"]'),('sorl-thumbnail||image||f190538abb0efc6d80176cd5a326f9ab','{\"storage\": \"django.core.files.storage.FileSystemStorage\", \"name\": \"images/productimage-picture-villiger-premium-n8-aromatic-106.png\", \"size\": [600, 386]}'),('sorl-thumbnail||image||ba898fe1d223dce54f3a9c862b652099','{\"storage\": \"django.core.files.storage.FileSystemStorage\", \"name\": \"cache/e0/1e/e01e12a599c374561cd2844a6e624fdf.png\", \"size\": [85, 55]}'),('sorl-thumbnail||thumbnails||f190538abb0efc6d80176cd5a326f9ab','[\"474938cb076dea80e4b7bc907e3c97d8\", \"77e2652e4df48c3bcbc5d9a436658d0b\", \"ba898fe1d223dce54f3a9c862b652099\"]'),('sorl-thumbnail||image||bbac92173c2c5774d804b3579d51266e','{\"storage\": \"django.core.files.storage.FileSystemStorage\", \"name\": \"cache/b5/91/b591d5eb0a65c3228b123d227519f212.png\", \"size\": [150, 97]}'),('sorl-thumbnail||image||dc6968ba8f7f49e5c672876bd77ffe92','{\"storage\": \"django.core.files.storage.FileSystemStorage\", \"name\": \"cache/af/f1/aff1c469981480d5a93d5d0c10e9fb73.png\", \"size\": [150, 97]}'),('sorl-thumbnail||image||77e2652e4df48c3bcbc5d9a436658d0b','{\"storage\": \"django.core.files.storage.FileSystemStorage\", \"name\": \"cache/6b/92/6b922e9abffbcde95a232373a5132828.png\", \"size\": [150, 97]}'),('sorl-thumbnail||image||37dca5be839ad55facbe4b47468a9c20','{\"storage\": \"django.core.files.storage.FileSystemStorage\", \"name\": \"cache/f5/29/f52993e9ba27008783509f50314387ec.png\", \"size\": [150, 97]}'),('sorl-thumbnail||image||ac677e40b55f9dd17d01117208512158','{\"storage\": \"django.core.files.storage.FileSystemStorage\", \"name\": \"images/productimage-picture-agio-clair-tip-107.png\", \"size\": [600, 386]}'),('sorl-thumbnail||image||734f160335595e3e75701077ed298f1f','{\"storage\": \"django.core.files.storage.FileSystemStorage\", \"name\": \"cache/05/a0/05a0f6c93ad95e098483a0bbf714568d.png\", \"size\": [85, 55]}'),('sorl-thumbnail||thumbnails||ac677e40b55f9dd17d01117208512158','[\"734f160335595e3e75701077ed298f1f\", \"fc1e30b8f337b362b1264d3e440d1680\", \"676692d350a7c427e07319a6b1b2ca66\"]'),('sorl-thumbnail||image||869cb799f6858f586f46c6d745c7db07','{\"storage\": \"django.core.files.storage.FileSystemStorage\", \"name\": \"images/productimage-picture-agio-sweet-tip-108.png\", \"size\": [600, 386]}'),('sorl-thumbnail||image||a496f2deb2f8d464d93d9a26d501ce8d','{\"storage\": \"django.core.files.storage.FileSystemStorage\", \"name\": \"cache/8e/d9/8ed9dd9312c7e6748cd022bdd3379fbc.png\", \"size\": [85, 55]}'),('sorl-thumbnail||thumbnails||869cb799f6858f586f46c6d745c7db07','[\"35f5112d2762578e623311cf986d62f7\", \"a496f2deb2f8d464d93d9a26d501ce8d\", \"53e36baa3047830fdaedd0ea54f3d1b5\"]'),('sorl-thumbnail||image||998b08a025844474c00466ba78bc690e','{\"storage\": \"django.core.files.storage.FileSystemStorage\", \"name\": \"images/productimage-picture-agio-tip-filter-109.png\", \"size\": [600, 386]}'),('sorl-thumbnail||image||c35c8dddc385ca7460348ad534430f57','{\"storage\": \"django.core.files.storage.FileSystemStorage\", \"name\": \"cache/c6/9f/c69fe125899cc2f0b22ae3542ddb158a.png\", \"size\": [85, 55]}'),('sorl-thumbnail||thumbnails||998b08a025844474c00466ba78bc690e','[\"c35c8dddc385ca7460348ad534430f57\", \"7742c7b68caa549bc5c6771a0a7ec41d\", \"854dbc73b740b6dfbf2727c6dfc164ab\"]'),('sorl-thumbnail||image||854dbc73b740b6dfbf2727c6dfc164ab','{\"storage\": \"django.core.files.storage.FileSystemStorage\", \"name\": \"cache/15/c6/15c614b22411807e73b0466314a7cf64.png\", \"size\": [150, 97]}'),('sorl-thumbnail||image||4680b211f60ada6154cebb7ed1458f8d','{\"storage\": \"django.core.files.storage.FileSystemStorage\", \"name\": \"images/productimage-picture-maharis-brasil-110.png\", \"size\": [600, 386]}'),('sorl-thumbnail||image||f533cba30b01d7c4c686598fec056872','{\"storage\": \"django.core.files.storage.FileSystemStorage\", \"name\": \"cache/35/a6/35a622f4e019e3ae502c74bb32b2d1b4.png\", \"size\": [85, 55]}'),('sorl-thumbnail||thumbnails||4680b211f60ada6154cebb7ed1458f8d','[\"f533cba30b01d7c4c686598fec056872\", \"5d7ef48a4df2ce3ae4a393869ef7ec2b\", \"5bab1a5fb37de5f0227c75e454eec3be\"]'),('sorl-thumbnail||image||5bab1a5fb37de5f0227c75e454eec3be','{\"storage\": \"django.core.files.storage.FileSystemStorage\", \"name\": \"cache/36/32/3632f3559e193aeb7a675c69aa254f1a.png\", \"size\": [150, 97]}'),('sorl-thumbnail||image||5984b9712b16210c71c01233fe6ddbe4','{\"storage\": \"django.core.files.storage.FileSystemStorage\", \"name\": \"images/productimage-picture-maharis-ecuador-111.png\", \"size\": [600, 386]}'),('sorl-thumbnail||image||16d5566c51db98bdee253a1e354b26c6','{\"storage\": \"django.core.files.storage.FileSystemStorage\", \"name\": \"cache/9a/d1/9ad180f66858d7064526a36edfb8677d.png\", \"size\": [85, 55]}'),('sorl-thumbnail||thumbnails||5984b9712b16210c71c01233fe6ddbe4','[\"16d5566c51db98bdee253a1e354b26c6\", \"e775aab2c1db18d19a481aaa27cd0d44\", \"223377229ad861808259bacba5fa6eac\"]'),('sorl-thumbnail||image||6fb65661a30ac8daa682055f963f33ea','{\"storage\": \"django.core.files.storage.FileSystemStorage\", \"name\": \"images/productimage-picture-maharis-java-112.png\", \"size\": [600, 386]}'),('sorl-thumbnail||image||02cc629288b855b1dab191305a719bb0','{\"storage\": \"django.core.files.storage.FileSystemStorage\", \"name\": \"cache/c1/97/c197cc3fee32d168bfe0ab2723e6eaf5.png\", \"size\": [85, 55]}'),('sorl-thumbnail||thumbnails||6fb65661a30ac8daa682055f963f33ea','[\"ec4a22ec1ad0e9e87ead534747e3cb93\", \"7ce6db8d9000ee63b42a35104a13c0d6\", \"02cc629288b855b1dab191305a719bb0\"]'),('sorl-thumbnail||image||325a1eaa2b3ceb3d8ff6c164fca0f73b','{\"storage\": \"django.core.files.storage.FileSystemStorage\", \"name\": \"images/productimage-picture-maharis-sweet-orient-113.png\", \"size\": [600, 386]}'),('sorl-thumbnail||image||f991cd379015d6c7e8fb66166f7777f6','{\"storage\": \"django.core.files.storage.FileSystemStorage\", \"name\": \"cache/18/3f/183f0dcf27a4dfbfc3fba021b8559b7b.png\", \"size\": [85, 55]}'),('sorl-thumbnail||thumbnails||325a1eaa2b3ceb3d8ff6c164fca0f73b','[\"f991cd379015d6c7e8fb66166f7777f6\", \"6a5ea48a5afa2c5966086d2a5618801b\", \"e5efe740de20faba2344df3ca643ed5b\"]'),('sorl-thumbnail||image||f91802c3421871f07f1fa14850ee67e7','{\"storage\": \"django.core.files.storage.FileSystemStorage\", \"name\": \"images/productimage-picture-maharis-orient-filter-tin-115.png\", \"size\": [600, 386]}'),('sorl-thumbnail||image||d46e5732ceb1e7259f9e04593f53acb3','{\"storage\": \"django.core.files.storage.FileSystemStorage\", \"name\": \"cache/b7/c4/b7c4e141bcb945f00906f3d67f1551a2.png\", \"size\": [85, 55]}'),('sorl-thumbnail||thumbnails||f91802c3421871f07f1fa14850ee67e7','[\"5f7e533ca89a8f149e6c1ecb078f9aec\", \"f7ed2db5517b48e0f3d2483073eef3d4\", \"d46e5732ceb1e7259f9e04593f53acb3\"]'),('sorl-thumbnail||image||36a600bd1c292dce1b779ee6f230197f','{\"storage\": \"django.core.files.storage.FileSystemStorage\", \"name\": \"images/productimage-picture-mehari-s-sweet-orient-filter-114.png\", \"size\": [600, 386]}'),('sorl-thumbnail||image||f2e9704e10e733f92fbea7cb9d1e4cc5','{\"storage\": \"django.core.files.storage.FileSystemStorage\", \"name\": \"cache/00/e9/00e94b142d84cae6557b7df192842bd4.png\", \"size\": [85, 55]}'),('sorl-thumbnail||thumbnails||36a600bd1c292dce1b779ee6f230197f','[\"716ea74bc945863266ac48706489c4d4\", \"f2e9704e10e733f92fbea7cb9d1e4cc5\", \"55963756aab620300e50e558a7aba511\"]'),('sorl-thumbnail||image||f7ed2db5517b48e0f3d2483073eef3d4','{\"storage\": \"django.core.files.storage.FileSystemStorage\", \"name\": \"cache/ef/64/ef644ad92a038aae95400da90fd53b97.png\", \"size\": [150, 97]}'),('sorl-thumbnail||image||716ea74bc945863266ac48706489c4d4','{\"storage\": \"django.core.files.storage.FileSystemStorage\", \"name\": \"cache/5e/27/5e27e2052e1e7a9d6b283cb2abf9151e.png\", \"size\": [150, 97]}'),('sorl-thumbnail||image||53b4929415b3f2da61129d80bcdc67a7','{\"storage\": \"django.core.files.storage.FileSystemStorage\", \"name\": \"images/productimage-picture-panter-arome-116.png\", \"size\": [600, 386]}'),('sorl-thumbnail||image||12cb2963bbc4f6cc4fa02934eff9f234','{\"storage\": \"django.core.files.storage.FileSystemStorage\", \"name\": \"cache/0e/09/0e09de3fb66792dbcd65c4f204f350ec.png\", \"size\": [85, 55]}'),('sorl-thumbnail||thumbnails||53b4929415b3f2da61129d80bcdc67a7','[\"ad0ba8d4f3abdd7ce151b913be948356\", \"12cb2963bbc4f6cc4fa02934eff9f234\", \"19fccf6428f358c2de3b9ee11431ab77\"]'),('sorl-thumbnail||image||d4911fb0f3ee3891e6097255f8ee33bf','{\"storage\": \"django.core.files.storage.FileSystemStorage\", \"name\": \"images/productimage-picture-panter-blue-117.png\", \"size\": [600, 386]}'),('sorl-thumbnail||image||7f5d1cf661ad8979a881631e29baa8fd','{\"storage\": \"django.core.files.storage.FileSystemStorage\", \"name\": \"cache/3f/23/3f2386fbcc55a0ecb1b126f158611185.png\", \"size\": [85, 55]}'),('sorl-thumbnail||thumbnails||d4911fb0f3ee3891e6097255f8ee33bf','[\"c80cbcb37f435f835856e8413af4b9b3\", \"7f5d1cf661ad8979a881631e29baa8fd\", \"4d9211ae97e49d2f6b63cfbcfe6511b1\"]'),('sorl-thumbnail||image||90a8c5aee89610d8f455656ea928d31d','{\"storage\": \"django.core.files.storage.FileSystemStorage\", \"name\": \"images/productimage-picture-panter-small-118.png\", \"size\": [600, 386]}'),('sorl-thumbnail||image||6252b293eda6e56a1ec1072314591d46','{\"storage\": \"django.core.files.storage.FileSystemStorage\", \"name\": \"cache/1e/9b/1e9b477449a31a410cd054914d66a441.png\", \"size\": [85, 55]}'),('sorl-thumbnail||thumbnails||90a8c5aee89610d8f455656ea928d31d','[\"6252b293eda6e56a1ec1072314591d46\", \"d6bdb091d0ac438c2df7b72f8d3ed76d\"]'),('sorl-thumbnail||image||bb52b4c891821838d126529859760ed6','{\"storage\": \"django.core.files.storage.FileSystemStorage\", \"name\": \"images/productimage-picture-panter-sprint-119.png\", \"size\": [600, 386]}'),('sorl-thumbnail||image||8bcd7b80fae618014a7f0bc0a1dde95b','{\"storage\": \"django.core.files.storage.FileSystemStorage\", \"name\": \"cache/0c/ba/0cba204b72d85feb59dfd99bea75b424.png\", \"size\": [85, 55]}'),('sorl-thumbnail||thumbnails||bb52b4c891821838d126529859760ed6','[\"8bcd7b80fae618014a7f0bc0a1dde95b\", \"6a6aa1ae066288b03cc111e8270b3831\", \"98fd1e5fa2bba25d7cb067b0f7c6bbf4\"]'),('sorl-thumbnail||image||79f3114c7270e1c2c015535104b8f55e','{\"storage\": \"django.core.files.storage.FileSystemStorage\", \"name\": \"images/productimage-picture-panter-senioritas-120.png\", \"size\": [600, 386]}'),('sorl-thumbnail||image||74f36e4da59a5c24cad85278a7b10259','{\"storage\": \"django.core.files.storage.FileSystemStorage\", \"name\": \"cache/71/99/7199be945391299c9921547a35c9d3e1.png\", \"size\": [85, 55]}'),('sorl-thumbnail||thumbnails||79f3114c7270e1c2c015535104b8f55e','[\"df25ae25483f4a5d6cede8ff8f06c164\", \"74f36e4da59a5c24cad85278a7b10259\", \"eb39e0ad3a121c4ce308b2519792a677\"]'),('sorl-thumbnail||image||fc578102be3257ec67d9c8b37f1e1cfe','{\"storage\": \"django.core.files.storage.FileSystemStorage\", \"name\": \"images/productimage-picture-panter-dessert-filter-121.png\", \"size\": [600, 386]}'),('sorl-thumbnail||image||25b45e47e35ac2298c81173e23f13f12','{\"storage\": \"django.core.files.storage.FileSystemStorage\", \"name\": \"cache/9d/e3/9de39830abc08879df5585b7e8718f4d.png\", \"size\": [85, 55]}'),('sorl-thumbnail||thumbnails||fc578102be3257ec67d9c8b37f1e1cfe','[\"25b45e47e35ac2298c81173e23f13f12\", \"feb3163478a70977db3b8da13135b784\", \"8d00411d4f932260980629080f9a94b4\"]'),('sorl-thumbnail||image||feb3163478a70977db3b8da13135b784','{\"storage\": \"django.core.files.storage.FileSystemStorage\", \"name\": \"cache/4a/b3/4ab34bc6af7625b8d06b35010c05f96b.png\", \"size\": [150, 97]}'),('sorl-thumbnail||image||4d9211ae97e49d2f6b63cfbcfe6511b1','{\"storage\": \"django.core.files.storage.FileSystemStorage\", \"name\": \"cache/df/a9/dfa92e98c3a5da66d575aec29281da3f.png\", \"size\": [150, 97]}'),('sorl-thumbnail||image||fcfba04cc225f5b083c197e3299b4c48','{\"storage\": \"django.core.files.storage.FileSystemStorage\", \"name\": \"images/categoryimage-picture-villiger-81.png\", \"size\": [128, 90]}'),('sorl-thumbnail||image||84c2475b286a81411d1fb96a9b049f3b','{\"storage\": \"django.core.files.storage.FileSystemStorage\", \"name\": \"cache/6f/c9/6fc9f22a99a51de6eda0b73fb4bc5fcc.png\", \"size\": [128, 90]}'),('sorl-thumbnail||thumbnails||fcfba04cc225f5b083c197e3299b4c48','[\"84c2475b286a81411d1fb96a9b049f3b\"]'),('sorl-thumbnail||image||fa38c597bed8c2dfe19f85e4fab8689e','{\"storage\": \"django.core.files.storage.FileSystemStorage\", \"name\": \"images/productimage-picture-villiger-premium-honey-filter-122.png\", \"size\": [600, 386]}'),('sorl-thumbnail||image||102754f659e3569d65935644a50c6ea0','{\"storage\": \"django.core.files.storage.FileSystemStorage\", \"name\": \"cache/6c/8b/6c8b4467747c0eba8178b1806b949a1a.png\", \"size\": [85, 55]}'),('sorl-thumbnail||thumbnails||fa38c597bed8c2dfe19f85e4fab8689e','[\"102754f659e3569d65935644a50c6ea0\", \"ead208a568ef6b2a59500da332e35641\"]'),('sorl-thumbnail||image||43e0b11b45ac14a9c4242a4ea367aa30','{\"storage\": \"django.core.files.storage.FileSystemStorage\", \"name\": \"images/productimage-picture-villiger-premium-vanilla-filter-123.png\", \"size\": [600, 386]}'),('sorl-thumbnail||image||1e2b7c186966d42067eabbb97dd1d5c3','{\"storage\": \"django.core.files.storage.FileSystemStorage\", \"name\": \"cache/fe/5a/fe5abbf7efd53e5e3d727d0523acc047.png\", \"size\": [85, 55]}'),('sorl-thumbnail||thumbnails||43e0b11b45ac14a9c4242a4ea367aa30','[\"1e2b7c186966d42067eabbb97dd1d5c3\", \"1c5bb1b93a0fd061d5823f9c7a2fe913\"]'),('sorl-thumbnail||image||3ff1d602f780b59cfe5717e61a7f1e15','{\"storage\": \"django.core.files.storage.FileSystemStorage\", \"name\": \"images/productimage-picture-villiger-premium-cherry-filter-125.png\", \"size\": [600, 386]}'),('sorl-thumbnail||image||bea2044a764eac5b8826a07bf7f2a467','{\"storage\": \"django.core.files.storage.FileSystemStorage\", \"name\": \"cache/b0/05/b0055dd2c203f0f1c2909adbb9677214.png\", \"size\": [85, 55]}'),('sorl-thumbnail||thumbnails||3ff1d602f780b59cfe5717e61a7f1e15','[\"bea2044a764eac5b8826a07bf7f2a467\", \"40734b08eb3d79beeda9d2d7bb554cb1\", \"09d97d5186de778e6aa365dc10b89c3c\"]'),('sorl-thumbnail||image||85dbfb1d4c79214892c5a34f27a0b61c','{\"storage\": \"django.core.files.storage.FileSystemStorage\", \"name\": \"images/productimage-picture-villiger-premium-coffee-filter-126.png\", \"size\": [600, 386]}'),('sorl-thumbnail||image||7cebdecabf35ca871444d386a72267fe','{\"storage\": \"django.core.files.storage.FileSystemStorage\", \"name\": \"cache/c9/64/c9642bbd7e10c7f2732d047a55796920.png\", \"size\": [85, 55]}'),('sorl-thumbnail||thumbnails||85dbfb1d4c79214892c5a34f27a0b61c','[\"7cebdecabf35ca871444d386a72267fe\", \"2145c02fd6adb41eaa121ec110f4bcd9\"]'),('sorl-thumbnail||image||d3a25ce05110c5e35c423d97ce8010ce','{\"storage\": \"django.core.files.storage.FileSystemStorage\", \"name\": \"images/productimage-picture-villiger-premium-dark-chocolate-filter-127.png\", \"size\": [600, 386]}'),('sorl-thumbnail||image||86e9b10d50bc2ce9fcb0d72ae7497bad','{\"storage\": \"django.core.files.storage.FileSystemStorage\", \"name\": \"cache/9e/16/9e16d58083da796704801c33eb2cc794.png\", \"size\": [85, 55]}'),('sorl-thumbnail||thumbnails||d3a25ce05110c5e35c423d97ce8010ce','[\"86e9b10d50bc2ce9fcb0d72ae7497bad\", \"dc144d03d8b1a438d385920903d721da\"]'),('sorl-thumbnail||image||463d5af21ba5bf77bcf779863adff9c1','{\"storage\": \"django.core.files.storage.FileSystemStorage\", \"name\": \"images/productimage-picture-villiger-premium-whisky-filter-124.png\", \"size\": [600, 386]}'),('sorl-thumbnail||image||9b65fd9d69c69510a488653bd7aa1581','{\"storage\": \"django.core.files.storage.FileSystemStorage\", \"name\": \"cache/e2/b5/e2b5e23d6d76660b2f1d82f32dfbb8ff.png\", \"size\": [85, 55]}'),('sorl-thumbnail||thumbnails||463d5af21ba5bf77bcf779863adff9c1','[\"3a76376c9a9e0c30ed703f8c6c95e8c7\", \"9b65fd9d69c69510a488653bd7aa1581\"]'),('sorl-thumbnail||image||05adf3c12a46039c3aa2246cb8df8829','{\"storage\": \"django.core.files.storage.FileSystemStorage\", \"name\": \"images/productimage-picture-villiger-premium-n6-cherry-128.png\", \"size\": [600, 386]}'),('sorl-thumbnail||image||1b8faf0e0cfb7255ec4ec4b4e085b3b6','{\"storage\": \"django.core.files.storage.FileSystemStorage\", \"name\": \"cache/2a/b6/2ab69d61c9c08d9b7fc1875b483cc0db.png\", \"size\": [85, 55]}'),('sorl-thumbnail||thumbnails||05adf3c12a46039c3aa2246cb8df8829','[\"1b8faf0e0cfb7255ec4ec4b4e085b3b6\", \"83e500c6227327b4ed2508f5f46d0bf5\", \"a8d4d3162129d20f604668ffd264a623\"]'),('sorl-thumbnail||image||17c6b6d00ed29d5099e38d68bba7bccf','{\"storage\": \"django.core.files.storage.FileSystemStorage\", \"name\": \"images/productimage-picture-villiger-premium-n6-honey-129.png\", \"size\": [600, 386]}'),('sorl-thumbnail||image||6eaedfd175be999ed2cb57869d1cc1fd','{\"storage\": \"django.core.files.storage.FileSystemStorage\", \"name\": \"cache/eb/9d/eb9d159b3aba548b9d255fe054787e3d.png\", \"size\": [85, 55]}'),('sorl-thumbnail||thumbnails||17c6b6d00ed29d5099e38d68bba7bccf','[\"1aead61b6629ae90ab033027207cb454\", \"6eaedfd175be999ed2cb57869d1cc1fd\"]'),('sorl-thumbnail||image||e4ed527bdedd58f3b19740378be4ba83','{\"storage\": \"django.core.files.storage.FileSystemStorage\", \"name\": \"images/productimage-picture-villiger-rillos-130.png\", \"size\": [600, 386]}'),('sorl-thumbnail||image||c65367022abddbe9b83bcf3d1f6a2efb','{\"storage\": \"django.core.files.storage.FileSystemStorage\", \"name\": \"cache/21/12/2112a65a72ff9aefde1ff699e6d51fce.png\", \"size\": [85, 55]}'),('sorl-thumbnail||thumbnails||e4ed527bdedd58f3b19740378be4ba83','[\"c65367022abddbe9b83bcf3d1f6a2efb\", \"c7c3b7ac9976075ba9e75b3702c68cec\"]'),('sorl-thumbnail||image||09d97d5186de778e6aa365dc10b89c3c','{\"storage\": \"django.core.files.storage.FileSystemStorage\", \"name\": \"cache/e2/d2/e2d221cda24f590f4ae7480366a0b3fa.png\", \"size\": [150, 97]}'),('sorl-thumbnail||image||d8157e502ee5fb8de49a2e341943b143','{\"storage\": \"django.core.files.storage.FileSystemStorage\", \"name\": \"images/productimage-picture-villiger-premium-honey-131.png\", \"size\": [600, 386]}'),('sorl-thumbnail||image||bdd57b709d5c4866d84a13edfeaaa687','{\"storage\": \"django.core.files.storage.FileSystemStorage\", \"name\": \"cache/bf/b6/bfb627a0ed53ecf2c823f36480b840f9.png\", \"size\": [85, 55]}'),('sorl-thumbnail||thumbnails||d8157e502ee5fb8de49a2e341943b143','[\"60c454f909049add8a51fc7bebb03c8d\", \"bdd57b709d5c4866d84a13edfeaaa687\"]'),('sorl-thumbnail||image||97c3c6789abeaf8e7d5ec6250c7c5417','{\"storage\": \"django.core.files.storage.FileSystemStorage\", \"name\": \"images/productimage-picture-villiger-premium-vanilla-133.png\", \"size\": [600, 386]}'),('sorl-thumbnail||image||8d18d393c63be0f88e3aa3f970c88768','{\"storage\": \"django.core.files.storage.FileSystemStorage\", \"name\": \"cache/49/b6/49b6ef1a1c5f720f348c4f51076b14bd.png\", \"size\": [85, 55]}'),('sorl-thumbnail||thumbnails||97c3c6789abeaf8e7d5ec6250c7c5417','[\"82f9edefc34e36b9037c35563286693c\", \"8d18d393c63be0f88e3aa3f970c88768\"]'),('sorl-thumbnail||image||d81f249b22791434eac7211a45d0d718','{\"storage\": \"django.core.files.storage.FileSystemStorage\", \"name\": \"images/productimage-picture-villiger-premium-whisky-132.png\", \"size\": [600, 386]}'),('sorl-thumbnail||image||3909a32c68da830fc65a536014a1d2c4','{\"storage\": \"django.core.files.storage.FileSystemStorage\", \"name\": \"cache/6d/08/6d084cb07b05a6e3084bc480c37cc893.png\", \"size\": [85, 55]}'),('sorl-thumbnail||thumbnails||d81f249b22791434eac7211a45d0d718','[\"e3e816b65d7ca629238b03da018f43eb\", \"3909a32c68da830fc65a536014a1d2c4\"]'),('sorl-thumbnail||image||3a7e46b6e64534f80fc48a37fe5971e9','{\"storage\": \"django.core.files.storage.FileSystemStorage\", \"name\": \"images/productimage-picture-cohiba-mini-134.png\", \"size\": [600, 386]}'),('sorl-thumbnail||image||d2aae7528a860ea5ec8e974e2f1ce27b','{\"storage\": \"django.core.files.storage.FileSystemStorage\", \"name\": \"cache/d2/c7/d2c778e9bac5ae53380e0251e262f962.png\", \"size\": [85, 55]}'),('sorl-thumbnail||thumbnails||3a7e46b6e64534f80fc48a37fe5971e9','[\"0ff42c3748331e8a15604877fa516c3e\", \"d2aae7528a860ea5ec8e974e2f1ce27b\"]'),('sorl-thumbnail||image||d5133acdf45500835385161815ff6bfb','{\"storage\": \"django.core.files.storage.FileSystemStorage\", \"name\": \"images/productimage-picture-cohiba-club-1-135.png\", \"size\": [600, 386]}'),('sorl-thumbnail||image||cdf82749c32b72265c913fe5fca98737','{\"storage\": \"django.core.files.storage.FileSystemStorage\", \"name\": \"cache/d4/aa/d4aa580bc2d227a64e50e980a6ebdd5b.png\", \"size\": [85, 55]}'),('sorl-thumbnail||thumbnails||d5133acdf45500835385161815ff6bfb','[\"feffadfdddd508fb2bfb1a5120936f82\", \"0b0478fb69386e4caeca15ee913ba0fc\", \"cdf82749c32b72265c913fe5fca98737\"]'),('sorl-thumbnail||image||825376f2558db92e394b777af4124ba3','{\"storage\": \"django.core.files.storage.FileSystemStorage\", \"name\": \"images/productimage-picture-montecristo-club-1-137.png\", \"size\": [600, 386]}'),('sorl-thumbnail||image||591c661b092200345b09f3331c4fc511','{\"storage\": \"django.core.files.storage.FileSystemStorage\", \"name\": \"cache/b4/f7/b4f70c37a35b4d3fc29d334f8a061510.png\", \"size\": [85, 55]}'),('sorl-thumbnail||thumbnails||825376f2558db92e394b777af4124ba3','[\"21c3e7e05907efff4dfa33632b7f648b\", \"591c661b092200345b09f3331c4fc511\"]'),('sorl-thumbnail||image||f419144175a5238d82c08a53b3dcd88d','{\"storage\": \"django.core.files.storage.FileSystemStorage\", \"name\": \"images/productimage-picture-montecristo-mini-1-136.png\", \"size\": [600, 386]}'),('sorl-thumbnail||image||287420a9544d580c2e6b6d722c39e4a8','{\"storage\": \"django.core.files.storage.FileSystemStorage\", \"name\": \"cache/a0/77/a0779875be30ccfc691d885168434cb3.png\", \"size\": [85, 55]}'),('sorl-thumbnail||thumbnails||f419144175a5238d82c08a53b3dcd88d','[\"287420a9544d580c2e6b6d722c39e4a8\", \"04f30e8f66cfb57653f257b30f310e7a\"]'),('sorl-thumbnail||image||a4edc93f1cd59ddd6a549bf4c4c3a85c','{\"storage\": \"django.core.files.storage.FileSystemStorage\", \"name\": \"images/productimage-picture-partagas-club-1-139.png\", \"size\": [600, 386]}'),('sorl-thumbnail||image||ead6cf49947fda3e0b60c6a9ceb580c3','{\"storage\": \"django.core.files.storage.FileSystemStorage\", \"name\": \"cache/83/de/83debd8ad2f36e42de4d2f6027a0ec83.png\", \"size\": [85, 55]}'),('sorl-thumbnail||thumbnails||a4edc93f1cd59ddd6a549bf4c4c3a85c','[\"f112585b426a095ac756705dd5a69124\", \"ead6cf49947fda3e0b60c6a9ceb580c3\"]'),('sorl-thumbnail||image||5e80e83c44cff6425d07f48e8c7a45d8','{\"storage\": \"django.core.files.storage.FileSystemStorage\", \"name\": \"images/productimage-picture-partagas-mini-1-138.png\", \"size\": [600, 386]}'),('sorl-thumbnail||image||89d06541d28340a6f543e680e8d577ec','{\"storage\": \"django.core.files.storage.FileSystemStorage\", \"name\": \"cache/3b/3d/3b3d59ae2ccfc11834c5f4805a36d73f.png\", \"size\": [85, 55]}'),('sorl-thumbnail||thumbnails||5e80e83c44cff6425d07f48e8c7a45d8','[\"c55d4eb46afdd97b2e7e5aa1684e678b\", \"3fc68b845ff6862af6a6272cec9229c5\", \"89d06541d28340a6f543e680e8d577ec\"]'),('sorl-thumbnail||image||eab63cad9bf9eff6ebe77527f30b25fc','{\"storage\": \"django.core.files.storage.FileSystemStorage\", \"name\": \"images/productimage-picture-partagas-chicos-1-140.png\", \"size\": [600, 386]}'),('sorl-thumbnail||image||58c37084329f8b52a18faf58d61c6d3a','{\"storage\": \"django.core.files.storage.FileSystemStorage\", \"name\": \"cache/e0/49/e049c5d26082413f6612c8af03b8a023.png\", \"size\": [85, 55]}'),('sorl-thumbnail||thumbnails||eab63cad9bf9eff6ebe77527f30b25fc','[\"2d71da0e6484e52b22d0d75f137c9b80\", \"58c37084329f8b52a18faf58d61c6d3a\"]'),('sorl-thumbnail||image||05897c5d23e40fcdb2ec61791d10be07','{\"storage\": \"django.core.files.storage.FileSystemStorage\", \"name\": \"images/productimage-picture-romeo-y-julieta-club-1-141.png\", \"size\": [600, 386]}'),('sorl-thumbnail||image||8d2cab0a6620cdc806b6406d24dd8d21','{\"storage\": \"django.core.files.storage.FileSystemStorage\", \"name\": \"cache/b7/db/b7dbbfb4c91d434cd2d3f27d510725f4.png\", \"size\": [85, 55]}'),('sorl-thumbnail||thumbnails||05897c5d23e40fcdb2ec61791d10be07','[\"295442dbc2dd91a0a004dce1e7294c94\", \"8d2cab0a6620cdc806b6406d24dd8d21\"]'),('sorl-thumbnail||image||954eea05dc700f1c552b4dbb0027015b','{\"storage\": \"django.core.files.storage.FileSystemStorage\", \"name\": \"images/productimage-picture-romeo-y-julieta-puritos-142.png\", \"size\": [600, 386]}'),('sorl-thumbnail||image||c48a78309b34c522f263f0360ada2247','{\"storage\": \"django.core.files.storage.FileSystemStorage\", \"name\": \"cache/4c/e7/4ce7774d7ef361f8c3eef722cc5fb6bb.png\", \"size\": [85, 55]}'),('sorl-thumbnail||thumbnails||954eea05dc700f1c552b4dbb0027015b','[\"ce32381233910e84f8ba582a485a25c1\", \"c48a78309b34c522f263f0360ada2247\", \"f6a02aa0b513ab489d099bffc87bd927\"]'),('sorl-thumbnail||image||99c782149da2e0478aa5024012f6cb5b','{\"storage\": \"django.core.files.storage.FileSystemStorage\", \"name\": \"images/productimage-picture-clan-aromatic-143.png\", \"size\": [600, 386]}'),('sorl-thumbnail||image||adc12c3e5d8ae108a5a4337df175d0ec','{\"storage\": \"django.core.files.storage.FileSystemStorage\", \"name\": \"cache/16/a8/16a8c4b0a60cd941b914abfccc707e4a.png\", \"size\": [85, 55]}'),('sorl-thumbnail||thumbnails||99c782149da2e0478aa5024012f6cb5b','[\"adc12c3e5d8ae108a5a4337df175d0ec\", \"00e295f9f7b06b400ddb4353edbab4cc\", \"f9ffe2c504c13f01fe388598cb6f6a25\"]'),('sorl-thumbnail||image||54b35df7f164125c1b3494e73c2879ef','{\"storage\": \"django.core.files.storage.FileSystemStorage\", \"name\": \"images/productimage-picture-clan-fine-aromatic-10.png\", \"size\": [600, 386]}'),('sorl-thumbnail||image||736afee259708783f9af39498316aac6','{\"storage\": \"django.core.files.storage.FileSystemStorage\", \"name\": \"cache/86/83/8683056a9404eb9a606305e319ef508f.png\", \"size\": [85, 55]}'),('sorl-thumbnail||thumbnails||54b35df7f164125c1b3494e73c2879ef','[\"90ce815a7dc697dc1b8891fc08160178\", \"736afee259708783f9af39498316aac6\", \"6e3a5ce2ddadd9bd26b9c3b676a5c399\"]'),('sorl-thumbnail||image||5b440798b1117686d1dd09ea201c3ad2','{\"storage\": \"django.core.files.storage.FileSystemStorage\", \"name\": \"images/productimage-picture-clan-highland-gold-9.png\", \"size\": [600, 386]}'),('sorl-thumbnail||image||a7341550f80562f8686f538724ab6ec1','{\"storage\": \"django.core.files.storage.FileSystemStorage\", \"name\": \"cache/69/85/69850a6c3f5bfb6ee858128bef6b63a2.png\", \"size\": [85, 55]}'),('sorl-thumbnail||thumbnails||5b440798b1117686d1dd09ea201c3ad2','[\"a7341550f80562f8686f538724ab6ec1\", \"74d4a8fc8cb317aa826fe4e302297c00\", \"cfc03b9cfeda16a9f9933bc5bef6d581\"]'),('sorl-thumbnail||image||cfc03b9cfeda16a9f9933bc5bef6d581','{\"storage\": \"django.core.files.storage.FileSystemStorage\", \"name\": \"cache/d8/b9/d8b9d9b76b724e97b888f728785c3410.png\", \"size\": [150, 97]}'),('sorl-thumbnail||image||f9ffe2c504c13f01fe388598cb6f6a25','{\"storage\": \"django.core.files.storage.FileSystemStorage\", \"name\": \"cache/3f/9d/3f9df5796a1bbeb5b3436642f16a4c60.png\", \"size\": [150, 97]}'),('sorl-thumbnail||image||d98d832195008f13cd543802270ef0c9','{\"storage\": \"django.core.files.storage.FileSystemStorage\", \"name\": \"images/productimage-picture-w-o-larsen-1864-144.png\", \"size\": [600, 386]}'),('sorl-thumbnail||image||a17dd4b2b50937ace5fcdeadf493ff1c','{\"storage\": \"django.core.files.storage.FileSystemStorage\", \"name\": \"cache/0b/53/0b53b130883e22156fd400ead1f107e7.png\", \"size\": [85, 55]}'),('sorl-thumbnail||thumbnails||d98d832195008f13cd543802270ef0c9','[\"a17dd4b2b50937ace5fcdeadf493ff1c\", \"783dcc140d6efd327139be4c897f23d9\", \"769e0a63393252e8d76b06b6bd806cbf\"]'),('sorl-thumbnail||image||21b5d3b1eae24b56ea59128c12e6e68f','{\"storage\": \"django.core.files.storage.FileSystemStorage\", \"name\": \"images/productimage-picture-w-o-larsen-classic-145.png\", \"size\": [600, 386]}'),('sorl-thumbnail||image||275e6a2c541265cbdb17ce3b97a5d8aa','{\"storage\": \"django.core.files.storage.FileSystemStorage\", \"name\": \"cache/a0/a3/a0a3bb57ef34783eb7c937ff2a4544dc.png\", \"size\": [85, 55]}'),('sorl-thumbnail||thumbnails||21b5d3b1eae24b56ea59128c12e6e68f','[\"275e6a2c541265cbdb17ce3b97a5d8aa\", \"5ca1ed3f0516c8d363a1f48583553814\", \"660ac5bf03aff8aa7f830a54c9f0b7e9\"]'),('sorl-thumbnail||image||6dd1b9d178f82d0b79bdffc7a3d0d38e','{\"storage\": \"django.core.files.storage.FileSystemStorage\", \"name\": \"images/productimage-picture-w-o-larsen-old-fashioned-147.png\", \"size\": [600, 386]}'),('sorl-thumbnail||image||e8994269c4d6ef90c0c453447e1fef95','{\"storage\": \"django.core.files.storage.FileSystemStorage\", \"name\": \"cache/cd/69/cd691835dacc2c4d76211e177653e09b.png\", \"size\": [85, 55]}'),('sorl-thumbnail||thumbnails||6dd1b9d178f82d0b79bdffc7a3d0d38e','[\"46546ee6e7fca39b6f3f788b5d310a08\", \"e8994269c4d6ef90c0c453447e1fef95\", \"99ab069e3a1c5082a739ae7de35b7c76\"]'),('sorl-thumbnail||image||bf9f8102022178269bbf0e801af2de81','{\"storage\": \"django.core.files.storage.FileSystemStorage\", \"name\": \"images/productimage-picture-w-o-larsen-signature-146.png\", \"size\": [600, 386]}'),('sorl-thumbnail||image||b2de8aed74039f81d39846dc5757283a','{\"storage\": \"django.core.files.storage.FileSystemStorage\", \"name\": \"cache/2a/22/2a22938f7e465ee9ab867e0048c75e7d.png\", \"size\": [85, 55]}'),('sorl-thumbnail||thumbnails||bf9f8102022178269bbf0e801af2de81','[\"5ab53909ff3d8033c9cb775ebb6749cd\", \"697c562e016f3de85d9313d6a6a5030b\", \"b2de8aed74039f81d39846dc5757283a\"]'),('sorl-thumbnail||image||99ab069e3a1c5082a739ae7de35b7c76','{\"storage\": \"django.core.files.storage.FileSystemStorage\", \"name\": \"cache/1e/80/1e800ea156327b84b51f11b9d4056833.png\", \"size\": [150, 97]}'),('sorl-thumbnail||image||79b2735ddff740172ae3ab0d1bd809d8','{\"storage\": \"django.core.files.storage.FileSystemStorage\", \"name\": \"images/productimage-picture-stanwell-classic-148.png\", \"size\": [600, 386]}'),('sorl-thumbnail||image||6f90ca222c69b7d382c81fa341c5fa51','{\"storage\": \"django.core.files.storage.FileSystemStorage\", \"name\": \"cache/80/ae/80aeae57b99420e6fae00a8d8819b50c.png\", \"size\": [85, 55]}'),('sorl-thumbnail||thumbnails||79b2735ddff740172ae3ab0d1bd809d8','[\"8e12e6b834106553eb16262846bcdbcf\", \"6f90ca222c69b7d382c81fa341c5fa51\", \"f8cf1bd4b0cd8563d25b795adaeb73e9\"]'),('sorl-thumbnail||image||b6840ce962bdfb46f402d89b3ad96622','{\"storage\": \"django.core.files.storage.FileSystemStorage\", \"name\": \"images/productimage-picture-stanwell-full-aroma-149.png\", \"size\": [600, 386]}'),('sorl-thumbnail||image||862e892134853995db633d54784d6208','{\"storage\": \"django.core.files.storage.FileSystemStorage\", \"name\": \"cache/ba/46/ba46b7e85413bbb5efdd48cc4a518558.png\", \"size\": [85, 55]}'),('sorl-thumbnail||thumbnails||b6840ce962bdfb46f402d89b3ad96622','[\"1e5fc61b871b04f284e34755f6d0e498\", \"862e892134853995db633d54784d6208\", \"7ecc9485cfa3c400b4eafa9f88e99697\"]'),('sorl-thumbnail||image||3ee0f2ef6fe56e1fdb20b99fdcbaa7c1','{\"storage\": \"django.core.files.storage.FileSystemStorage\", \"name\": \"images/productimage-picture-stanwell-melange-150.png\", \"size\": [600, 386]}'),('sorl-thumbnail||image||2292055ee1c61d63d32183f9967381ba','{\"storage\": \"django.core.files.storage.FileSystemStorage\", \"name\": \"cache/7c/f9/7cf9006552cb815fc237ea86bf0b36e5.png\", \"size\": [85, 55]}'),('sorl-thumbnail||thumbnails||3ee0f2ef6fe56e1fdb20b99fdcbaa7c1','[\"91efc13e7ddea6f59dcd91e8b55d9e33\", \"8eb8579d22eb1f811cdc52244f7cef25\", \"2292055ee1c61d63d32183f9967381ba\"]'),('sorl-thumbnail||image||36e8c32f907e2dc0fa45c6f339df241b','{\"storage\": \"django.core.files.storage.FileSystemStorage\", \"name\": \"images/productimage-picture-stanwell-vanilla-151.png\", \"size\": [600, 386]}'),('sorl-thumbnail||image||2fb2d7a470eea72739f7b6fbc7ba992d','{\"storage\": \"django.core.files.storage.FileSystemStorage\", \"name\": \"cache/70/b3/70b3af088ff42a7d6e9f9a0276ac02be.png\", \"size\": [85, 55]}'),('sorl-thumbnail||thumbnails||36e8c32f907e2dc0fa45c6f339df241b','[\"18f497518030d347f9e12f9ca6ead172\", \"7b655fc2912f51f00a9e04ecb324dda4\", \"2fb2d7a470eea72739f7b6fbc7ba992d\"]'),('sorl-thumbnail||image||7ecc9485cfa3c400b4eafa9f88e99697','{\"storage\": \"django.core.files.storage.FileSystemStorage\", \"name\": \"cache/44/6d/446d3cc90729a554e524267e0f348f45.png\", \"size\": [150, 97]}'),('sorl-thumbnail||image||12cce433bc867c2b973442331c943591','{\"storage\": \"django.core.files.storage.FileSystemStorage\", \"name\": \"images/productimage-picture-alsbo-black-152.jpg\", \"size\": [1100, 2054]}'),('sorl-thumbnail||image||821457329728975ea6e48be624994cf0','{\"storage\": \"django.core.files.storage.FileSystemStorage\", \"name\": \"cache/49/ad/49ad70628c3706650161077acbcbcce5.png\", \"size\": [46, 85]}'),('sorl-thumbnail||thumbnails||12cce433bc867c2b973442331c943591','[\"821457329728975ea6e48be624994cf0\"]'),('sorl-thumbnail||image||fa315d4b98a4cfb2e4c8887f7ccfd1ae','{\"storage\": \"django.core.files.storage.FileSystemStorage\", \"name\": \"images/productimage-picture-alsbo-black-152.png\", \"size\": [600, 386]}'),('sorl-thumbnail||image||4338569d36032ebd3030617593f19332','{\"storage\": \"django.core.files.storage.FileSystemStorage\", \"name\": \"cache/f0/d5/f0d56987bb106f388c69209922b9bd86.png\", \"size\": [85, 55]}'),('sorl-thumbnail||thumbnails||fa315d4b98a4cfb2e4c8887f7ccfd1ae','[\"1e64b4b2faf4f499bfa8362812a229b9\", \"4338569d36032ebd3030617593f19332\", \"285a35199e799598bd781f8f79e4e05c\"]'),('sorl-thumbnail||image||76b666e8cc277c15830023b476774093','{\"storage\": \"django.core.files.storage.FileSystemStorage\", \"name\": \"images/productimage-picture-erinmore-mixture-153.png\", \"size\": [600, 386]}'),('sorl-thumbnail||image||ec3cd297c426884f1401f142d0e30b6a','{\"storage\": \"django.core.files.storage.FileSystemStorage\", \"name\": \"cache/ca/45/ca45e64d365899d253c13a648fb821e9.png\", \"size\": [85, 55]}'),('sorl-thumbnail||thumbnails||76b666e8cc277c15830023b476774093','[\"ec3cd297c426884f1401f142d0e30b6a\", \"d482f51fa578ad2e80b71fa9794f10a2\", \"cf4660e0c720772ecbcfb149388c8e14\"]'),('sorl-thumbnail||image||d482f51fa578ad2e80b71fa9794f10a2','{\"storage\": \"django.core.files.storage.FileSystemStorage\", \"name\": \"cache/99/fe/99fe0bf15dbcaa626565097a8021b48d.png\", \"size\": [150, 97]}'),('sorl-thumbnail||image||01bdf3b5aa777b24f9169ba44a619410','{\"storage\": \"django.core.files.storage.FileSystemStorage\", \"name\": \"images/productimage-picture-colts-american-mixture-154.png\", \"size\": [600, 386]}'),('sorl-thumbnail||image||e0671593013bba536cb026bb780a71ba','{\"storage\": \"django.core.files.storage.FileSystemStorage\", \"name\": \"cache/5a/63/5a63a198fab3367a1023708c9b6218c4.png\", \"size\": [85, 55]}'),('sorl-thumbnail||thumbnails||01bdf3b5aa777b24f9169ba44a619410','[\"b9431294e4f4677ce9ae130ccaf34b40\", \"e0671593013bba536cb026bb780a71ba\", \"412ac7c1b211c6443154f7b23e93c9a0\"]'),('sorl-thumbnail||image||47ade47660f8970de3d47fa12fba5121','{\"storage\": \"django.core.files.storage.FileSystemStorage\", \"name\": \"images/productimage-picture-colts-gold-deluxe-155.png\", \"size\": [600, 386]}'),('sorl-thumbnail||image||abe04e52a4a8f754cf2be3becacc1f75','{\"storage\": \"django.core.files.storage.FileSystemStorage\", \"name\": \"cache/88/a8/88a860785bf8a0ec890b5293965d2d03.png\", \"size\": [85, 55]}'),('sorl-thumbnail||thumbnails||47ade47660f8970de3d47fa12fba5121','[\"d96c6c87a899aaf586eba09b3c43b246\", \"a8e4d6301a341fc207073bb29ce43f44\", \"abe04e52a4a8f754cf2be3becacc1f75\"]'),('sorl-thumbnail||image||d96c6c87a899aaf586eba09b3c43b246','{\"storage\": \"django.core.files.storage.FileSystemStorage\", \"name\": \"cache/8c/87/8c8796a94718862da9e4a97ff89d6034.png\", \"size\": [150, 97]}'),('sorl-thumbnail||image||b9431294e4f4677ce9ae130ccaf34b40','{\"storage\": \"django.core.files.storage.FileSystemStorage\", \"name\": \"cache/bf/91/bf911393f8454b1ce3da9ab8715a5f2b.png\", \"size\": [150, 97]}'),('sorl-thumbnail||image||154c036480921af08eb3a28c8e083c3f','{\"storage\": \"django.core.files.storage.FileSystemStorage\", \"name\": \"images/productimage-picture-aromatic-choice-157.png\", \"size\": [600, 386]}'),('sorl-thumbnail||image||1ae03fbb194993f2487bf23c504582ef','{\"storage\": \"django.core.files.storage.FileSystemStorage\", \"name\": \"cache/ac/f2/acf2c8139cb4fb8f44e67e32c55309c3.png\", \"size\": [85, 55]}'),('sorl-thumbnail||thumbnails||154c036480921af08eb3a28c8e083c3f','[\"89000cdcbd7d507536c2133f8813a35e\", \"1ae03fbb194993f2487bf23c504582ef\", \"79193f765b75ddfd4c4644d1af59b050\"]'),('sorl-thumbnail||image||42a617c0be3558ab3c9cbea1612791af','{\"storage\": \"django.core.files.storage.FileSystemStorage\", \"name\": \"images/productimage-picture-original-choice-156.png\", \"size\": [600, 386]}'),('sorl-thumbnail||image||c6f76269c997e016de2c1318369f6cd0','{\"storage\": \"django.core.files.storage.FileSystemStorage\", \"name\": \"cache/70/c1/70c1f524c726e34afeab1696043f0856.png\", \"size\": [85, 55]}'),('sorl-thumbnail||thumbnails||42a617c0be3558ab3c9cbea1612791af','[\"cc842177e1320486c2d502341e37df14\", \"7d2e93a4b5797f1a1456325ec01271c3\", \"c6f76269c997e016de2c1318369f6cd0\"]'),('sorl-thumbnail||image||79193f765b75ddfd4c4644d1af59b050','{\"storage\": \"django.core.files.storage.FileSystemStorage\", \"name\": \"cache/e9/3b/e93b91b4df1f6483730e1a608e144114.png\", \"size\": [150, 97]}'),('sorl-thumbnail||image||e18ea4c131f453cdc081eec3b16da5cc','{\"storage\": \"django.core.files.storage.FileSystemStorage\", \"name\": \"images/productimage-picture-golden-ambrosia-158.png\", \"size\": [600, 386]}'),('sorl-thumbnail||image||34b7857286292684a38eaa87efd62efe','{\"storage\": \"django.core.files.storage.FileSystemStorage\", \"name\": \"cache/b2/26/b226319efef3d51131ccaf77e6ee9e31.png\", \"size\": [85, 55]}'),('sorl-thumbnail||thumbnails||e18ea4c131f453cdc081eec3b16da5cc','[\"f93fd4d7f4fc7f996188115a216d2beb\", \"34b7857286292684a38eaa87efd62efe\", \"d3fdb2f840626dcf8e179e752ebb5569\"]'),('sorl-thumbnail||image||7ae43cd665c9e1bac454f1102fadc7c3','{\"storage\": \"django.core.files.storage.FileSystemStorage\", \"name\": \"images/productimage-picture-black-ambrosia-159.png\", \"size\": [600, 386]}'),('sorl-thumbnail||image||00f299b8d3f831fec0965fd40030d017','{\"storage\": \"django.core.files.storage.FileSystemStorage\", \"name\": \"cache/cf/40/cf4079abbee618fab46e4026966c010c.png\", \"size\": [85, 55]}'),('sorl-thumbnail||thumbnails||7ae43cd665c9e1bac454f1102fadc7c3','[\"00f299b8d3f831fec0965fd40030d017\", \"45940c6abd15571c105c34a292dbf61d\", \"909a9a849b1593712d9be4f2393b65a5\"]'),('sorl-thumbnail||image||35aa1ea298c9e0a7608260572eff3023','{\"storage\": \"django.core.files.storage.FileSystemStorage\", \"name\": \"images/productimage-picture-cherry-ambrosia-160.png\", \"size\": [600, 386]}'),('sorl-thumbnail||image||6ce4b601dd25cf11ddbbf63d838fad60','{\"storage\": \"django.core.files.storage.FileSystemStorage\", \"name\": \"cache/57/d7/57d74a043a486122186a61b568b54d41.png\", \"size\": [85, 55]}'),('sorl-thumbnail||thumbnails||35aa1ea298c9e0a7608260572eff3023','[\"c134781909631076b933001b0fbc81c6\", \"6ce4b601dd25cf11ddbbf63d838fad60\", \"f3c30f0b803ae8eaf9888256dc348e68\"]'),('sorl-thumbnail||image||c134781909631076b933001b0fbc81c6','{\"storage\": \"django.core.files.storage.FileSystemStorage\", \"name\": \"cache/78/ed/78edf2937ce5b31202baaac91e953188.png\", \"size\": [150, 97]}'),('sorl-thumbnail||image||909a9a849b1593712d9be4f2393b65a5','{\"storage\": \"django.core.files.storage.FileSystemStorage\", \"name\": \"cache/75/6a/756a149cf698b823b633abd90eebf3cd.png\", \"size\": [150, 97]}'),('sorl-thumbnail||image||f93fd4d7f4fc7f996188115a216d2beb','{\"storage\": \"django.core.files.storage.FileSystemStorage\", \"name\": \"cache/2a/27/2a273163cbf8ff9a7ac53119d46965e5.png\", \"size\": [150, 97]}'),('sorl-thumbnail||image||a2d5ed7052c177d20a752a47b37a2b1f','{\"storage\": \"django.core.files.storage.FileSystemStorage\", \"name\": \"images/productimage-picture-7-seas-gold-blend-161.png\", \"size\": [600, 386]}'),('sorl-thumbnail||image||3f43b6f58a42da655ff64816f2f69d1c','{\"storage\": \"django.core.files.storage.FileSystemStorage\", \"name\": \"cache/fc/f8/fcf8f59c00e6718c2de342dab4a7a45b.png\", \"size\": [85, 55]}'),('sorl-thumbnail||thumbnails||a2d5ed7052c177d20a752a47b37a2b1f','[\"424f5461572c7fec432cb6dfa0e733ed\", \"3f43b6f58a42da655ff64816f2f69d1c\", \"3de43d35ac859755755784142b1d7459\"]'),('sorl-thumbnail||image||85f9853336ae20409f88ffbb80e8f886','{\"storage\": \"django.core.files.storage.FileSystemStorage\", \"name\": \"images/productimage-picture-7-seas-regular-blend-162.png\", \"size\": [600, 386]}'),('sorl-thumbnail||image||239f25f3d8cd296d98c01c3ed693663f','{\"storage\": \"django.core.files.storage.FileSystemStorage\", \"name\": \"cache/e3/6f/e36f33b6916e088ab26c762ab17a01da.png\", \"size\": [85, 55]}'),('sorl-thumbnail||thumbnails||85f9853336ae20409f88ffbb80e8f886','[\"239f25f3d8cd296d98c01c3ed693663f\", \"74f2c65648723c570a95a1775f70c44c\", \"42de3e4d6c32dd65121cef9727df1465\"]'),('sorl-thumbnail||image||0eb92cba4371c5999432882dc00d3f46','{\"storage\": \"django.core.files.storage.FileSystemStorage\", \"name\": \"images/productimage-picture-7-seas-royal-blend-163.png\", \"size\": [600, 386]}'),('sorl-thumbnail||image||870946c56f95aa5307fbe8887727c52b','{\"storage\": \"django.core.files.storage.FileSystemStorage\", \"name\": \"cache/a0/2d/a02dd598c4841cbecb4e4e193c3682e8.png\", \"size\": [85, 55]}'),('sorl-thumbnail||thumbnails||0eb92cba4371c5999432882dc00d3f46','[\"a93379eaa531be7e6b11c7b9d4436b18\", \"070405830a6e54d1b96df0c542836986\", \"870946c56f95aa5307fbe8887727c52b\"]'),('sorl-thumbnail||image||a93379eaa531be7e6b11c7b9d4436b18','{\"storage\": \"django.core.files.storage.FileSystemStorage\", \"name\": \"cache/74/0f/740fc71b646b464aa897fd3735c32e9d.png\", \"size\": [150, 97]}'),('sorl-thumbnail||image||1c9f75cd052c25fb3441f3bcfabc81d9','{\"storage\": \"django.core.files.storage.FileSystemStorage\", \"name\": \"images/productimage-picture-velvet-green-165.png\", \"size\": [600, 386]}'),('sorl-thumbnail||image||b24ae3d6e35986d59455a85c223ad4f8','{\"storage\": \"django.core.files.storage.FileSystemStorage\", \"name\": \"cache/54/cf/54cfefc999b9aebc9505694ee77754a0.png\", \"size\": [85, 55]}'),('sorl-thumbnail||thumbnails||1c9f75cd052c25fb3441f3bcfabc81d9','[\"df5cb60037aa115d0950ac02da3b6bf3\", \"b24ae3d6e35986d59455a85c223ad4f8\", \"bb56a6d3f21c9acc2f68e437c51ad485\"]'),('sorl-thumbnail||image||20ae099897ad81d12ec021dd0d01702b','{\"storage\": \"django.core.files.storage.FileSystemStorage\", \"name\": \"images/productimage-picture-velvet-red-164.png\", \"size\": [600, 386]}'),('sorl-thumbnail||image||9620ad6408119d71b9507b82d944a7b3','{\"storage\": \"django.core.files.storage.FileSystemStorage\", \"name\": \"cache/b9/90/b990f0e352ff48a7654b82fdbf4f4f75.png\", \"size\": [85, 55]}'),('sorl-thumbnail||thumbnails||20ae099897ad81d12ec021dd0d01702b','[\"2d53ea46cbd1258efdd03d46918d4d78\", \"9620ad6408119d71b9507b82d944a7b3\", \"259759ad222b56d35b3677f4f90cb97c\"]'),('sorl-thumbnail||image||a3db511e0a99a32d23af0b3c7755b7a7','{\"storage\": \"django.core.files.storage.FileSystemStorage\", \"name\": \"images/productimage-picture-bali-shag-halfzware-166.png\", \"size\": [600, 386]}'),('sorl-thumbnail||image||c59abc41a6704aea2f0c491491a8e529','{\"storage\": \"django.core.files.storage.FileSystemStorage\", \"name\": \"cache/f3/80/f380a90d6a62c1c245bca27d9e33b322.png\", \"size\": [85, 55]}'),('sorl-thumbnail||thumbnails||a3db511e0a99a32d23af0b3c7755b7a7','[\"c59abc41a6704aea2f0c491491a8e529\", \"11a8de2f5caa0887f0f92898ed29de86\", \"0b793457143becb5fb41ea58238fc2c4\"]'),('sorl-thumbnail||image||174c55b3df152fe5071592bbe9ed6329','{\"storage\": \"django.core.files.storage.FileSystemStorage\", \"name\": \"images/productimage-picture-bali-shag-mellow-taste-virginia-167.png\", \"size\": [600, 386]}'),('sorl-thumbnail||image||c5479005ce04f5dfc37b767feac62618','{\"storage\": \"django.core.files.storage.FileSystemStorage\", \"name\": \"cache/12/fb/12fb3d64077c713a54cf39f096f23ba2.png\", \"size\": [85, 55]}'),('sorl-thumbnail||thumbnails||174c55b3df152fe5071592bbe9ed6329','[\"404017a4292efcbe160c30099ad7a6c3\", \"901f7598f963a4c4b35834a1d566eb06\", \"c5479005ce04f5dfc37b767feac62618\"]'),('sorl-thumbnail||image||3937c5b04ffb54b2fd2d4942c1d86759','{\"storage\": \"django.core.files.storage.FileSystemStorage\", \"name\": \"images/productimage-picture-bali-shag-rounded-virginia-168.png\", \"size\": [600, 386]}'),('sorl-thumbnail||image||f3442133a25919c06437a8b7c20015bb','{\"storage\": \"django.core.files.storage.FileSystemStorage\", \"name\": \"cache/6c/75/6c7558258132d24c075a0f8abf19ca63.png\", \"size\": [85, 55]}'),('sorl-thumbnail||thumbnails||3937c5b04ffb54b2fd2d4942c1d86759','[\"9aeb9bd753c0f434daa505548741d8d0\", \"f3442133a25919c06437a8b7c20015bb\", \"882d4bc3fd52c680564eda1dad2ad0ee\"]'),('sorl-thumbnail||image||30731877932654913caebf1a3a116cd3','{\"storage\": \"django.core.files.storage.FileSystemStorage\", \"name\": \"images/productimage-picture-classic-blue-bright-red-tin-169.png\", \"size\": [600, 386]}'),('sorl-thumbnail||image||0ea6eb110c3a2202894ca90dffed63b8','{\"storage\": \"django.core.files.storage.FileSystemStorage\", \"name\": \"cache/56/f0/56f033758eea9ccfc03f9e95bc2d452e.png\", \"size\": [85, 55]}'),('sorl-thumbnail||thumbnails||30731877932654913caebf1a3a116cd3','[\"451f3bfb3241dcbcb2b3a550adc97264\", \"0ea6eb110c3a2202894ca90dffed63b8\", \"f30d71f2b0cd70d727d16ad494b13bb7\"]'),('sorl-thumbnail||image||50f1c72576d07023780f86f44712b9b0','{\"storage\": \"django.core.files.storage.FileSystemStorage\", \"name\": \"images/productimage-picture-classic-red-170.png\", \"size\": [600, 386]}'),('sorl-thumbnail||image||c2df75168be1b06dff6571de4904b804','{\"storage\": \"django.core.files.storage.FileSystemStorage\", \"name\": \"cache/6b/3d/6b3d1daf39d7462203f99e64e669c21d.png\", \"size\": [85, 55]}'),('sorl-thumbnail||thumbnails||50f1c72576d07023780f86f44712b9b0','[\"c2df75168be1b06dff6571de4904b804\", \"ecc842355afcd97ed21f3af94aa9d488\", \"460af9953b3b801895047c30c4d1b409\"]'),('sorl-thumbnail||image||12dd5432a0c0d788f98358bd1f9270b6','{\"storage\": \"django.core.files.storage.FileSystemStorage\", \"name\": \"images/productimage-picture-classic-blue-tin-171.png\", \"size\": [600, 386]}'),('sorl-thumbnail||image||f5af6a34679133c310fdc1a443104bea','{\"storage\": \"django.core.files.storage.FileSystemStorage\", \"name\": \"cache/b3/d3/b3d3faaa90f2906a88a16f27788981d8.png\", \"size\": [85, 55]}'),('sorl-thumbnail||thumbnails||12dd5432a0c0d788f98358bd1f9270b6','[\"6524c6b81ca8286792812880ac319d12\", \"f5af6a34679133c310fdc1a443104bea\", \"3b3627cb5ddb53f261c74d333395cb59\"]'),('sorl-thumbnail||image||e3abbff778ffa0c67a7168144a448307','{\"storage\": \"django.core.files.storage.FileSystemStorage\", \"name\": \"images/productimage-picture-classic-blue-172.png\", \"size\": [600, 386]}'),('sorl-thumbnail||image||c84ddfaefab3457d1b5846099119a1f9','{\"storage\": \"django.core.files.storage.FileSystemStorage\", \"name\": \"cache/35/6e/356e5523a896685eff2e5be9cbc342ff.png\", \"size\": [85, 55]}'),('sorl-thumbnail||thumbnails||e3abbff778ffa0c67a7168144a448307','[\"c84ddfaefab3457d1b5846099119a1f9\", \"8940dfc75c94cfff82f5183cfe9dca35\", \"e929318c662aee9b0d34cc3d67e8be32\"]'),('sorl-thumbnail||image||3b3627cb5ddb53f261c74d333395cb59','{\"storage\": \"django.core.files.storage.FileSystemStorage\", \"name\": \"cache/55/70/55705ccbf6dc5199853748de458c8015.png\", \"size\": [150, 97]}'),('sorl-thumbnail||image||1e64b4b2faf4f499bfa8362812a229b9','{\"storage\": \"django.core.files.storage.FileSystemStorage\", \"name\": \"cache/01/20/012048fd5fc6cd8f40c621ac770b89ed.png\", \"size\": [150, 97]}'),('sorl-thumbnail||image||ee188109a5064a44c913bc8dad8f51d1','{\"storage\": \"django.core.files.storage.FileSystemStorage\", \"name\": \"images/productimage-picture-mac-baren-aromatic-choice-ryo-173.png\", \"size\": [600, 386]}'),('sorl-thumbnail||image||13170daa6a1306d200b354dbfdf3670e','{\"storage\": \"django.core.files.storage.FileSystemStorage\", \"name\": \"cache/4b/b4/4bb47989d8a53fd6208cc410901fab59.png\", \"size\": [85, 55]}'),('sorl-thumbnail||thumbnails||ee188109a5064a44c913bc8dad8f51d1','[\"c19204a704ffb9fcf97719ae284da995\", \"420b7e49eb3ad9f0799251c37b502ac6\", \"13170daa6a1306d200b354dbfdf3670e\"]'),('sorl-thumbnail||image||78685d5fc4302e9d2c467a24319b59cf','{\"storage\": \"django.core.files.storage.FileSystemStorage\", \"name\": \"images/productimage-picture-mac-baren-apple-choice-ryo-179.png\", \"size\": [600, 386]}'),('sorl-thumbnail||image||40e5d96b6f5688e4970dae24f62a13f8','{\"storage\": \"django.core.files.storage.FileSystemStorage\", \"name\": \"cache/5e/8f/5e8f6589ac9c82b01d33cfe0683ff7ef.png\", \"size\": [85, 55]}'),('sorl-thumbnail||thumbnails||78685d5fc4302e9d2c467a24319b59cf','[\"1a75e53778fd36708d114b83a1c17910\", \"40e5d96b6f5688e4970dae24f62a13f8\", \"2537dde419b186bc915a98f81f3f8cad\"]'),('sorl-thumbnail||image||164a2fa6a29c2ccafa3a835f22ce583e','{\"storage\": \"django.core.files.storage.FileSystemStorage\", \"name\": \"images/productimage-picture-mac-baren-cherry-choice-ryo-174.png\", \"size\": [600, 386]}'),('sorl-thumbnail||image||7ca51eb4b60e9bc95212182626ddbd75','{\"storage\": \"django.core.files.storage.FileSystemStorage\", \"name\": \"cache/b1/61/b16192b40680ac830ee1e2c98208b519.png\", \"size\": [85, 55]}'),('sorl-thumbnail||thumbnails||164a2fa6a29c2ccafa3a835f22ce583e','[\"e0faba1d9c947330e129df977c6a105b\", \"51fc65ab25721ebff6b3df6bff03fe93\", \"7ca51eb4b60e9bc95212182626ddbd75\"]'),('sorl-thumbnail||image||d745b2b2a9c625e5455e4eb243aab956','{\"storage\": \"django.core.files.storage.FileSystemStorage\", \"name\": \"images/productimage-picture-mac-baren-grape-choice-ryo-175.png\", \"size\": [600, 386]}'),('sorl-thumbnail||image||8b820c05554464378bf2f786db341e33','{\"storage\": \"django.core.files.storage.FileSystemStorage\", \"name\": \"cache/c9/13/c9135a21e1d09e92d631582dd2c70863.png\", \"size\": [85, 55]}'),('sorl-thumbnail||thumbnails||d745b2b2a9c625e5455e4eb243aab956','[\"e347163a6d5019256f6b659b9af3fb3f\", \"8b820c05554464378bf2f786db341e33\", \"02263dcc0cdcc9dffe06ecaec2e275ab\"]'),('sorl-thumbnail||image||253de460048de7dafc9354f9fac5f990','{\"storage\": \"django.core.files.storage.FileSystemStorage\", \"name\": \"images/productimage-picture-mac-baren-original-choice-ryo-176.png\", \"size\": [600, 386]}'),('sorl-thumbnail||image||42e3684b9083740e4c32ff7a6b7f4c84','{\"storage\": \"django.core.files.storage.FileSystemStorage\", \"name\": \"cache/76/a9/76a96c838bce0aacd4e35a9d6fc623fc.png\", \"size\": [85, 55]}'),('sorl-thumbnail||thumbnails||253de460048de7dafc9354f9fac5f990','[\"42e3684b9083740e4c32ff7a6b7f4c84\", \"7637d155abf53bfa790061704b492e59\", \"ea3ddfd2954aa036c1cee550b140af2c\"]'),('sorl-thumbnail||image||5c1968e473cc7b966ad08d2385f0edf9','{\"storage\": \"django.core.files.storage.FileSystemStorage\", \"name\": \"images/productimage-picture-mac-baren-vanilla-choice-ryo-177.png\", \"size\": [600, 386]}'),('sorl-thumbnail||image||5564c906a3d13cb3b72fafcdb3796f91','{\"storage\": \"django.core.files.storage.FileSystemStorage\", \"name\": \"cache/8c/02/8c021a5b74214862066882f6f39122d3.png\", \"size\": [85, 55]}'),('sorl-thumbnail||thumbnails||5c1968e473cc7b966ad08d2385f0edf9','[\"2c69a792d475a375580adedd6561ba2d\", \"a8a6e017f0434a50a24eea6348b739b8\", \"5564c906a3d13cb3b72fafcdb3796f91\"]'),('sorl-thumbnail||image||e0faba1d9c947330e129df977c6a105b','{\"storage\": \"django.core.files.storage.FileSystemStorage\", \"name\": \"cache/7c/97/7c9704741f0e9345f5ac88ea57dac746.png\", \"size\": [150, 97]}'),('sorl-thumbnail||image||02263dcc0cdcc9dffe06ecaec2e275ab','{\"storage\": \"django.core.files.storage.FileSystemStorage\", \"name\": \"cache/26/84/268488c5edc89820e0b1c5c3f8e426b0.png\", \"size\": [150, 97]}'),('sorl-thumbnail||image||aee606beca4d790380016b62510d6a74','{\"storage\": \"django.core.files.storage.FileSystemStorage\", \"name\": \"images/productimage-picture-unitas-excellent-cherry-183.png\", \"size\": [600, 386]}'),('sorl-thumbnail||image||996879765a8e9b5864bc7cfe597456e7','{\"storage\": \"django.core.files.storage.FileSystemStorage\", \"name\": \"cache/3d/a3/3da3cc5fce57e1a8d3e2d87b0eb1fd02.png\", \"size\": [85, 55]}'),('sorl-thumbnail||thumbnails||aee606beca4d790380016b62510d6a74','[\"ef50909bc664ce58b8fcdf4eaee0f8da\", \"f1848af50d193aed0e38bd042c6e457e\", \"996879765a8e9b5864bc7cfe597456e7\"]'),('sorl-thumbnail||image||bbd4d88f9c606161e7d37a4652a3c4f1','{\"storage\": \"django.core.files.storage.FileSystemStorage\", \"name\": \"images/productimage-picture-unitas-excellent-kir-royal-181.png\", \"size\": [600, 386]}'),('sorl-thumbnail||image||af21e45ce74e1eab60828152611ebeb2','{\"storage\": \"django.core.files.storage.FileSystemStorage\", \"name\": \"cache/72/c0/72c0a695b9d872851f7b9fd5dc795fb5.png\", \"size\": [85, 55]}'),('sorl-thumbnail||thumbnails||bbd4d88f9c606161e7d37a4652a3c4f1','[\"5a1c0f8470c265a31f5537f418528acd\", \"af21e45ce74e1eab60828152611ebeb2\", \"dbba8f0a9e804be6deef28f131de841f\"]'),('sorl-thumbnail||image||c846c1b72d5377ec9946a412d9463bec','{\"storage\": \"django.core.files.storage.FileSystemStorage\", \"name\": \"images/productimage-picture-unitas-excellent-mango-180.png\", \"size\": [600, 386]}'),('sorl-thumbnail||image||cd8b38c1d59a16c56ce77d48bdafbf85','{\"storage\": \"django.core.files.storage.FileSystemStorage\", \"name\": \"cache/02/96/02965b11ce3610c4f8dafaf7fb4f74c5.png\", \"size\": [85, 55]}'),('sorl-thumbnail||thumbnails||c846c1b72d5377ec9946a412d9463bec','[\"f08919a4337a42086b8fce0136f14e7d\", \"cd8b38c1d59a16c56ce77d48bdafbf85\", \"774b48571b37284925088b85373a9836\"]'),('sorl-thumbnail||image||2985a3fa939dab21337f26f4032b8569','{\"storage\": \"django.core.files.storage.FileSystemStorage\", \"name\": \"images/productimage-picture-unitas-excellent-menthol-185.png\", \"size\": [600, 386]}'),('sorl-thumbnail||image||fb604afc180df3ffa2987e3d5d40d81a','{\"storage\": \"django.core.files.storage.FileSystemStorage\", \"name\": \"cache/38/fc/38fcb61bca0ade0710ee99ed181cf279.png\", \"size\": [85, 55]}'),('sorl-thumbnail||thumbnails||2985a3fa939dab21337f26f4032b8569','[\"fb604afc180df3ffa2987e3d5d40d81a\", \"12c99c55f875984198d7f4d00daacdb0\", \"8a8b9a02071d81bba67087b80a3b519a\"]'),('sorl-thumbnail||image||41c4b15ba2990e72471b5afd8ec2e6e4','{\"storage\": \"django.core.files.storage.FileSystemStorage\", \"name\": \"images/productimage-picture-unitas-excellent-strawberry-184.png\", \"size\": [600, 386]}'),('sorl-thumbnail||image||9b40779ad931caaf7b0ae7f6241d8839','{\"storage\": \"django.core.files.storage.FileSystemStorage\", \"name\": \"cache/98/73/9873381bdeb60bf4b1850d478e7f8a59.png\", \"size\": [85, 55]}'),('sorl-thumbnail||thumbnails||41c4b15ba2990e72471b5afd8ec2e6e4','[\"b383a85dc98f370d8e5385e5dad4cc3b\", \"9b40779ad931caaf7b0ae7f6241d8839\", \"fe5b235ede7f1281afb773cf1961f470\"]'),('sorl-thumbnail||image||790ed508811b9b866c31c390b2f825be','{\"storage\": \"django.core.files.storage.FileSystemStorage\", \"name\": \"images/productimage-picture-unitas-excellent-vanilla-182.png\", \"size\": [600, 386]}'),('sorl-thumbnail||image||dabd4f77f3449d20e0f3f0becd9d03ee','{\"storage\": \"django.core.files.storage.FileSystemStorage\", \"name\": \"cache/11/60/11605ad461bc790c30aeeedfbd98c71a.png\", \"size\": [85, 55]}'),('sorl-thumbnail||thumbnails||790ed508811b9b866c31c390b2f825be','[\"260693c79ef6fd4a56a788a72486613d\", \"dabd4f77f3449d20e0f3f0becd9d03ee\", \"942f6e5993b46d6a2e243b338c0e88f7\"]'),('sorl-thumbnail||image||37d45ee727edd7b048f3680096a2d6fc','{\"storage\": \"django.core.files.storage.FileSystemStorage\", \"name\": \"images/productimage-picture-lexington-american-blend-186.png\", \"size\": [600, 386]}'),('sorl-thumbnail||image||b75c132717c1604eab9d1d4c6908351c','{\"storage\": \"django.core.files.storage.FileSystemStorage\", \"name\": \"cache/e3/cb/e3cbdff180a9a74e3318bc06c79e3511.png\", \"size\": [85, 55]}'),('sorl-thumbnail||thumbnails||37d45ee727edd7b048f3680096a2d6fc','[\"ad27ddd81a26bcf94abd6955b901ca7c\", \"b75c132717c1604eab9d1d4c6908351c\", \"acc88b52bbd321d48eebe54b242e295d\"]'),('sorl-thumbnail||image||f2a7ac430ace61253edd5ca994ccb475','{\"storage\": \"django.core.files.storage.FileSystemStorage\", \"name\": \"images/productimage-picture-lexington-blue-187.png\", \"size\": [600, 386]}'),('sorl-thumbnail||image||4303dbe4cb27b058a9cd3cd8b26bd12d','{\"storage\": \"django.core.files.storage.FileSystemStorage\", \"name\": \"cache/c4/50/c45001d61f466a7d592fb78ef1365f63.png\", \"size\": [85, 55]}'),('sorl-thumbnail||thumbnails||f2a7ac430ace61253edd5ca994ccb475','[\"4303dbe4cb27b058a9cd3cd8b26bd12d\", \"8ed5c45c249238b927b0a4dda1db3ce9\", \"7245ae4f63bb88f4f97de41685004bcc\"]'),('sorl-thumbnail||image||34370f9079309a992f54b70619449f8e','{\"storage\": \"django.core.files.storage.FileSystemStorage\", \"name\": \"images/productimage-picture-lexington-vanilla-189.png\", \"size\": [600, 386]}'),('sorl-thumbnail||image||66e1874c15dbf4587783fb2a3db4607e','{\"storage\": \"django.core.files.storage.FileSystemStorage\", \"name\": \"cache/be/d1/bed19c4ea72391097b5574de1a929cec.png\", \"size\": [85, 55]}'),('sorl-thumbnail||thumbnails||34370f9079309a992f54b70619449f8e','[\"66e1874c15dbf4587783fb2a3db4607e\", \"e618fc2a5c58050b31cc0e6c6cbafad4\", \"f5afad207104f9f2097e5b017699bacb\"]'),('sorl-thumbnail||image||9c46f70e2cccee91ba4ed549e1730075','{\"storage\": \"django.core.files.storage.FileSystemStorage\", \"name\": \"images/productimage-picture-lexington-virginia-188.png\", \"size\": [600, 386]}'),('sorl-thumbnail||image||702cb41c7972a5de48be26bf0314b71f','{\"storage\": \"django.core.files.storage.FileSystemStorage\", \"name\": \"cache/41/22/4122227106bd217fa38479b26c14d6c2.png\", \"size\": [85, 55]}'),('sorl-thumbnail||thumbnails||9c46f70e2cccee91ba4ed549e1730075','[\"2ef7a6b951cd8156f92fcbdbeba2761d\", \"702cb41c7972a5de48be26bf0314b71f\", \"d524421702ada8972a7121d69e103e19\"]'),('sorl-thumbnail||image||e618fc2a5c58050b31cc0e6c6cbafad4','{\"storage\": \"django.core.files.storage.FileSystemStorage\", \"name\": \"cache/b0/3f/b03ff7480163e865b93d369f98364c63.png\", \"size\": [150, 97]}'),('sorl-thumbnail||image||d524421702ada8972a7121d69e103e19','{\"storage\": \"django.core.files.storage.FileSystemStorage\", \"name\": \"cache/ec/00/ec0099999a9833da1c7377eff4cd808f.png\", \"size\": [150, 97]}'),('sorl-thumbnail||image||68ef98858f77fabc49d5a73f2609da02','{\"storage\": \"django.core.files.storage.FileSystemStorage\", \"name\": \"images/productimage-picture-black-devil-cherry-flavour-190.png\", \"size\": [600, 386]}'),('sorl-thumbnail||image||45e61b6bad0fc3b06514c51c0bdfbd6c','{\"storage\": \"django.core.files.storage.FileSystemStorage\", \"name\": \"cache/97/f6/97f65402d6b8f96f75d49cfde1b22096.png\", \"size\": [85, 55]}'),('sorl-thumbnail||thumbnails||68ef98858f77fabc49d5a73f2609da02','[\"b5d1df447e4380044f23d080193bed3e\", \"04d6e2197dfd65dd528697c6303cfa28\", \"45e61b6bad0fc3b06514c51c0bdfbd6c\"]'),('sorl-thumbnail||image||b5d1df447e4380044f23d080193bed3e','{\"storage\": \"django.core.files.storage.FileSystemStorage\", \"name\": \"cache/b0/24/b02409afac22f7073913b177d595bd94.png\", \"size\": [150, 97]}'),('sorl-thumbnail||image||c2d690bd28dbb9d180d79eb4b2e83ac9','{\"storage\": \"django.core.files.storage.FileSystemStorage\", \"name\": \"images/productimage-picture-black-devil-finest-flavour-191.png\", \"size\": [600, 386]}'),('sorl-thumbnail||image||4a944981a907d56cab8b704b76495051','{\"storage\": \"django.core.files.storage.FileSystemStorage\", \"name\": \"cache/cc/e1/cce1c8676a711dbd1b04eda1040f5ce2.png\", \"size\": [85, 55]}'),('sorl-thumbnail||thumbnails||c2d690bd28dbb9d180d79eb4b2e83ac9','[\"4a944981a907d56cab8b704b76495051\", \"92f5fc18f86d302c685856850451954a\", \"14ee05ea786b52a095136e29f7dbe0e4\"]'),('sorl-thumbnail||image||14ee05ea786b52a095136e29f7dbe0e4','{\"storage\": \"django.core.files.storage.FileSystemStorage\", \"name\": \"cache/2d/eb/2debef775341f92266bc6f218c6be7a0.png\", \"size\": [150, 97]}'),('sorl-thumbnail||image||eb6f6dfcd76c21bbbfb15908b301b35e','{\"storage\": \"django.core.files.storage.FileSystemStorage\", \"name\": \"images/productimage-picture-black-devil-special-flavour-192.png\", \"size\": [600, 386]}'),('sorl-thumbnail||image||a8355a6641f7674f18ca5d632fabc4fb','{\"storage\": \"django.core.files.storage.FileSystemStorage\", \"name\": \"cache/d0/b2/d0b21be3b8608b6f58c7e9fa08d06e0b.png\", \"size\": [85, 55]}'),('sorl-thumbnail||thumbnails||eb6f6dfcd76c21bbbfb15908b301b35e','[\"6f3c9272f58ca983c94e06086dc9c45b\", \"a10a9680057e80759bbf41c439bc74f1\", \"a8355a6641f7674f18ca5d632fabc4fb\"]'),('sorl-thumbnail||image||6f3c9272f58ca983c94e06086dc9c45b','{\"storage\": \"django.core.files.storage.FileSystemStorage\", \"name\": \"cache/89/55/89556a6dd3b28708dc476671f5cdac50.png\", \"size\": [150, 97]}'),('sorl-thumbnail||image||2d78b9c32e533b9afa45b3e433a2253b','{\"storage\": \"django.core.files.storage.FileSystemStorage\", \"name\": \"images/productimage-picture-che-red-193.png\", \"size\": [600, 386]}'),('sorl-thumbnail||image||f5b74dcd4a1e616d146b86ee8821986b','{\"storage\": \"django.core.files.storage.FileSystemStorage\", \"name\": \"cache/85/f9/85f9cd533fa2d91f0118f389612fe056.png\", \"size\": [85, 55]}'),('sorl-thumbnail||thumbnails||2d78b9c32e533b9afa45b3e433a2253b','[\"f5b74dcd4a1e616d146b86ee8821986b\"]'),('sorl-thumbnail||image||b485d10746bd94c82ed5e31e1d36db65','{\"storage\": \"django.core.files.storage.FileSystemStorage\", \"name\": \"images/productimage-picture-che-red-194.png\", \"size\": [600, 386]}'),('sorl-thumbnail||image||3ea589635a38e50c121356f885cc6633','{\"storage\": \"django.core.files.storage.FileSystemStorage\", \"name\": \"cache/a7/8c/a78c3a96508bc7d45e54cf4bfcddedb8.png\", \"size\": [85, 55]}'),('sorl-thumbnail||thumbnails||b485d10746bd94c82ed5e31e1d36db65','[\"c118f3b5b7ac637d8319cedcd9f03117\", \"3ea589635a38e50c121356f885cc6633\", \"60155912af0beef9b6ce7641c9d3f76d\"]'),('sorl-thumbnail||image||c118f3b5b7ac637d8319cedcd9f03117','{\"storage\": \"django.core.files.storage.FileSystemStorage\", \"name\": \"cache/f4/0b/f40b4d8f42fb73ec7034375eea3b52df.png\", \"size\": [150, 97]}'),('sorl-thumbnail||image||292884103db7ca86ada56515aabbd98d','{\"storage\": \"django.core.files.storage.FileSystemStorage\", \"name\": \"images/productimage-picture-lexington-blue-1-195.png\", \"size\": [600, 386]}'),('sorl-thumbnail||image||1d50b3f2a020705b26eca883ec6f19c7','{\"storage\": \"django.core.files.storage.FileSystemStorage\", \"name\": \"cache/7c/4d/7c4d4a4a585462a6186a3363dbc16e97.png\", \"size\": [85, 55]}'),('sorl-thumbnail||thumbnails||292884103db7ca86ada56515aabbd98d','[\"1d50b3f2a020705b26eca883ec6f19c7\", \"47da9e6e7ba1815f1c31ad52089bbf7d\", \"6c9e518885e7f70c642346cfabff4fa9\"]'),('sorl-thumbnail||image||3a9f1ba11cf9ddf9ac24cdd28af4beba','{\"storage\": \"django.core.files.storage.FileSystemStorage\", \"name\": \"images/productimage-picture-lexington-red-196.png\", \"size\": [600, 386]}'),('sorl-thumbnail||image||0dbf7f483fffd0736584c056bc99a191','{\"storage\": \"django.core.files.storage.FileSystemStorage\", \"name\": \"cache/49/5b/495bede87098ed63717b084ec9325467.png\", \"size\": [85, 55]}'),('sorl-thumbnail||thumbnails||3a9f1ba11cf9ddf9ac24cdd28af4beba','[\"0dbf7f483fffd0736584c056bc99a191\", \"9561c8a24b065e442563bbafa517e647\", \"d6954ef4ec8bae2d5f26249e19c95cda\"]'),('sorl-thumbnail||image||6c9e518885e7f70c642346cfabff4fa9','{\"storage\": \"django.core.files.storage.FileSystemStorage\", \"name\": \"cache/c8/61/c861cbaa1308737ebf5aea5261a1cb83.png\", \"size\": [150, 97]}'),('sorl-thumbnail||image||9561c8a24b065e442563bbafa517e647','{\"storage\": \"django.core.files.storage.FileSystemStorage\", \"name\": \"cache/b7/ba/b7ba86066d116ce3a8e7c36fcd219b8e.png\", \"size\": [150, 97]}'),('sorl-thumbnail||image||65cedcb23502d220e4b8ff9675d81053','{\"storage\": \"django.core.files.storage.FileSystemStorage\", \"name\": \"images/productimage-picture-porsche-design-p3681-197.png\", \"size\": [600, 386]}'),('sorl-thumbnail||image||4e05dffc1b095c4c5cbfbfb54a4b5dfc','{\"storage\": \"django.core.files.storage.FileSystemStorage\", \"name\": \"cache/50/63/5063182f6e102ffd4d82333728bdf553.png\", \"size\": [85, 55]}'),('sorl-thumbnail||thumbnails||65cedcb23502d220e4b8ff9675d81053','[\"4e05dffc1b095c4c5cbfbfb54a4b5dfc\"]'),('sorl-thumbnail||image||642c4342a851c04dac91e540920c3a7a','{\"storage\": \"django.core.files.storage.FileSystemStorage\", \"name\": \"images/productimage-picture-porsche-design-p3682-198.png\", \"size\": [600, 386]}'),('sorl-thumbnail||image||d4d7305ebb0d17d07e9eed415ed0cab6','{\"storage\": \"django.core.files.storage.FileSystemStorage\", \"name\": \"cache/2c/a8/2ca82f10cfb4daebd3b6359da23fcbd1.png\", \"size\": [85, 55]}'),('sorl-thumbnail||thumbnails||642c4342a851c04dac91e540920c3a7a','[\"d4d7305ebb0d17d07e9eed415ed0cab6\"]'),('sorl-thumbnail||image||11edd301dd623ceb9e9450182a13685a','{\"storage\": \"django.core.files.storage.FileSystemStorage\", \"name\": \"images/productimage-picture-porsche-design-p3682-199.png\", \"size\": [600, 386]}'),('sorl-thumbnail||image||a52a8f8497391dc5a49d70e59f1ddebe','{\"storage\": \"django.core.files.storage.FileSystemStorage\", \"name\": \"cache/a2/de/a2debfaa16c3cfbacce3d59a0411b80a.png\", \"size\": [85, 55]}'),('sorl-thumbnail||thumbnails||11edd301dd623ceb9e9450182a13685a','[\"a3ab3123fa3dbaafd7496718701c424d\", \"6e55ded68603a98383cee529e769c455\", \"a52a8f8497391dc5a49d70e59f1ddebe\"]'),('sorl-thumbnail||image||de6a780d620d46a3c8266c2165f65b26','{\"storage\": \"django.core.files.storage.FileSystemStorage\", \"name\": \"images/productimage-picture-porsche-design-p3681-200.png\", \"size\": [600, 386]}'),('sorl-thumbnail||image||756783ccfb92edb9d2e846eb7a77cda1','{\"storage\": \"django.core.files.storage.FileSystemStorage\", \"name\": \"cache/6a/c4/6ac4522003d5fb5415bb3a07487367b1.png\", \"size\": [85, 55]}'),('sorl-thumbnail||thumbnails||de6a780d620d46a3c8266c2165f65b26','[\"756783ccfb92edb9d2e846eb7a77cda1\", \"a789bdca46615af1ffbe50ee4b2c8b14\", \"7c2d49160c35cb42eeb966c45981e2e2\"]'),('sorl-thumbnail||image||7c2d49160c35cb42eeb966c45981e2e2','{\"storage\": \"django.core.files.storage.FileSystemStorage\", \"name\": \"cache/a1/2a/a12a9791b3c6a92d9fa349d5f3bec72e.png\", \"size\": [150, 97]}'),('sorl-thumbnail||image||25a64162c438c00b35efa3ff05feaa5c','{\"storage\": \"django.core.files.storage.FileSystemStorage\", \"name\": \"cache/2d/01/2d01debcf23cf463fae3f8dde05d816c.png\", \"size\": [150, 18]}'),('sorl-thumbnail||image||77f0bd88ad651321511735245af209c2','{\"storage\": \"django.core.files.storage.FileSystemStorage\", \"name\": \"cache/41/8d/418d7f5b6cd41d6e558249922d57062e.png\", \"size\": [150, 12]}'),('sorl-thumbnail||image||c3bbe43bf8e84bd3b9ebf8b6b53c28e1','{\"storage\": \"django.core.files.storage.FileSystemStorage\", \"name\": \"cache/aa/db/aadb27fc4afc5adbb61eeebec482124c.png\", \"size\": [150, 23]}'),('sorl-thumbnail||image||8933ab30df201eb96dbd275e52fe999c','{\"storage\": \"django.core.files.storage.FileSystemStorage\", \"name\": \"cache/b1/9d/b19d39461ed440102672b226dadb11d3.png\", \"size\": [150, 15]}'),('sorl-thumbnail||image||783dcc140d6efd327139be4c897f23d9','{\"storage\": \"django.core.files.storage.FileSystemStorage\", \"name\": \"cache/f1/3d/f13d8fefd4df9ae259526d3cd95eb086.png\", \"size\": [150, 97]}'),('sorl-thumbnail||image||6a6aa1ae066288b03cc111e8270b3831','{\"storage\": \"django.core.files.storage.FileSystemStorage\", \"name\": \"cache/83/f1/83f152830db56d0387b8cea9432a8390.png\", \"size\": [150, 97]}'),('sorl-thumbnail||image||83e500c6227327b4ed2508f5f46d0bf5','{\"storage\": \"django.core.files.storage.FileSystemStorage\", \"name\": \"cache/28/8f/288f233c0678c2dfbb4083dbf37ff598.png\", \"size\": [150, 97]}'),('sorl-thumbnail||image||7d2e93a4b5797f1a1456325ec01271c3','{\"storage\": \"django.core.files.storage.FileSystemStorage\", \"name\": \"cache/a9/41/a941c6aa35ed63a54db2a32df400dc19.png\", \"size\": [150, 97]}'),('sorl-thumbnail||image||260693c79ef6fd4a56a788a72486613d','{\"storage\": \"django.core.files.storage.FileSystemStorage\", \"name\": \"cache/80/9e/809e253b778c9601a1d2976086cc1668.png\", \"size\": [150, 97]}'),('sorl-thumbnail||image||451f3bfb3241dcbcb2b3a550adc97264','{\"storage\": \"django.core.files.storage.FileSystemStorage\", \"name\": \"cache/33/d7/33d727cbf345f1a256acd1abf9b14dfd.png\", \"size\": [150, 97]}'),('sorl-thumbnail||image||424f5461572c7fec432cb6dfa0e733ed','{\"storage\": \"django.core.files.storage.FileSystemStorage\", \"name\": \"cache/0f/b8/0fb80bd394815219cdd8bfb2d5465397.png\", \"size\": [150, 97]}'),('sorl-thumbnail||image||ad27ddd81a26bcf94abd6955b901ca7c','{\"storage\": \"django.core.files.storage.FileSystemStorage\", \"name\": \"cache/d3/61/d3611826774dd57c9816a0e817ff61e1.png\", \"size\": [150, 97]}'),('sorl-thumbnail||image||6e55ded68603a98383cee529e769c455','{\"storage\": \"django.core.files.storage.FileSystemStorage\", \"name\": \"cache/98/fc/98fcf0d2e81854bc3a5b64945cfcc96b.png\", \"size\": [150, 97]}'),('sorl-thumbnail||image||feffadfdddd508fb2bfb1a5120936f82','{\"storage\": \"django.core.files.storage.FileSystemStorage\", \"name\": \"cache/ae/f3/aef3efee76e123f944fcd326bfbf2179.png\", \"size\": [150, 97]}'),('sorl-thumbnail||image||3fc68b845ff6862af6a6272cec9229c5','{\"storage\": \"django.core.files.storage.FileSystemStorage\", \"name\": \"cache/91/77/917789fbcf8dab4f031abdfacce39665.png\", \"size\": [150, 97]}'),('sorl-thumbnail||image||2537dde419b186bc915a98f81f3f8cad','{\"storage\": \"django.core.files.storage.FileSystemStorage\", \"name\": \"cache/28/67/2867cc12b565451ae4feaa032e52190d.png\", \"size\": [150, 97]}'),('sorl-thumbnail||image||8e12e6b834106553eb16262846bcdbcf','{\"storage\": \"django.core.files.storage.FileSystemStorage\", \"name\": \"cache/cf/ed/cfed88c1d6741ae0329496ae2359c783.png\", \"size\": [150, 97]}'),('sorl-thumbnail||image||a8a6e017f0434a50a24eea6348b739b8','{\"storage\": \"django.core.files.storage.FileSystemStorage\", \"name\": \"cache/bb/ae/bbae7c1149382193e760551b8d1d1ba9.png\", \"size\": [150, 97]}'),('sorl-thumbnail||image||0b96ffc2bd7b9afd27d94818af2ef6d2','{\"storage\": \"django.core.files.storage.FileSystemStorage\", \"name\": \"images/categoryimage-picture-minis-cubanos-1-82.png\", \"size\": [128, 90]}'),('sorl-thumbnail||image||7cdc2d8b46738836ae0c9dfa30854f31','{\"storage\": \"django.core.files.storage.FileSystemStorage\", \"name\": \"cache/96/bf/96bf0dd69f3e6688bf39dd15ccb94d96.png\", \"size\": [128, 90]}'),('sorl-thumbnail||thumbnails||0b96ffc2bd7b9afd27d94818af2ef6d2','[\"7cdc2d8b46738836ae0c9dfa30854f31\"]'),('sorl-thumbnail||image||d548ba6f8b980b1d2056909c5f239cc7','{\"storage\": \"django.core.files.storage.FileSystemStorage\", \"name\": \"cache/79/70/797006e1a684d88994b8f966e9f2bfc8.png\", \"size\": [280, 44]}'),('sorl-thumbnail||image||0b793457143becb5fb41ea58238fc2c4','{\"storage\": \"django.core.files.storage.FileSystemStorage\", \"name\": \"cache/d0/c0/d0c07e823b8010e2a1690d6c4f4b347d.png\", \"size\": [150, 97]}'),('sorl-thumbnail||image||2db66bf042b6d9ea15cbd2ff91241bb0','{\"storage\": \"django.core.files.storage.FileSystemStorage\", \"name\": \"cache/8b/d7/8bd7980d41e91cfcc591f21f20454f27.png\", \"size\": [280, 47]}'),('sorl-thumbnail||image||a4a2976cfa445523a5123b037cf8e9d2','{\"storage\": \"django.core.files.storage.FileSystemStorage\", \"name\": \"cache/40/a5/40a56a4e80c4ed9e28a34d3315f5cf28.png\", \"size\": [150, 24]}'),('sorl-thumbnail||image||404017a4292efcbe160c30099ad7a6c3','{\"storage\": \"django.core.files.storage.FileSystemStorage\", \"name\": \"cache/c1/6b/c16ba3ae1050c124b7eaf7682802affd.png\", \"size\": [150, 97]}'),('sorl-thumbnail||image||9aeb9bd753c0f434daa505548741d8d0','{\"storage\": \"django.core.files.storage.FileSystemStorage\", \"name\": \"cache/6c/c7/6cc753f6ba6e62234e159dacc87ace07.png\", \"size\": [150, 97]}'),('sorl-thumbnail||image||e929318c662aee9b0d34cc3d67e8be32','{\"storage\": \"django.core.files.storage.FileSystemStorage\", \"name\": \"cache/6b/f8/6bf8d0e49802c53da6b257098b1ba5e3.png\", \"size\": [150, 97]}'),('sorl-thumbnail||image||ecc842355afcd97ed21f3af94aa9d488','{\"storage\": \"django.core.files.storage.FileSystemStorage\", \"name\": \"cache/2c/f9/2cf97dd54af0bde02674c0b8137c64bf.png\", \"size\": [150, 97]}'),('sorl-thumbnail||image||c19204a704ffb9fcf97719ae284da995','{\"storage\": \"django.core.files.storage.FileSystemStorage\", \"name\": \"cache/b3/23/b3237c54b4bba700989cd3dff06061d5.png\", \"size\": [150, 97]}'),('sorl-thumbnail||image||7637d155abf53bfa790061704b492e59','{\"storage\": \"django.core.files.storage.FileSystemStorage\", \"name\": \"cache/76/6c/766c4c30a2ea0606d29688536b109c47.png\", \"size\": [150, 97]}'),('sorl-thumbnail||image||ef50909bc664ce58b8fcdf4eaee0f8da','{\"storage\": \"django.core.files.storage.FileSystemStorage\", \"name\": \"cache/21/ad/21ad10ddc84abe748dd7643a3ae1adc9.png\", \"size\": [150, 97]}'),('sorl-thumbnail||image||5a1c0f8470c265a31f5537f418528acd','{\"storage\": \"django.core.files.storage.FileSystemStorage\", \"name\": \"cache/76/c1/76c12f1ec25d53183ff52e692fa2974d.png\", \"size\": [150, 97]}'),('sorl-thumbnail||image||774b48571b37284925088b85373a9836','{\"storage\": \"django.core.files.storage.FileSystemStorage\", \"name\": \"cache/b7/c7/b7c7928b10f1ee377e5437b64eacbc42.png\", \"size\": [150, 97]}'),('sorl-thumbnail||image||12c99c55f875984198d7f4d00daacdb0','{\"storage\": \"django.core.files.storage.FileSystemStorage\", \"name\": \"cache/df/95/df95be6d4e3752dcff874e6e3b633b58.png\", \"size\": [150, 97]}'),('sorl-thumbnail||image||fe5b235ede7f1281afb773cf1961f470','{\"storage\": \"django.core.files.storage.FileSystemStorage\", \"name\": \"cache/f7/43/f74365052416b0a2a95e8c4754a4f09d.png\", \"size\": [150, 97]}'),('sorl-thumbnail||image||8ed5c45c249238b927b0a4dda1db3ce9','{\"storage\": \"django.core.files.storage.FileSystemStorage\", \"name\": \"cache/dc/aa/dcaa5a5fec80f023263e2fa0cd3672ec.png\", \"size\": [150, 97]}'),('sorl-thumbnail||image||90ce815a7dc697dc1b8891fc08160178','{\"storage\": \"django.core.files.storage.FileSystemStorage\", \"name\": \"cache/ce/94/ce945b96f37f38f2a9507619de0f0fbd.png\", \"size\": [150, 97]}'),('sorl-thumbnail||image||5ca1ed3f0516c8d363a1f48583553814','{\"storage\": \"django.core.files.storage.FileSystemStorage\", \"name\": \"cache/d5/ca/d5cad0e3d07ffe9cddbf1ffa514d7281.png\", \"size\": [150, 97]}'),('sorl-thumbnail||image||697c562e016f3de85d9313d6a6a5030b','{\"storage\": \"django.core.files.storage.FileSystemStorage\", \"name\": \"cache/b0/d9/b0d994bf3102e11d731ca3804466402d.png\", \"size\": [150, 97]}'),('sorl-thumbnail||image||91efc13e7ddea6f59dcd91e8b55d9e33','{\"storage\": \"django.core.files.storage.FileSystemStorage\", \"name\": \"cache/be/b1/beb19419848d82b627c3f444b17fd7d7.png\", \"size\": [150, 97]}'),('sorl-thumbnail||image||7b655fc2912f51f00a9e04ecb324dda4','{\"storage\": \"django.core.files.storage.FileSystemStorage\", \"name\": \"cache/63/61/6361911d456cf8e93960115ad0e39b8f.png\", \"size\": [150, 97]}'),('sorl-thumbnail||image||42de3e4d6c32dd65121cef9727df1465','{\"storage\": \"django.core.files.storage.FileSystemStorage\", \"name\": \"cache/f6/31/f631daa22e9561b048e54448a05d5ee9.png\", \"size\": [150, 97]}'),('sorl-thumbnail||image||df5cb60037aa115d0950ac02da3b6bf3','{\"storage\": \"django.core.files.storage.FileSystemStorage\", \"name\": \"cache/4a/0b/4a0b06e72d88d2cac7a8a7dc2b9ae609.png\", \"size\": [150, 97]}'),('sorl-thumbnail||image||2d53ea46cbd1258efdd03d46918d4d78','{\"storage\": \"django.core.files.storage.FileSystemStorage\", \"name\": \"cache/01/01/01017080cc874d5efffb97f4e87ac174.png\", \"size\": [150, 97]}'),('sorl-thumbnail||image||fb1812682b09b5c69c11aa62d584a86f','{\"storage\": \"django.core.files.storage.FileSystemStorage\", \"name\": \"cache/35/be/35be458b07b7238a442d8353872bca0c.png\", \"size\": [150, 24]}'),('sorl-thumbnail||image||73e6ddc40e3614b7d6416292734f8e8a','{\"storage\": \"django.core.files.storage.FileSystemStorage\", \"name\": \"cache/89/17/8917b127c7059fafa018a64258fbb098.png\", \"size\": [150, 24]}'),('sorl-thumbnail||image||ad0ba8d4f3abdd7ce151b913be948356','{\"storage\": \"django.core.files.storage.FileSystemStorage\", \"name\": \"cache/07/88/07888612ebcedbaac98771db170b4363.png\", \"size\": [150, 97]}'),('sorl-thumbnail||image||92f4f9605f1e67c0b5012f2f587b50d4','{\"storage\": \"django.core.files.storage.FileSystemStorage\", \"name\": \"cache/b0/be/b0be169f68f3327f2ca63717522e5f80.png\", \"size\": [280, 44]}'),('sorl-thumbnail||image||ccff5c619c58c196474de8fd2166a17b','{\"storage\": \"django.core.files.storage.FileSystemStorage\", \"name\": \"cache/ad/1f/ad1f0ad92565bde2d1a5ef87ee6caca9.png\", \"size\": [280, 37]}'),('sorl-thumbnail||image||a96ecd242f46f6a83afde08136ddbca5','{\"storage\": \"django.core.files.storage.FileSystemStorage\", \"name\": \"cache/5f/24/5f2434f4e0499311563363f5aa974d48.png\", \"size\": [280, 31]}'),('sorl-thumbnail||image||6c4c5d64134d7233b24a7ce68af1d845','{\"storage\": \"django.core.files.storage.FileSystemStorage\", \"name\": \"cache/c8/64/c864fd97d4ca66bdd98038552c369217.png\", \"size\": [280, 36]}'),('sorl-thumbnail||image||6a5ea48a5afa2c5966086d2a5618801b','{\"storage\": \"django.core.files.storage.FileSystemStorage\", \"name\": \"cache/75/f3/75f3baf9a05b8c307a42eabc4f51986d.png\", \"size\": [150, 97]}'),('sorl-thumbnail||image||7ce6db8d9000ee63b42a35104a13c0d6','{\"storage\": \"django.core.files.storage.FileSystemStorage\", \"name\": \"cache/eb/b2/ebb2b6019a9bf97b673453b3ce4e88ab.png\", \"size\": [150, 97]}'),('sorl-thumbnail||image||e775aab2c1db18d19a481aaa27cd0d44','{\"storage\": \"django.core.files.storage.FileSystemStorage\", \"name\": \"cache/2f/30/2f303e12c179b66ff02b87052cc0cf11.png\", \"size\": [150, 97]}'),('sorl-thumbnail||image||eb39e0ad3a121c4ce308b2519792a677','{\"storage\": \"django.core.files.storage.FileSystemStorage\", \"name\": \"cache/b5/cd/b5cd550891e8299888ac8d1a15945464.png\", \"size\": [150, 97]}'),('sorl-thumbnail||image||f69a1a6f0228df01e2025bb4a97f343c','{\"storage\": \"django.core.files.storage.FileSystemStorage\", \"name\": \"cache/ac/97/ac979ba0597d1b68d8a232056dea7020.png\", \"size\": [150, 16]}'),('sorl-thumbnail||image||4676b939e1fb6d661dc779ac80f47a1f','{\"storage\": \"django.core.files.storage.FileSystemStorage\", \"name\": \"cache/b0/8c/b08cc9bdf48d0fab8859919c433cc360.png\", \"size\": [150, 14]}'),('sorl-thumbnail||image||3de43d35ac859755755784142b1d7459','{\"storage\": \"django.core.files.storage.FileSystemStorage\", \"name\": \"cache/73/ac/73ac8dfe662d49d9458a5ca5ed2c2d56.png\", \"size\": [84, 54]}'),('sorl-thumbnail||image||74f2c65648723c570a95a1775f70c44c','{\"storage\": \"django.core.files.storage.FileSystemStorage\", \"name\": \"cache/60/a5/60a5de055089b3edd9e0f208d446aab9.png\", \"size\": [84, 54]}'),('sorl-thumbnail||image||070405830a6e54d1b96df0c542836986','{\"storage\": \"django.core.files.storage.FileSystemStorage\", \"name\": \"cache/9e/63/9e63bd13d1fe15d2babd8829da7bb907.png\", \"size\": [84, 54]}'),('sorl-thumbnail||image||fc1e30b8f337b362b1264d3e440d1680','{\"storage\": \"django.core.files.storage.FileSystemStorage\", \"name\": \"cache/79/e9/79e9319b737a9db90fab4e45cd9cf937.png\", \"size\": [84, 54]}'),('sorl-thumbnail||image||53e36baa3047830fdaedd0ea54f3d1b5','{\"storage\": \"django.core.files.storage.FileSystemStorage\", \"name\": \"cache/78/7c/787ce1b0f66d027198b4137b765f92e3.png\", \"size\": [84, 54]}'),('sorl-thumbnail||image||7742c7b68caa549bc5c6771a0a7ec41d','{\"storage\": \"django.core.files.storage.FileSystemStorage\", \"name\": \"cache/e3/bc/e3bce230aa150fe96e2ebd431ac74778.png\", \"size\": [84, 54]}'),('sorl-thumbnail||image||285a35199e799598bd781f8f79e4e05c','{\"storage\": \"django.core.files.storage.FileSystemStorage\", \"name\": \"cache/98/bf/98bf7a4c539599b8d9d526d724aabae4.png\", \"size\": [84, 54]}'),('sorl-thumbnail||image||89000cdcbd7d507536c2133f8813a35e','{\"storage\": \"django.core.files.storage.FileSystemStorage\", \"name\": \"cache/40/b5/40b502b758092c3489740c4efe913eb5.png\", \"size\": [84, 54]}'),('sorl-thumbnail||image||11a8de2f5caa0887f0f92898ed29de86','{\"storage\": \"django.core.files.storage.FileSystemStorage\", \"name\": \"cache/a1/ee/a1eedbd2933b0a5bc7f2c1fee9b3eb04.png\", \"size\": [84, 54]}'),('sorl-thumbnail||image||901f7598f963a4c4b35834a1d566eb06','{\"storage\": \"django.core.files.storage.FileSystemStorage\", \"name\": \"cache/3e/75/3e757cb521c0e5a40666373c7ffbedac.png\", \"size\": [84, 54]}'),('sorl-thumbnail||image||882d4bc3fd52c680564eda1dad2ad0ee','{\"storage\": \"django.core.files.storage.FileSystemStorage\", \"name\": \"cache/15/28/152888e210aac6dd2231fb5719171ff3.png\", \"size\": [84, 54]}'),('sorl-thumbnail||image||966d0c70e36baa7718e835ba1a97ac84','{\"storage\": \"django.core.files.storage.FileSystemStorage\", \"name\": \"cache/db/a6/dba6754e5a7a97e9ecf722cc620c0afa.png\", \"size\": [84, 10]}'),('sorl-thumbnail||image||45940c6abd15571c105c34a292dbf61d','{\"storage\": \"django.core.files.storage.FileSystemStorage\", \"name\": \"cache/a9/4d/a94df6bb7a94f0e7c5e780d878c7107f.png\", \"size\": [84, 54]}'),('sorl-thumbnail||image||04d6e2197dfd65dd528697c6303cfa28','{\"storage\": \"django.core.files.storage.FileSystemStorage\", \"name\": \"cache/d5/ac/d5acf0b0a9512526ca2e1fde41fa0367.png\", \"size\": [84, 54]}'),('sorl-thumbnail||image||92f5fc18f86d302c685856850451954a','{\"storage\": \"django.core.files.storage.FileSystemStorage\", \"name\": \"cache/de/11/de11314feccdb760fc311d29afa05b58.png\", \"size\": [84, 54]}'),('sorl-thumbnail||image||a10a9680057e80759bbf41c439bc74f1','{\"storage\": \"django.core.files.storage.FileSystemStorage\", \"name\": \"cache/2d/c0/2dc00e9de06c94ec334c8214eecf62b7.png\", \"size\": [84, 54]}'),('sorl-thumbnail||image||de977c6f5ed29b96420a2922b346bf12','{\"storage\": \"django.core.files.storage.FileSystemStorage\", \"name\": \"cache/55/93/5593429b0663dfdb2c2cd04ff484c92c.png\", \"size\": [84, 13]}'),('sorl-thumbnail||image||32e15227e1c991aab2cd26286bdf3e1b','{\"storage\": \"django.core.files.storage.FileSystemStorage\", \"name\": \"cache/0c/dc/0cdc865270cf14a82a250f0976509395.png\", \"size\": [84, 54]}'),('sorl-thumbnail||image||7fd5996aa3a692102de1c750ca2389d6','{\"storage\": \"django.core.files.storage.FileSystemStorage\", \"name\": \"cache/c7/6a/c76ac81fd355d118151ad62069745661.png\", \"size\": [84, 16]}'),('sorl-thumbnail||image||60155912af0beef9b6ce7641c9d3f76d','{\"storage\": \"django.core.files.storage.FileSystemStorage\", \"name\": \"cache/15/d4/15d433267c9c1599ab14b11a0eb87fac.png\", \"size\": [84, 54]}'),('sorl-thumbnail||image||f3c30f0b803ae8eaf9888256dc348e68','{\"storage\": \"django.core.files.storage.FileSystemStorage\", \"name\": \"cache/23/7e/237e95dc877457cb39bc26166c59ea5b.png\", \"size\": [84, 54]}'),('sorl-thumbnail||image||00e295f9f7b06b400ddb4353edbab4cc','{\"storage\": \"django.core.files.storage.FileSystemStorage\", \"name\": \"cache/ba/17/ba1751bf54a429fcfd73d47a1ba9ccf7.png\", \"size\": [84, 54]}'),('sorl-thumbnail||image||6e3a5ce2ddadd9bd26b9c3b676a5c399','{\"storage\": \"django.core.files.storage.FileSystemStorage\", \"name\": \"cache/96/ff/96ffce1f43acd3f14ee70fa59c8ae78c.png\", \"size\": [84, 54]}'),('sorl-thumbnail||image||74d4a8fc8cb317aa826fe4e302297c00','{\"storage\": \"django.core.files.storage.FileSystemStorage\", \"name\": \"cache/6b/3e/6b3ed58d0e78c0828e95561833f42b94.png\", \"size\": [84, 54]}'),('sorl-thumbnail||image||8940dfc75c94cfff82f5183cfe9dca35','{\"storage\": \"django.core.files.storage.FileSystemStorage\", \"name\": \"cache/51/3e/513e84cb33559afa29f97dae7f49d253.png\", \"size\": [84, 54]}'),('sorl-thumbnail||image||6524c6b81ca8286792812880ac319d12','{\"storage\": \"django.core.files.storage.FileSystemStorage\", \"name\": \"cache/5c/78/5c78f22d340eb831a2b7bde3878dd810.png\", \"size\": [84, 54]}'),('sorl-thumbnail||image||f30d71f2b0cd70d727d16ad494b13bb7','{\"storage\": \"django.core.files.storage.FileSystemStorage\", \"name\": \"cache/46/5f/465f48ad89a53a900e6165eaace82544.png\", \"size\": [84, 54]}'),('sorl-thumbnail||image||460af9953b3b801895047c30c4d1b409','{\"storage\": \"django.core.files.storage.FileSystemStorage\", \"name\": \"cache/f5/8b/f58b6a4300fd26744435405b525c4272.png\", \"size\": [84, 54]}'),('sorl-thumbnail||image||4ae4a74bafab4608d60fd287d84a8e88','{\"storage\": \"django.core.files.storage.FileSystemStorage\", \"name\": \"cache/32/51/32511078544b2e75725b847b506e5ef2.png\", \"size\": [84, 54]}'),('sorl-thumbnail||image||0b0478fb69386e4caeca15ee913ba0fc','{\"storage\": \"django.core.files.storage.FileSystemStorage\", \"name\": \"cache/d3/62/d362fff790cc16e4a762cf458bc27c21.png\", \"size\": [84, 54]}'),('sorl-thumbnail||image||26753e0547b3f3618fcf22f777d4580a','{\"storage\": \"django.core.files.storage.FileSystemStorage\", \"name\": \"cache/8b/3c/8b3c8375b1370ff0a9607d69798b9e5a.png\", \"size\": [84, 54]}'),('sorl-thumbnail||image||0ff42c3748331e8a15604877fa516c3e','{\"storage\": \"django.core.files.storage.FileSystemStorage\", \"name\": \"cache/98/7d/987d258617e4bca13d456245d6590238.png\", \"size\": [84, 54]}'),('sorl-thumbnail||image||9158996a567157ae6dfc8f8297c9409a','{\"storage\": \"django.core.files.storage.FileSystemStorage\", \"name\": \"cache/5b/de/5bdedd23dc9d058a072f5efd7d559ffb.png\", \"size\": [84, 13]}'),('sorl-thumbnail||image||651f552ca63f7046ace92e3c7eb861ee','{\"storage\": \"django.core.files.storage.FileSystemStorage\", \"name\": \"cache/83/ad/83adfe8cbed8e9904f37638186b2d8ab.png\", \"size\": [84, 13]}'),('sorl-thumbnail||image||821c40a39f71ec66c28331fae59df8d9','{\"storage\": \"django.core.files.storage.FileSystemStorage\", \"name\": \"cache/c3/da/c3dac0b037d4899c76235fb8f93a24d5.png\", \"size\": [84, 11]}'),('sorl-thumbnail||image||a0b41ae979809c78fb104ebbbb29e4d9','{\"storage\": \"django.core.files.storage.FileSystemStorage\", \"name\": \"cache/f7/f6/f7f6c93a5551dc6fb9db77bb8a705550.png\", \"size\": [84, 9]}'),('sorl-thumbnail||image||1b0c4793ee19bd440ccd76582153e8ce','{\"storage\": \"django.core.files.storage.FileSystemStorage\", \"name\": \"cache/31/75/3175eba67e56ec40c63890bb40911a9e.png\", \"size\": [84, 11]}'),('sorl-thumbnail||image||412ac7c1b211c6443154f7b23e93c9a0','{\"storage\": \"django.core.files.storage.FileSystemStorage\", \"name\": \"cache/02/82/0282e6395ec3e830058454a8208b868f.png\", \"size\": [84, 54]}'),('sorl-thumbnail||image||a8e4d6301a341fc207073bb29ce43f44','{\"storage\": \"django.core.files.storage.FileSystemStorage\", \"name\": \"cache/bc/0a/bc0ad2fc93313accbc5ba772b754c4bc.png\", \"size\": [84, 54]}'),('sorl-thumbnail||image||6f4227f7e42248fd491178caf52725cc','{\"storage\": \"django.core.files.storage.FileSystemStorage\", \"name\": \"cache/37/70/3770875cc46ab90ac040f9d7cf1149f1.png\", \"size\": [84, 11]}'),('sorl-thumbnail||image||143332a743b8f558c3d185c25b5f9fe9','{\"storage\": \"django.core.files.storage.FileSystemStorage\", \"name\": \"cache/7f/99/7f99223a7ac92fe14d6ee090b3fd4791.png\", \"size\": [84, 10]}'),('sorl-thumbnail||image||239ec34fd8e44808b8fc4ca2d3cea342','{\"storage\": \"django.core.files.storage.FileSystemStorage\", \"name\": \"cache/a2/7c/a27c4b3415ea526d83b9687b1c183401.png\", \"size\": [84, 10]}'),('sorl-thumbnail||image||c95b877232c8fa36274ea07bcbb6a57f','{\"storage\": \"django.core.files.storage.FileSystemStorage\", \"name\": \"cache/1b/1f/1b1fa7532a38bb4597aa5c529fe7dc73.png\", \"size\": [84, 10]}'),('sorl-thumbnail||image||cf4660e0c720772ecbcfb149388c8e14','{\"storage\": \"django.core.files.storage.FileSystemStorage\", \"name\": \"cache/b0/08/b0089fead86124c6b593aea587fd2f1d.png\", \"size\": [84, 54]}'),('sorl-thumbnail||image||f22bd897497fa9e5ee9034fe20fd5245','{\"storage\": \"django.core.files.storage.FileSystemStorage\", \"name\": \"cache/ca/41/ca41294a9db8ba48355de9573285ecef.png\", \"size\": [84, 13]}'),('sorl-thumbnail||image||d63ef885dcaeba1b21cbed17e215cc73','{\"storage\": \"django.core.files.storage.FileSystemStorage\", \"name\": \"cache/68/fd/68fd85cd2c835681a5e24ce81d092c1e.png\", \"size\": [84, 54]}'),('sorl-thumbnail||image||d3fdb2f840626dcf8e179e752ebb5569','{\"storage\": \"django.core.files.storage.FileSystemStorage\", \"name\": \"cache/81/37/8137eb945f683e9c6cad66a6ab57923a.png\", \"size\": [84, 54]}'),('sorl-thumbnail||image||e5fa19d041f0e48ce1f398561c77ec33','{\"storage\": \"django.core.files.storage.FileSystemStorage\", \"name\": \"cache/2c/ff/2cff3f64cd994fd1041fd53c9655fa59.png\", \"size\": [84, 11]}'),('sorl-thumbnail||image||1fe23a03904513023616816760224e1c','{\"storage\": \"django.core.files.storage.FileSystemStorage\", \"name\": \"cache/fa/4a/fa4ae3a294beafa126307f7f4b4ba77d.png\", \"size\": [84, 11]}'),('sorl-thumbnail||image||19684afd604eb09bbb67366f312b492e','{\"storage\": \"django.core.files.storage.FileSystemStorage\", \"name\": \"cache/c1/f7/c1f7ab065df4d885fdbd23ed5f8c5380.png\", \"size\": [84, 11]}'),('sorl-thumbnail||image||d0e4b2eb99112428e989e219b21613e8','{\"storage\": \"django.core.files.storage.FileSystemStorage\", \"name\": \"cache/0d/e3/0de3634913f493bce53851cd56970582.png\", \"size\": [84, 10]}'),('sorl-thumbnail||image||9e64733a966ca454802824302d166f0e','{\"storage\": \"django.core.files.storage.FileSystemStorage\", \"name\": \"cache/23/91/23915b232b55c2589b7b7af257e5c910.png\", \"size\": [84, 54]}'),('sorl-thumbnail||image||48a8a5b27e81f882d1efccbf377b5545','{\"storage\": \"django.core.files.storage.FileSystemStorage\", \"name\": \"cache/39/ef/39efa0371e7180f10b8e9c79363c9a20.png\", \"size\": [84, 54]}'),('sorl-thumbnail||image||5b59b30556220187e307d441be8175ba','{\"storage\": \"django.core.files.storage.FileSystemStorage\", \"name\": \"cache/ca/4f/ca4f9978f24629130b2351b70916a6e4.png\", \"size\": [84, 9]}'),('sorl-thumbnail||image||de27c9b86a2a7fda11e7109cf913e351','{\"storage\": \"django.core.files.storage.FileSystemStorage\", \"name\": \"cache/f9/7b/f97b1ed0b7b64edc2648c7a3a550ffe6.png\", \"size\": [84, 13]}'),('sorl-thumbnail||image||28bdc2c173b84562b6e4df043a6dbd52','{\"storage\": \"django.core.files.storage.FileSystemStorage\", \"name\": \"cache/7b/6d/7b6da596692d849d806d5313578b3c63.png\", \"size\": [84, 10]}'),('sorl-thumbnail||image||1173b6ab081b2843a908fb47ee61a7ee','{\"storage\": \"django.core.files.storage.FileSystemStorage\", \"name\": \"cache/29/16/2916b58ad0d77e4277f3aeb5db1c1957.png\", \"size\": [84, 14]}'),('sorl-thumbnail||image||45fc0a1493b1679f2596ab4c8fef784c','{\"storage\": \"django.core.files.storage.FileSystemStorage\", \"name\": \"cache/c9/da/c9da77aec028acb81090660a325127ea.png\", \"size\": [84, 10]}'),('sorl-thumbnail||image||9dc1c471ff150e41599c76462667abf3','{\"storage\": \"django.core.files.storage.FileSystemStorage\", \"name\": \"cache/fc/ff/fcff2f3787a34bc8b10e1f86acfa4d47.png\", \"size\": [84, 17]}'),('sorl-thumbnail||image||76b54511e8680fefd39808b237f23d4a','{\"storage\": \"django.core.files.storage.FileSystemStorage\", \"name\": \"cache/87/bb/87bb35258e03b03f19b4d50fbebc46e8.png\", \"size\": [84, 10]}'),('sorl-thumbnail||image||cbe2635a5760893a9aaf3c6fb6c51f2e','{\"storage\": \"django.core.files.storage.FileSystemStorage\", \"name\": \"cache/c8/97/c89722ed68c4f89b71b01e5e3969c347.png\", \"size\": [84, 54]}'),('sorl-thumbnail||image||acc88b52bbd321d48eebe54b242e295d','{\"storage\": \"django.core.files.storage.FileSystemStorage\", \"name\": \"cache/96/ca/96ca0b777212e781314441e81797854a.png\", \"size\": [84, 54]}'),('sorl-thumbnail||image||7245ae4f63bb88f4f97de41685004bcc','{\"storage\": \"django.core.files.storage.FileSystemStorage\", \"name\": \"cache/fb/6d/fb6df75603633dd3cb3bd7e1b05334b7.png\", \"size\": [84, 54]}'),('sorl-thumbnail||image||47da9e6e7ba1815f1c31ad52089bbf7d','{\"storage\": \"django.core.files.storage.FileSystemStorage\", \"name\": \"cache/3e/26/3e26c6ef778cfeaeecd0926c277441fd.png\", \"size\": [84, 54]}'),('sorl-thumbnail||image||d6954ef4ec8bae2d5f26249e19c95cda','{\"storage\": \"django.core.files.storage.FileSystemStorage\", \"name\": \"cache/d4/b7/d4b77d321565b80e192e4e0a5b32e319.png\", \"size\": [84, 54]}'),('sorl-thumbnail||image||f5afad207104f9f2097e5b017699bacb','{\"storage\": \"django.core.files.storage.FileSystemStorage\", \"name\": \"cache/8e/89/8e89f4e0bded7241e68dbfb9fe5da220.png\", \"size\": [84, 54]}'),('sorl-thumbnail||image||2ef7a6b951cd8156f92fcbdbeba2761d','{\"storage\": \"django.core.files.storage.FileSystemStorage\", \"name\": \"cache/7a/22/7a2232da79228ba4bf9335bb00eb9e57.png\", \"size\": [84, 54]}'),('sorl-thumbnail||image||1a75e53778fd36708d114b83a1c17910','{\"storage\": \"django.core.files.storage.FileSystemStorage\", \"name\": \"cache/36/f5/36f514306232e3baa31732ab8e826560.png\", \"size\": [84, 54]}'),('sorl-thumbnail||image||420b7e49eb3ad9f0799251c37b502ac6','{\"storage\": \"django.core.files.storage.FileSystemStorage\", \"name\": \"cache/f8/42/f842e63bca30a63bce81aeb02b1aea34.png\", \"size\": [84, 54]}'),('sorl-thumbnail||image||51fc65ab25721ebff6b3df6bff03fe93','{\"storage\": \"django.core.files.storage.FileSystemStorage\", \"name\": \"cache/bd/1b/bd1ba5eea6b7358ac0ada3ffa01c1f79.png\", \"size\": [84, 54]}'),('sorl-thumbnail||image||e347163a6d5019256f6b659b9af3fb3f','{\"storage\": \"django.core.files.storage.FileSystemStorage\", \"name\": \"cache/88/4d/884d22345780f8a64e8bf4d7c15b4c47.png\", \"size\": [84, 54]}'),('sorl-thumbnail||image||0fffa0d639e2f313e2cb73048b5e30af','{\"storage\": \"django.core.files.storage.FileSystemStorage\", \"name\": \"images/productimage-picture-mac-baren-ice-tea-choice-ryo-178.png\", \"size\": [600, 386]}'),('sorl-thumbnail||image||a8f6a4e4ea6d24aeea15b295b23cb05f','{\"storage\": \"django.core.files.storage.FileSystemStorage\", \"name\": \"cache/56/1f/561ff2f6d6619aef07f1c1b4dd3527f7.png\", \"size\": [84, 54]}'),('sorl-thumbnail||thumbnails||0fffa0d639e2f313e2cb73048b5e30af','[\"a8f6a4e4ea6d24aeea15b295b23cb05f\"]'),('sorl-thumbnail||image||ea3ddfd2954aa036c1cee550b140af2c','{\"storage\": \"django.core.files.storage.FileSystemStorage\", \"name\": \"cache/01/b9/01b98f7d54b383d7d9086709c991905f.png\", \"size\": [84, 54]}'),('sorl-thumbnail||image||2c69a792d475a375580adedd6561ba2d','{\"storage\": \"django.core.files.storage.FileSystemStorage\", \"name\": \"cache/05/9f/059fa6c9fbf924a2132383d1dd8a5e4e.png\", \"size\": [84, 54]}'),('sorl-thumbnail||image||5d7ef48a4df2ce3ae4a393869ef7ec2b','{\"storage\": \"django.core.files.storage.FileSystemStorage\", \"name\": \"cache/02/99/0299ead997a91c8f297bdc6095c20a5f.png\", \"size\": [84, 54]}'),('sorl-thumbnail||image||223377229ad861808259bacba5fa6eac','{\"storage\": \"django.core.files.storage.FileSystemStorage\", \"name\": \"cache/fb/c6/fbc689c4dc3d4b5d967441500aabdbaa.png\", \"size\": [84, 54]}'),('sorl-thumbnail||image||ec4a22ec1ad0e9e87ead534747e3cb93','{\"storage\": \"django.core.files.storage.FileSystemStorage\", \"name\": \"cache/6a/e5/6ae5d8efe29a955507a3f6a4b25f9016.png\", \"size\": [84, 54]}'),('sorl-thumbnail||image||e5efe740de20faba2344df3ca643ed5b','{\"storage\": \"django.core.files.storage.FileSystemStorage\", \"name\": \"cache/87/d7/87d7d8475ebde88f0b370008ee8468a6.png\", \"size\": [84, 54]}'),('sorl-thumbnail||image||5f7e533ca89a8f149e6c1ecb078f9aec','{\"storage\": \"django.core.files.storage.FileSystemStorage\", \"name\": \"cache/aa/fa/aafa6d3a2bc0646c3505d493929c2c26.png\", \"size\": [84, 54]}'),('sorl-thumbnail||image||55963756aab620300e50e558a7aba511','{\"storage\": \"django.core.files.storage.FileSystemStorage\", \"name\": \"cache/a8/86/a886a58b47f0c3805773b6d10950cdf7.png\", \"size\": [84, 54]}'),('sorl-thumbnail||image||0913b2a197e48cfb2932939a69443610','{\"storage\": \"django.core.files.storage.FileSystemStorage\", \"name\": \"cache/ba/c7/bac7c673da9d0fc7cfc5ae454104d3d6.png\", \"size\": [84, 54]}'),('sorl-thumbnail||image||21c3e7e05907efff4dfa33632b7f648b','{\"storage\": \"django.core.files.storage.FileSystemStorage\", \"name\": \"cache/ca/7a/ca7a414d0d63e781fe5724220ef4933c.png\", \"size\": [84, 54]}'),('sorl-thumbnail||image||16744a509fc0f04df1e777fc2d51c17c','{\"storage\": \"django.core.files.storage.FileSystemStorage\", \"name\": \"cache/4d/47/4d471c725538415b7e0be80cb5f5d64b.png\", \"size\": [84, 13]}'),('sorl-thumbnail||image||3327e47d1c03c06b540c2384d8b64a09','{\"storage\": \"django.core.files.storage.FileSystemStorage\", \"name\": \"cache/83/03/8303559eaa3e2718664400c15650c2ec.png\", \"size\": [84, 54]}'),('sorl-thumbnail||image||04f30e8f66cfb57653f257b30f310e7a','{\"storage\": \"django.core.files.storage.FileSystemStorage\", \"name\": \"cache/7c/c5/7cc51ff7368a594f0578d15bca999c97.png\", \"size\": [84, 54]}'),('sorl-thumbnail||image||5622d0b24a4c74091f63793f4ae82a79','{\"storage\": \"django.core.files.storage.FileSystemStorage\", \"name\": \"cache/f1/d2/f1d27d5c429a8d5eb7c62ef5f72cd517.png\", \"size\": [84, 11]}'),('sorl-thumbnail||image||260d2524b335930afdd48960bac6ac68','{\"storage\": \"django.core.files.storage.FileSystemStorage\", \"name\": \"cache/8a/4d/8a4dcf49c3873e4a3219d32c345ffe7c.png\", \"size\": [84, 10]}'),('sorl-thumbnail||image||8959092158db92f08c284a1547fe9b53','{\"storage\": \"django.core.files.storage.FileSystemStorage\", \"name\": \"cache/de/24/de24ea9e048436c9a7bd5b5754582ab0.png\", \"size\": [84, 11]}'),('sorl-thumbnail||image||fc1c3f0fc495ce026ac2d78aeb80a9e3','{\"storage\": \"django.core.files.storage.FileSystemStorage\", \"name\": \"cache/32/51/32516f7c18059cc9f497def454c7ba43.png\", \"size\": [84, 13]}'),('sorl-thumbnail||image||9fc120f3ed106bf4b882321dae19d66e','{\"storage\": \"django.core.files.storage.FileSystemStorage\", \"name\": \"cache/00/ef/00ef1906fd94b90dcd70112d73abbe65.png\", \"size\": [84, 12]}'),('sorl-thumbnail||image||f06029219f6f90c6b949226419f5fc57','{\"storage\": \"django.core.files.storage.FileSystemStorage\", \"name\": \"cache/4e/fb/4efbe67d8b3d7236b692a29730769210.png\", \"size\": [84, 11]}'),('sorl-thumbnail||image||6f07f2f2efdcbd2056383c5959ca54e3','{\"storage\": \"django.core.files.storage.FileSystemStorage\", \"name\": \"cache/a0/2a/a02ab17b3d8184e5919a14b02f2cd35e.png\", \"size\": [84, 13]}'),('sorl-thumbnail||image||e9b0c9805ddb4a0a85a7862bd4c56a73','{\"storage\": \"django.core.files.storage.FileSystemStorage\", \"name\": \"cache/da/50/da50d15bc2afa1dfc8250ccbbe97ef90.png\", \"size\": [84, 12]}'),('sorl-thumbnail||image||048559e7ee7fd037ea3e5af1c3d7f6ed','{\"storage\": \"django.core.files.storage.FileSystemStorage\", \"name\": \"cache/68/58/6858d860490f143629a4ec18cb41bb9b.png\", \"size\": [84, 17]}'),('sorl-thumbnail||image||cc842177e1320486c2d502341e37df14','{\"storage\": \"django.core.files.storage.FileSystemStorage\", \"name\": \"cache/3a/97/3a9760ebd35180fa77b1d32075ccdeee.png\", \"size\": [84, 54]}'),('sorl-thumbnail||image||19fccf6428f358c2de3b9ee11431ab77','{\"storage\": \"django.core.files.storage.FileSystemStorage\", \"name\": \"cache/81/61/81615e3760846f92c825fcbbbeec493a.png\", \"size\": [84, 54]}'),('sorl-thumbnail||image||c80cbcb37f435f835856e8413af4b9b3','{\"storage\": \"django.core.files.storage.FileSystemStorage\", \"name\": \"cache/a6/f5/a6f5f48bd920f8673518d429faa20249.png\", \"size\": [84, 54]}'),('sorl-thumbnail||image||8d00411d4f932260980629080f9a94b4','{\"storage\": \"django.core.files.storage.FileSystemStorage\", \"name\": \"cache/b7/09/b70967f61e762a1ce3ab29d274206562.png\", \"size\": [84, 54]}'),('sorl-thumbnail||image||df25ae25483f4a5d6cede8ff8f06c164','{\"storage\": \"django.core.files.storage.FileSystemStorage\", \"name\": \"cache/97/54/97541073eafbe2e9405dcfad879d3dad.png\", \"size\": [84, 54]}'),('sorl-thumbnail||image||d6bdb091d0ac438c2df7b72f8d3ed76d','{\"storage\": \"django.core.files.storage.FileSystemStorage\", \"name\": \"cache/01/45/0145b39a364fa9ea05f93a2612b94ba1.png\", \"size\": [84, 54]}'),('sorl-thumbnail||image||98fd1e5fa2bba25d7cb067b0f7c6bbf4','{\"storage\": \"django.core.files.storage.FileSystemStorage\", \"name\": \"cache/2c/fc/2cfce7301680f7ce9e78cb165d48869d.png\", \"size\": [84, 54]}'),('sorl-thumbnail||image||1d43b38c698edc22bab151c245606d4b','{\"storage\": \"django.core.files.storage.FileSystemStorage\", \"name\": \"cache/e9/2f/e92fbc8dcd1ffdf43c0c948969fee614.png\", \"size\": [84, 9]}'),('sorl-thumbnail||image||d639d0e50d68f51fea7f11b45810d53a','{\"storage\": \"django.core.files.storage.FileSystemStorage\", \"name\": \"cache/59/05/5905b0cc0d52f98d665e0f3cc2a800fd.png\", \"size\": [84, 10]}'),('sorl-thumbnail||image||53b4fe89be7fefe6be5de17d9cb41c2d','{\"storage\": \"django.core.files.storage.FileSystemStorage\", \"name\": \"cache/76/7f/767ff5f5e9c15c875bac8a14fbdf8bbd.png\", \"size\": [84, 54]}'),('sorl-thumbnail||image||2d71da0e6484e52b22d0d75f137c9b80','{\"storage\": \"django.core.files.storage.FileSystemStorage\", \"name\": \"cache/ad/d5/add57e50950060733ae42f8e5168df63.png\", \"size\": [84, 54]}'),('sorl-thumbnail||image||22fbef87937f4a967b1ff3c53fd76486','{\"storage\": \"django.core.files.storage.FileSystemStorage\", \"name\": \"cache/40/4e/404e67bb501ab1a2a98e3298d299e40c.png\", \"size\": [84, 54]}'),('sorl-thumbnail||image||f112585b426a095ac756705dd5a69124','{\"storage\": \"django.core.files.storage.FileSystemStorage\", \"name\": \"cache/9c/51/9c513e3d483f3d3d4527353fa520d617.png\", \"size\": [84, 54]}'),('sorl-thumbnail||image||450732f5ed6656f2216594918a0c51af','{\"storage\": \"django.core.files.storage.FileSystemStorage\", \"name\": \"cache/49/5a/495ae782e28a28af27ad9032280cec3b.png\", \"size\": [84, 11]}'),('sorl-thumbnail||image||4afac6c51783b9e022a3ff8f4fcd8a7f','{\"storage\": \"django.core.files.storage.FileSystemStorage\", \"name\": \"cache/7b/67/7b678436e45bde2324d2e89e99de5fd3.png\", \"size\": [84, 9]}'),('sorl-thumbnail||image||3676b2413fa1189b7b23fe33772b7ee5','{\"storage\": \"django.core.files.storage.FileSystemStorage\", \"name\": \"cache/a5/b2/a5b226da09599b1064230fd3bed935c7.png\", \"size\": [84, 11]}'),('sorl-thumbnail||image||3b3f4c58ef0bbf55b80c58901ba93632','{\"storage\": \"django.core.files.storage.FileSystemStorage\", \"name\": \"cache/a7/32/a732cbcc39c6b4b1a137dd87990d1e65.png\", \"size\": [84, 54]}'),('sorl-thumbnail||image||c55d4eb46afdd97b2e7e5aa1684e678b','{\"storage\": \"django.core.files.storage.FileSystemStorage\", \"name\": \"cache/b7/71/b771824686818a3f4d16d82eb2e064a7.png\", \"size\": [84, 54]}'),('sorl-thumbnail||image||535a75a7ec99ab56767a7eec5a728728','{\"storage\": \"django.core.files.storage.FileSystemStorage\", \"name\": \"cache/ce/f5/cef5a8d709103e7034820bf9b8e39471.png\", \"size\": [84, 54]}'),('sorl-thumbnail||image||728f8a252d8dbf53c82709364bf2f46e','{\"storage\": \"django.core.files.storage.FileSystemStorage\", \"name\": \"cache/9b/90/9b908ff362de544173a3b28c395ecccd.png\", \"size\": [84, 13]}'),('sorl-thumbnail||image||6f2680efb0cf0416aff5d82900edf4d3','{\"storage\": \"django.core.files.storage.FileSystemStorage\", \"name\": \"cache/77/6f/776f7ee47dbd0fdb3320cb9985eacf20.png\", \"size\": [84, 54]}'),('sorl-thumbnail||image||9aff0c21116ea5b793be9df1b0cef6c6','{\"storage\": \"django.core.files.storage.FileSystemStorage\", \"name\": \"cache/10/51/10516a77ae08d53ccd201721068b297e.png\", \"size\": [84, 11]}'),('sorl-thumbnail||image||f49782fe694a91855962d242558b431a','{\"storage\": \"django.core.files.storage.FileSystemStorage\", \"name\": \"cache/6e/76/6e764b1bc38f0ffd86ac375c9639e268.png\", \"size\": [84, 7]}'),('sorl-thumbnail||image||a789bdca46615af1ffbe50ee4b2c8b14','{\"storage\": \"django.core.files.storage.FileSystemStorage\", \"name\": \"cache/04/f6/04f6c03b9794d952d1bf8fa738cb54cc.png\", \"size\": [84, 54]}'),('sorl-thumbnail||image||a3ab3123fa3dbaafd7496718701c424d','{\"storage\": \"django.core.files.storage.FileSystemStorage\", \"name\": \"cache/2a/c5/2ac5bebad2103f54e28ffddc48898d52.png\", \"size\": [84, 54]}'),('sorl-thumbnail||image||8883d231c42fe85c2b4d28929593fd07','{\"storage\": \"django.core.files.storage.FileSystemStorage\", \"name\": \"cache/ce/02/ce025d40a7ca0065e8baefa0f222fcde.png\", \"size\": [84, 8]}'),('sorl-thumbnail||image||a9b5f7bc683575a7998c60909fe3132c','{\"storage\": \"django.core.files.storage.FileSystemStorage\", \"name\": \"cache/81/be/81be27cb4e6693337c25c7547bbde5f7.png\", \"size\": [84, 10]}'),('sorl-thumbnail||image||539837ced63ca9e58c453665ef57832d','{\"storage\": \"django.core.files.storage.FileSystemStorage\", \"name\": \"cache/67/41/67414b43ed81024594fed865c2e0ed36.png\", \"size\": [84, 54]}'),('sorl-thumbnail||image||7b2ac3d68ea900a08986f692340112a5','{\"storage\": \"django.core.files.storage.FileSystemStorage\", \"name\": \"cache/00/18/0018dd0aa5faf4bc449e2e9075a1a768.png\", \"size\": [84, 12]}'),('sorl-thumbnail||image||9cbde04cd9119ba68e01c4313d2f891e','{\"storage\": \"django.core.files.storage.FileSystemStorage\", \"name\": \"cache/1b/47/1b4714a4acb4895e457d45758c11fae1.png\", \"size\": [84, 9]}'),('sorl-thumbnail||image||fd31e7a3665d51aaa27cfae9d003af93','{\"storage\": \"django.core.files.storage.FileSystemStorage\", \"name\": \"cache/97/0e/970e41ca6983d0ce65fee7f672192875.png\", \"size\": [84, 54]}'),('sorl-thumbnail||image||295442dbc2dd91a0a004dce1e7294c94','{\"storage\": \"django.core.files.storage.FileSystemStorage\", \"name\": \"cache/ad/0a/ad0a5833d3335e6e28c1261e86fd2d7e.png\", \"size\": [84, 54]}'),('sorl-thumbnail||image||236eb26daaee326f772edb230a7b7703','{\"storage\": \"django.core.files.storage.FileSystemStorage\", \"name\": \"cache/d5/08/d508f63ed6a3fe0b44788356ed7dc862.png\", \"size\": [84, 11]}'),('sorl-thumbnail||image||cb7ea0c224e4926f011520e670546650','{\"storage\": \"django.core.files.storage.FileSystemStorage\", \"name\": \"cache/59/90/5990f50eba4cee615fd57380778101bb.png\", \"size\": [84, 13]}'),('sorl-thumbnail||image||ce32381233910e84f8ba582a485a25c1','{\"storage\": \"django.core.files.storage.FileSystemStorage\", \"name\": \"cache/20/fe/20fea28a8fb31bc839e73e20db0bb70e.png\", \"size\": [84, 54]}'),('sorl-thumbnail||image||027e1bbf7a89930b31ea619bb9d4f5d6','{\"storage\": \"django.core.files.storage.FileSystemStorage\", \"name\": \"cache/a1/01/a10106393734786d53cc5276b4ae2a07.png\", \"size\": [84, 10]}'),('sorl-thumbnail||image||7716b619613a070e11521eaab3706e50','{\"storage\": \"django.core.files.storage.FileSystemStorage\", \"name\": \"cache/bd/2b/bd2b085e2a737c536df04766c98fcf41.png\", \"size\": [84, 11]}'),('sorl-thumbnail||image||e56849ba7e0d2c660af718d86083ebf4','{\"storage\": \"django.core.files.storage.FileSystemStorage\", \"name\": \"cache/93/79/9379b87f4e3f564cba5904b47f90b749.png\", \"size\": [84, 11]}'),('sorl-thumbnail||image||ef7f9b3b1eca64e6fa64cc5c5a2b13bd','{\"storage\": \"django.core.files.storage.FileSystemStorage\", \"name\": \"cache/94/79/9479424b5dc91dd48f09dd7135640d71.png\", \"size\": [84, 13]}'),('sorl-thumbnail||image||8dfc5efb2a7050e84d6b0568cafcff2f','{\"storage\": \"django.core.files.storage.FileSystemStorage\", \"name\": \"cache/4c/64/4c64f2accffc437dee17c53f89ef8f68.png\", \"size\": [84, 12]}'),('sorl-thumbnail||image||bcc45ff0cf4364cf36238bdfe5544d79','{\"storage\": \"django.core.files.storage.FileSystemStorage\", \"name\": \"cache/96/c8/96c8c2b8417736c7d56d7819cb89a8bf.png\", \"size\": [84, 15]}'),('sorl-thumbnail||image||72f10bbf3e863c826ffcf2008fa1846f','{\"storage\": \"django.core.files.storage.FileSystemStorage\", \"name\": \"cache/99/e6/99e6772702b5615730d4b5d14f02391b.png\", \"size\": [84, 13]}'),('sorl-thumbnail||image||17f101ee812f461e1552f0c9f4cd2253','{\"storage\": \"django.core.files.storage.FileSystemStorage\", \"name\": \"cache/80/7b/807b9107089bea00fc1438c0224e2cfa.png\", \"size\": [84, 11]}'),('sorl-thumbnail||image||72a4c616f5e6199606a992f71b9aab13','{\"storage\": \"django.core.files.storage.FileSystemStorage\", \"name\": \"cache/3e/7a/3e7aaea48bd896bf4e8bbbcc2fa8fd18.png\", \"size\": [84, 12]}'),('sorl-thumbnail||image||f8cf1bd4b0cd8563d25b795adaeb73e9','{\"storage\": \"django.core.files.storage.FileSystemStorage\", \"name\": \"cache/57/31/57319d9bad51c32fd005c19a2697e18b.png\", \"size\": [84, 54]}'),('sorl-thumbnail||image||1e5fc61b871b04f284e34755f6d0e498','{\"storage\": \"django.core.files.storage.FileSystemStorage\", \"name\": \"cache/50/7f/507f4747e16ad737574e10a9a9ff614a.png\", \"size\": [84, 54]}'),('sorl-thumbnail||image||8eb8579d22eb1f811cdc52244f7cef25','{\"storage\": \"django.core.files.storage.FileSystemStorage\", \"name\": \"cache/3d/89/3d89bc1a40f3701bce726eb81373c3d6.png\", \"size\": [84, 54]}'),('sorl-thumbnail||image||18f497518030d347f9e12f9ca6ead172','{\"storage\": \"django.core.files.storage.FileSystemStorage\", \"name\": \"cache/7b/6b/7b6bc1e822d6bb834f625ae165b78163.png\", \"size\": [84, 54]}'),('sorl-thumbnail||image||da5fb96d1efb8b34684e4ef9c7c70cee','{\"storage\": \"django.core.files.storage.FileSystemStorage\", \"name\": \"cache/89/db/89dbc249e213c1cf86bd3f5bd81c9e62.png\", \"size\": [84, 54]}'),('sorl-thumbnail||image||3ac7ba27925d6b4ca0ad2ebbd3518a18','{\"storage\": \"django.core.files.storage.FileSystemStorage\", \"name\": \"cache/92/6a/926a91591c06e027855ebd4b861ab1c4.png\", \"size\": [84, 11]}'),('sorl-thumbnail||image||cc7ae23fe2375f5bbd17eec702d0c114','{\"storage\": \"django.core.files.storage.FileSystemStorage\", \"name\": \"cache/6d/ef/6def8db26f6366382dd120517add3a9b.png\", \"size\": [84, 7]}'),('sorl-thumbnail||image||0ad2ea9a6e400067fa32fcf5991d6292','{\"storage\": \"django.core.files.storage.FileSystemStorage\", \"name\": \"cache/be/02/be021ec522a5ec6f8506ff2e2e026c10.png\", \"size\": [84, 12]}'),('sorl-thumbnail||image||c0238cb22b230cd3c4830527eb3245bb','{\"storage\": \"django.core.files.storage.FileSystemStorage\", \"name\": \"cache/db/08/db080c3e6846dd785708b71c91a30de4.png\", \"size\": [84, 11]}'),('sorl-thumbnail||image||d571e4be122bad629e69e2a1e8a33b8c','{\"storage\": \"django.core.files.storage.FileSystemStorage\", \"name\": \"cache/eb/d1/ebd1580c0210c749e2a8f401cbb80d4a.png\", \"size\": [84, 12]}'),('sorl-thumbnail||image||f1848af50d193aed0e38bd042c6e457e','{\"storage\": \"django.core.files.storage.FileSystemStorage\", \"name\": \"cache/f0/69/f06952ec10afcfa58949e0d61027b786.png\", \"size\": [84, 54]}'),('sorl-thumbnail||image||dbba8f0a9e804be6deef28f131de841f','{\"storage\": \"django.core.files.storage.FileSystemStorage\", \"name\": \"cache/42/b8/42b8cd61775d35b6f0db21c6ff2690b6.png\", \"size\": [84, 54]}'),('sorl-thumbnail||image||f08919a4337a42086b8fce0136f14e7d','{\"storage\": \"django.core.files.storage.FileSystemStorage\", \"name\": \"cache/b9/46/b946ea2be7c98bf1c725017ead10204b.png\", \"size\": [84, 54]}'),('sorl-thumbnail||image||8a8b9a02071d81bba67087b80a3b519a','{\"storage\": \"django.core.files.storage.FileSystemStorage\", \"name\": \"cache/fb/2b/fb2b6b1d7086f24f89f9eca680f14f75.png\", \"size\": [84, 54]}'),('sorl-thumbnail||image||b383a85dc98f370d8e5385e5dad4cc3b','{\"storage\": \"django.core.files.storage.FileSystemStorage\", \"name\": \"cache/3e/0d/3e0d19e0433e8b9a085eb108ff446530.png\", \"size\": [84, 54]}'),('sorl-thumbnail||image||942f6e5993b46d6a2e243b338c0e88f7','{\"storage\": \"django.core.files.storage.FileSystemStorage\", \"name\": \"cache/e8/8c/e88c84f1c566d4379f101c557cd891da.png\", \"size\": [84, 54]}'),('sorl-thumbnail||image||265ef7efd1db844ce50bd509d0b7f262','{\"storage\": \"django.core.files.storage.FileSystemStorage\", \"name\": \"cache/98/ab/98abfb23c556388a8acfe23107c9fb36.png\", \"size\": [84, 8]}'),('sorl-thumbnail||image||b5374bf152d7af080fd5248375ebc74b','{\"storage\": \"django.core.files.storage.FileSystemStorage\", \"name\": \"cache/6c/f1/6cf1f1f4641993ea32ef5508b93e6730.png\", \"size\": [84, 8]}'),('sorl-thumbnail||image||c953cb2d34a3c2ef15499bdd32213feb','{\"storage\": \"django.core.files.storage.FileSystemStorage\", \"name\": \"cache/1c/4a/1c4a4bd630a3332057883dcba749ad85.png\", \"size\": [84, 13]}'),('sorl-thumbnail||image||9eaf94a3eb5e37992872a481e5f3936a','{\"storage\": \"django.core.files.storage.FileSystemStorage\", \"name\": \"cache/7f/7d/7f7d33231d8cc3414916ab0317189397.png\", \"size\": [84, 11]}'),('sorl-thumbnail||image||bb56a6d3f21c9acc2f68e437c51ad485','{\"storage\": \"django.core.files.storage.FileSystemStorage\", \"name\": \"cache/24/15/2415098196ee9746aa85918a0962be75.png\", \"size\": [84, 54]}'),('sorl-thumbnail||image||259759ad222b56d35b3677f4f90cb97c','{\"storage\": \"django.core.files.storage.FileSystemStorage\", \"name\": \"cache/4d/aa/4daa1d1121009261bd90ee115eca8b68.png\", \"size\": [84, 54]}'),('sorl-thumbnail||image||40734b08eb3d79beeda9d2d7bb554cb1','{\"storage\": \"django.core.files.storage.FileSystemStorage\", \"name\": \"cache/df/d1/dfd1b844cd4a48cd88230dc2098a0482.png\", \"size\": [84, 54]}'),('sorl-thumbnail||image||2145c02fd6adb41eaa121ec110f4bcd9','{\"storage\": \"django.core.files.storage.FileSystemStorage\", \"name\": \"cache/be/03/be0381704d6878deabc37a7ea0c2168c.png\", \"size\": [84, 54]}'),('sorl-thumbnail||image||dc144d03d8b1a438d385920903d721da','{\"storage\": \"django.core.files.storage.FileSystemStorage\", \"name\": \"cache/ae/56/ae5644344fd92af72d8eb57108a0d73a.png\", \"size\": [84, 54]}'),('sorl-thumbnail||image||60c454f909049add8a51fc7bebb03c8d','{\"storage\": \"django.core.files.storage.FileSystemStorage\", \"name\": \"cache/bd/ba/bdba94d8f4747bd2e43279d0039c1808.png\", \"size\": [84, 54]}'),('sorl-thumbnail||image||ead208a568ef6b2a59500da332e35641','{\"storage\": \"django.core.files.storage.FileSystemStorage\", \"name\": \"cache/3f/f5/3ff57e663b25b5cc3ab14a0704db0e55.png\", \"size\": [84, 54]}'),('sorl-thumbnail||image||2cf319c663cfd33fab1482b55cb1b1bd','{\"storage\": \"django.core.files.storage.FileSystemStorage\", \"name\": \"cache/de/8c/de8c1544216558958be8989c6210b42f.png\", \"size\": [84, 54]}'),('sorl-thumbnail||image||c86c615062cfb3b4dfc5b6ea84ddabc0','{\"storage\": \"django.core.files.storage.FileSystemStorage\", \"name\": \"cache/3d/cc/3dccecc49b42b9be8b9598c61fc8ea5e.png\", \"size\": [84, 54]}'),('sorl-thumbnail||image||a8d4d3162129d20f604668ffd264a623','{\"storage\": \"django.core.files.storage.FileSystemStorage\", \"name\": \"cache/b6/35/b6353807fec7bb5fef3d2a61132cc214.png\", \"size\": [84, 54]}'),('sorl-thumbnail||image||1aead61b6629ae90ab033027207cb454','{\"storage\": \"django.core.files.storage.FileSystemStorage\", \"name\": \"cache/ad/38/ad38b23094071e18f60e20fc6c715dca.png\", \"size\": [84, 54]}'),('sorl-thumbnail||image||912f38479a889a4140019681e3e422f4','{\"storage\": \"django.core.files.storage.FileSystemStorage\", \"name\": \"cache/9a/61/9a6131cecc6dd85560a593541dfea899.png\", \"size\": [84, 54]}'),('sorl-thumbnail||image||474938cb076dea80e4b7bc907e3c97d8','{\"storage\": \"django.core.files.storage.FileSystemStorage\", \"name\": \"cache/e3/93/e39343ee2ffc327479eb8ade92930ae0.png\", \"size\": [84, 54]}'),('sorl-thumbnail||image||82f9edefc34e36b9037c35563286693c','{\"storage\": \"django.core.files.storage.FileSystemStorage\", \"name\": \"cache/68/41/6841fb712d03093a730826e488b6963c.png\", \"size\": [84, 54]}'),('sorl-thumbnail||image||1c5bb1b93a0fd061d5823f9c7a2fe913','{\"storage\": \"django.core.files.storage.FileSystemStorage\", \"name\": \"cache/4e/29/4e2905a9454d7ecaf70b71553dfd97e1.png\", \"size\": [84, 54]}'),('sorl-thumbnail||image||e3e816b65d7ca629238b03da018f43eb','{\"storage\": \"django.core.files.storage.FileSystemStorage\", \"name\": \"cache/a4/60/a4605826bf6606c99b8bddcd781a50dd.png\", \"size\": [84, 54]}'),('sorl-thumbnail||image||3a76376c9a9e0c30ed703f8c6c95e8c7','{\"storage\": \"django.core.files.storage.FileSystemStorage\", \"name\": \"cache/45/00/4500592d6e0cd5713bf1ee9cf1b08078.png\", \"size\": [84, 54]}'),('sorl-thumbnail||image||c7c3b7ac9976075ba9e75b3702c68cec','{\"storage\": \"django.core.files.storage.FileSystemStorage\", \"name\": \"cache/a0/12/a0128be6cb5eedfafc108186beb72f6c.png\", \"size\": [84, 54]}'),('sorl-thumbnail||image||769e0a63393252e8d76b06b6bd806cbf','{\"storage\": \"django.core.files.storage.FileSystemStorage\", \"name\": \"cache/bd/75/bd75ebbeeaabac4a39333884eadd3756.png\", \"size\": [84, 54]}'),('sorl-thumbnail||image||660ac5bf03aff8aa7f830a54c9f0b7e9','{\"storage\": \"django.core.files.storage.FileSystemStorage\", \"name\": \"cache/93/3c/933c62ef1e80f01bc4c18e8f21fba237.png\", \"size\": [84, 54]}'),('sorl-thumbnail||image||46546ee6e7fca39b6f3f788b5d310a08','{\"storage\": \"django.core.files.storage.FileSystemStorage\", \"name\": \"cache/fc/e7/fce7a8048d521e495e40a6324842b9e8.png\", \"size\": [84, 54]}'),('sorl-thumbnail||image||5ab53909ff3d8033c9cb775ebb6749cd','{\"storage\": \"django.core.files.storage.FileSystemStorage\", \"name\": \"cache/56/87/5687f55e9222410ce743a609cace21c1.png\", \"size\": [84, 54]}'),('sorl-thumbnail||image||83851d16b41fa7515ef20337304ea603','{\"storage\": \"django.core.files.storage.FileSystemStorage\", \"name\": \"cache/67/5d/675d5255be39cf5fb636fde81e444cb8.png\", \"size\": [84, 14]}'),('sorl-thumbnail||image||f35e5590039595823f9daef1f9f639bf','{\"storage\": \"django.core.files.storage.FileSystemStorage\", \"name\": \"cache/b6/d6/b6d6df0d56527a4e7685889123c2cc08.png\", \"size\": [84, 12]}'),('sorl-thumbnail||image||7c9ab02dda495449686cb8b37657c5cb','{\"storage\": \"django.core.files.storage.FileSystemStorage\", \"name\": \"cache/46/03/4603bb66d9392cae8e2724e5d208bf97.png\", \"size\": [84, 11]}'),('sorl-thumbnail||image||15f52f797bdbd3fb3e11b002065211d8','{\"storage\": \"django.core.files.storage.FileSystemStorage\", \"name\": \"cache/29/1b/291b3df6f3742ba59b8f234d6f3b23f4.png\", \"size\": [84, 13]}'),('sorl-thumbnail||image||e60600c34b5b32eede6dcd994ce5ad64','{\"storage\": \"django.core.files.storage.FileSystemStorage\", \"name\": \"cache/e7/40/e740ed946d44fbdd6d000032a489ba9f.png\", \"size\": [84, 13]}'),('sorl-thumbnail||image||947dd09ef37c5ad47858b94fbfb8653d','{\"storage\": \"django.core.files.storage.FileSystemStorage\", \"name\": \"cache/31/0b/310b0ce74ffbf1c7242c1c2dd57df5a0.png\", \"size\": [84, 13]}'),('sorl-thumbnail||image||4a2eb39201d13852a00e52fa6e609cfb','{\"storage\": \"django.core.files.storage.FileSystemStorage\", \"name\": \"cache/9d/44/9d4427c13d7bbf5583f3922f82816953.png\", \"size\": [84, 10]}'),('sorl-thumbnail||image||ae35e59290e5a9d3e8ebce0f58715575','{\"storage\": \"django.core.files.storage.FileSystemStorage\", \"name\": \"cache/fe/71/fe7147265596f2346ac271bf4a39667c.png\", \"size\": [84, 9]}'),('sorl-thumbnail||image||8821962701acfa44d04dd4e8049f5c6f','{\"storage\": \"django.core.files.storage.FileSystemStorage\", \"name\": \"cache/78/ef/78efa0edb521e3d19551166514c8eba2.png\", \"size\": [84, 8]}'),('sorl-thumbnail||image||940985399e347a95732af096d87bc3e7','{\"storage\": \"django.core.files.storage.FileSystemStorage\", \"name\": \"cache/86/7e/867ee7e177a4284bf034467d00c30ff9.png\", \"size\": [84, 9]}'),('sorl-thumbnail||image||a1bf98d3c94227af61de19fadfb0e8af','{\"storage\": \"django.core.files.storage.FileSystemStorage\", \"name\": \"cache/af/0d/af0d6a3660dde702d15ed3535134b4cb.png\", \"size\": [84, 7]}'),('sorl-thumbnail||image||106afac9c20d2668c85b8d327369bbbe','{\"storage\": \"django.core.files.storage.FileSystemStorage\", \"name\": \"cache/92/f4/92f412dcf6895bd7bd6fe62c8962f08f.png\", \"size\": [84, 8]}'),('sorl-thumbnail||image||fb9268c99a85699c84b72cdf9250403e','{\"storage\": \"django.core.files.storage.FileSystemStorage\", \"name\": \"cache/7d/a5/7da5ef64f83b89cf45860116c417b08d.png\", \"size\": [84, 12]}'),('sorl-thumbnail||image||2231897d63f26b7e45f7c4e0da650f5b','{\"storage\": \"django.core.files.storage.FileSystemStorage\", \"name\": \"images/categoryimage-picture-habanos-cigars-30.png\", \"size\": [128, 90]}'),('sorl-thumbnail||image||cb2830e4aaec3e12472f31c86d315f1b','{\"storage\": \"django.core.files.storage.FileSystemStorage\", \"name\": \"cache/6f/21/6f21f68592b83dd590ba3eabdfd71fc3.png\", \"size\": [128, 90]}'),('sorl-thumbnail||thumbnails||2231897d63f26b7e45f7c4e0da650f5b','[\"cb2830e4aaec3e12472f31c86d315f1b\"]'),('sorl-thumbnail||image||3523768a251db9f1802e6c36add99c63','{\"storage\": \"django.core.files.storage.FileSystemStorage\", \"name\": \"cache/66/c7/66c7c230c99d0dbd45f7dd1f97cdc0e2.png\", \"size\": [150, 19]}'),('sorl-thumbnail||image||10496c8566412525baf5eedba8cf13ac','{\"storage\": \"django.core.files.storage.FileSystemStorage\", \"name\": \"cache/47/76/47769bac017ac807294439b4c120696c.png\", \"size\": [150, 16]}'),('sorl-thumbnail||image||f6a02aa0b513ab489d099bffc87bd927','{\"storage\": \"django.core.files.storage.FileSystemStorage\", \"name\": \"cache/f2/b2/f2b2e9beaf0b8e7098e70b249c5f9be2.png\", \"size\": [150, 97]}'),('sorl-thumbnail||image||0dd895dc05b006be807e8edb1317c6fb','{\"storage\": \"django.core.files.storage.FileSystemStorage\", \"name\": \"images/productimage-picture-cohiba-behike-bhk-52-201.png\", \"size\": [120, 20]}'),('sorl-thumbnail||image||cd18901523ba5df7c88b912a97a1bcff','{\"storage\": \"django.core.files.storage.FileSystemStorage\", \"name\": \"cache/f7/28/f7285a9bb95899c3054f5592afa854d4.png\", \"size\": [150, 25]}'),('sorl-thumbnail||thumbnails||0dd895dc05b006be807e8edb1317c6fb','[\"cd18901523ba5df7c88b912a97a1bcff\"]'),('sorl-thumbnail||image||35b8e81fc42224c57d72443eb2a58396','{\"storage\": \"django.core.files.storage.FileSystemStorage\", \"name\": \"cache/17/8a/178ab7a3c706d30debaf5bb7b22f29b5.png\", \"size\": [50, 8]}'),('sorl-thumbnail||image||688fd4a6bd433e19526ee315b2b757a3','{\"storage\": \"django.core.files.storage.FileSystemStorage\", \"name\": \"cache/f9/ee/f9ee8014a1f9dffd42ad0c6cb15a5975.png\", \"size\": [50, 32]}'),('sorl-thumbnail||image||621ec75fb0a4d64316da0673ff51f8e5','{\"storage\": \"django.core.files.storage.FileSystemStorage\", \"name\": \"cache/81/ff/81fffe263b70207c64bbd303d237c8be.png\", \"size\": [80, 13]}'),('sorl-thumbnail||image||5cdd66f5bc76cacf4c186f84ba78a3e9','{\"storage\": \"django.core.files.storage.FileSystemStorage\", \"name\": \"cache/75/39/75397685ed79d21d8a0be6995bb0423f.png\", \"size\": [80, 51]}'),('sorl-thumbnail||image||6f3d017549588664d72518812b892b71','{\"storage\": \"django.core.files.storage.FileSystemStorage\", \"name\": \"cache/dd/6d/dd6d7c7a9525711f1966a92b891932be.png\", \"size\": [100, 17]}'),('sorl-thumbnail||image||c9fa79a4713f9041d3aa6ff934dc8917','{\"storage\": \"django.core.files.storage.FileSystemStorage\", \"name\": \"cache/98/cf/98cf4311822476997c302c9c0de93c0c.png\", \"size\": [78, 50]}'),('sorl-thumbnail||image||183b1e42cb3e055fb3d56032247df600','{\"storage\": \"django.core.files.storage.FileSystemStorage\", \"name\": \"cache/17/e3/17e31dcf25ce2a4047eccd7243c6671b.png\", \"size\": [100, 13]}'),('sorl-thumbnail||image||df905fb10e900259604e569a8a8d90f4','{\"storage\": \"django.core.files.storage.FileSystemStorage\", \"name\": \"cache/df/52/df529fd76986b74001694284a26991a4.png\", \"size\": [100, 12]}'),('sorl-thumbnail||image||4601abf23da04190cfbd3dfbcd3b6fcc','{\"storage\": \"django.core.files.storage.FileSystemStorage\", \"name\": \"cache/cc/02/cc0239e12d92c8a6b3fa373c93b0ace3.png\", \"size\": [100, 15]}'),('sorl-thumbnail||image||35f5112d2762578e623311cf986d62f7','{\"storage\": \"django.core.files.storage.FileSystemStorage\", \"name\": \"cache/df/96/df96b9bfb8f10d6e72d34dc39396bf8f.png\", \"size\": [150, 97]}'),('sorl-thumbnail||image||fcfd2434704c36dbf4c773087870a26e','{\"storage\": \"django.core.files.storage.FileSystemStorage\", \"name\": \"cache/e5/f8/e5f8fc07798271d1235232fddf5ba053.png\", \"size\": [100, 12]}'),('sorl-thumbnail||image||ef0ad237b980b0617ea936e1eaa4ff03','{\"storage\": \"django.core.files.storage.FileSystemStorage\", \"name\": \"cache/09/8d/098df5199b30bed7b06416313452d3f8.png\", \"size\": [100, 14]}'),('sorl-thumbnail||image||af65788575296f73289531d843f78f1d','{\"storage\": \"django.core.files.storage.FileSystemStorage\", \"name\": \"cache/a3/80/a380524cb85fbe3387647983146f68a7.png\", \"size\": [100, 13]}'),('sorl-thumbnail||image||676692d350a7c427e07319a6b1b2ca66','{\"storage\": \"django.core.files.storage.FileSystemStorage\", \"name\": \"cache/38/0b/380b035487159e3c5035e0c730198c56.png\", \"size\": [150, 97]}');
/*!40000 ALTER TABLE `thumbnail_kvstore` ENABLE KEYS */;
UNLOCK TABLES;
/*!40103 SET TIME_ZONE=@OLD_TIME_ZONE */;

/*!40101 SET SQL_MODE=@OLD_SQL_MODE */;
/*!40014 SET FOREIGN_KEY_CHECKS=@OLD_FOREIGN_KEY_CHECKS */;
/*!40014 SET UNIQUE_CHECKS=@OLD_UNIQUE_CHECKS */;
/*!40101 SET CHARACTER_SET_CLIENT=@OLD_CHARACTER_SET_CLIENT */;
/*!40101 SET CHARACTER_SET_RESULTS=@OLD_CHARACTER_SET_RESULTS */;
/*!40101 SET COLLATION_CONNECTION=@OLD_COLLATION_CONNECTION */;
/*!40111 SET SQL_NOTES=@OLD_SQL_NOTES */;

-- Dump completed on 2011-12-07 16:07:26
